#include <pgmspace.h>

const uint8_t Aerial30[] PROGMEM = {
0x00, 0x00, 0x00, 0x5E, 0x00, 0x00, 0x00, 0x0B, 0x00, 0x00, 0x00, 0x1E, 0x00, 0x00, 0x00, 0x00,
0x00, 0x00, 0x00, 0x16, 0x00, 0x00, 0x00, 0x06, 0x00, 0x00, 0x00, 0x21, 0x00, 0x00, 0x00, 0x16,
0x00, 0x00, 0x00, 0x03, 0x00, 0x00, 0x00, 0x09, 0x00, 0x00, 0x00, 0x16, 0x00, 0x00, 0x00, 0x03,
0x00, 0x00, 0x00, 0x00, 0x00, 0x00, 0x00, 0x22, 0x00, 0x00, 0x00, 0x08, 0x00, 0x00, 0x00, 0x08,
0x00, 0x00, 0x00, 0x0B, 0x00, 0x00, 0x00, 0x16, 0x00, 0x00, 0x00, 0x01, 0x00, 0x00, 0x00, 0x00,
0x00, 0x00, 0x00, 0x23, 0x00, 0x00, 0x00, 0x16, 0x00, 0x00, 0x00, 0x10, 0x00, 0x00, 0x00, 0x11,
0x00, 0x00, 0x00, 0x16, 0x00, 0x00, 0x00, 0x00, 0x00, 0x00, 0x00, 0x00, 0x00, 0x00, 0x00, 0x24,
0x00, 0x00, 0x00, 0x1A, 0x00, 0x00, 0x00, 0x0E, 0x00, 0x00, 0x00, 0x11, 0x00, 0x00, 0x00, 0x17,
0x00, 0x00, 0x00, 0x01, 0x00, 0x00, 0x00, 0x00, 0x00, 0x00, 0x00, 0x25, 0x00, 0x00, 0x00, 0x16,
0x00, 0x00, 0x00, 0x17, 0x00, 0x00, 0x00, 0x1B, 0x00, 0x00, 0x00, 0x16, 0x00, 0x00, 0x00, 0x02,
0x00, 0x00, 0x00, 0x00, 0x00, 0x00, 0x00, 0x26, 0x00, 0x00, 0x00, 0x16, 0x00, 0x00, 0x00, 0x12,
0x00, 0x00, 0x00, 0x14, 0x00, 0x00, 0x00, 0x16, 0x00, 0x00, 0x00, 0x01, 0x00, 0x00, 0x00, 0x00,
0x00, 0x00, 0x00, 0x27, 0x00, 0x00, 0x00, 0x08, 0x00, 0x00, 0x00, 0x03, 0x00, 0x00, 0x00, 0x06,
0x00, 0x00, 0x00, 0x16, 0x00, 0x00, 0x00, 0x01, 0x00, 0x00, 0x00, 0x00, 0x00, 0x00, 0x00, 0x28,
0x00, 0x00, 0x00, 0x1C, 0x00, 0x00, 0x00, 0x08, 0x00, 0x00, 0x00, 0x0A, 0x00, 0x00, 0x00, 0x16,
0x00, 0x00, 0x00, 0x02, 0x00, 0x00, 0x00, 0x00, 0x00, 0x00, 0x00, 0x29, 0x00, 0x00, 0x00, 0x1C,
0x00, 0x00, 0x00, 0x08, 0x00, 0x00, 0x00, 0x0A, 0x00, 0x00, 0x00, 0x16, 0x00, 0x00, 0x00, 0x00,
0x00, 0x00, 0x00, 0x00, 0x00, 0x00, 0x00, 0x2A, 0x00, 0x00, 0x00, 0x09, 0x00, 0x00, 0x00, 0x0A,
0x00, 0x00, 0x00, 0x0C, 0x00, 0x00, 0x00, 0x16, 0x00, 0x00, 0x00, 0x01, 0x00, 0x00, 0x00, 0x00,
0x00, 0x00, 0x00, 0x2B, 0x00, 0x00, 0x00, 0x0F, 0x00, 0x00, 0x00, 0x0F, 0x00, 0x00, 0x00, 0x12,
0x00, 0x00, 0x00, 0x12, 0x00, 0x00, 0x00, 0x01, 0x00, 0x00, 0x00, 0x00, 0x00, 0x00, 0x00, 0x2C,
0x00, 0x00, 0x00, 0x07, 0x00, 0x00, 0x00, 0x03, 0x00, 0x00, 0x00, 0x08, 0x00, 0x00, 0x00, 0x03,
0x00, 0x00, 0x00, 0x03, 0x00, 0x00, 0x00, 0x00, 0x00, 0x00, 0x00, 0x2D, 0x00, 0x00, 0x00, 0x03,
0x00, 0x00, 0x00, 0x08, 0x00, 0x00, 0x00, 0x0A, 0x00, 0x00, 0x00, 0x09, 0x00, 0x00, 0x00, 0x01,
0x00, 0x00, 0x00, 0x00, 0x00, 0x00, 0x00, 0x2E, 0x00, 0x00, 0x00, 0x03, 0x00, 0x00, 0x00, 0x03,
0x00, 0x00, 0x00, 0x08, 0x00, 0x00, 0x00, 0x03, 0x00, 0x00, 0x00, 0x03, 0x00, 0x00, 0x00, 0x00,
0x00, 0x00, 0x00, 0x2F, 0x00, 0x00, 0x00, 0x16, 0x00, 0x00, 0x00, 0x09, 0x00, 0x00, 0x00, 0x08,
0x00, 0x00, 0x00, 0x16, 0x00, 0x00, 0x00, 0x00, 0x00, 0x00, 0x00, 0x00, 0x00, 0x00, 0x00, 0x30,
0x00, 0x00, 0x00, 0x16, 0x00, 0x00, 0x00, 0x0F, 0x00, 0x00, 0x00, 0x11, 0x00, 0x00, 0x00, 0x16,
0x00, 0x00, 0x00, 0x01, 0x00, 0x00, 0x00, 0x00, 0x00, 0x00, 0x00, 0x31, 0x00, 0x00, 0x00, 0x16,
0x00, 0x00, 0x00, 0x08, 0x00, 0x00, 0x00, 0x11, 0x00, 0x00, 0x00, 0x16, 0x00, 0x00, 0x00, 0x03,
0x00, 0x00, 0x00, 0x00, 0x00, 0x00, 0x00, 0x32, 0x00, 0x00, 0x00, 0x16, 0x00, 0x00, 0x00, 0x0E,
0x00, 0x00, 0x00, 0x11, 0x00, 0x00, 0x00, 0x16, 0x00, 0x00, 0x00, 0x01, 0x00, 0x00, 0x00, 0x00,
0x00, 0x00, 0x00, 0x33, 0x00, 0x00, 0x00, 0x16, 0x00, 0x00, 0x00, 0x0F, 0x00, 0x00, 0x00, 0x11,
0x00, 0x00, 0x00, 0x16, 0x00, 0x00, 0x00, 0x01, 0x00, 0x00, 0x00, 0x00, 0x00, 0x00, 0x00, 0x34,
0x00, 0x00, 0x00, 0x16, 0x00, 0x00, 0x00, 0x0F, 0x00, 0x00, 0x00, 0x11, 0x00, 0x00, 0x00, 0x16,
0x00, 0x00, 0x00, 0x01, 0x00, 0x00, 0x00, 0x00, 0x00, 0x00, 0x00, 0x35, 0x00, 0x00, 0x00, 0x16,
0x00, 0x00, 0x00, 0x0F, 0x00, 0x00, 0x00, 0x11, 0x00, 0x00, 0x00, 0x16, 0x00, 0x00, 0x00, 0x01,
0x00, 0x00, 0x00, 0x00, 0x00, 0x00, 0x00, 0x36, 0x00, 0x00, 0x00, 0x16, 0x00, 0x00, 0x00, 0x0F,
0x00, 0x00, 0x00, 0x11, 0x00, 0x00, 0x00, 0x16, 0x00, 0x00, 0x00, 0x01, 0x00, 0x00, 0x00, 0x00,
0x00, 0x00, 0x00, 0x37, 0x00, 0x00, 0x00, 0x16, 0x00, 0x00, 0x00, 0x0E, 0x00, 0x00, 0x00, 0x11,
0x00, 0x00, 0x00, 0x16, 0x00, 0x00, 0x00, 0x02, 0x00, 0x00, 0x00, 0x00, 0x00, 0x00, 0x00, 0x38,
0x00, 0x00, 0x00, 0x16, 0x00, 0x00, 0x00, 0x0F, 0x00, 0x00, 0x00, 0x11, 0x00, 0x00, 0x00, 0x16,
0x00, 0x00, 0x00, 0x01, 0x00, 0x00, 0x00, 0x00, 0x00, 0x00, 0x00, 0x39, 0x00, 0x00, 0x00, 0x16,
0x00, 0x00, 0x00, 0x0F, 0x00, 0x00, 0x00, 0x11, 0x00, 0x00, 0x00, 0x16, 0x00, 0x00, 0x00, 0x01,
0x00, 0x00, 0x00, 0x00, 0x00, 0x00, 0x00, 0x3A, 0x00, 0x00, 0x00, 0x10, 0x00, 0x00, 0x00, 0x03,
0x00, 0x00, 0x00, 0x08, 0x00, 0x00, 0x00, 0x10, 0x00, 0x00, 0x00, 0x03, 0x00, 0x00, 0x00, 0x00,
0x00, 0x00, 0x00, 0x3B, 0x00, 0x00, 0x00, 0x14, 0x00, 0x00, 0x00, 0x03, 0x00, 0x00, 0x00, 0x08,
0x00, 0x00, 0x00, 0x10, 0x00, 0x00, 0x00, 0x03, 0x00, 0x00, 0x00, 0x00, 0x00, 0x00, 0x00, 0x3C,
0x00, 0x00, 0x00, 0x0F, 0x00, 0x00, 0x00, 0x0E, 0x00, 0x00, 0x00, 0x12, 0x00, 0x00, 0x00, 0x12,
0x00, 0x00, 0x00, 0x02, 0x00, 0x00, 0x00, 0x00, 0x00, 0x00, 0x00, 0x3D, 0x00, 0x00, 0x00, 0x09,
0x00, 0x00, 0x00, 0x0F, 0x00, 0x00, 0x00, 0x12, 0x00, 0x00, 0x00, 0x0F, 0x00, 0x00, 0x00, 0x01,
0x00, 0x00, 0x00, 0x00, 0x00, 0x00, 0x00, 0x3E, 0x00, 0x00, 0x00, 0x0F, 0x00, 0x00, 0x00, 0x0E,
0x00, 0x00, 0x00, 0x12, 0x00, 0x00, 0x00, 0x12, 0x00, 0x00, 0x00, 0x02, 0x00, 0x00, 0x00, 0x00,
0x00, 0x00, 0x00, 0x3F, 0x00, 0x00, 0x00, 0x16, 0x00, 0x00, 0x00, 0x0F, 0x00, 0x00, 0x00, 0x11,
0x00, 0x00, 0x00, 0x16, 0x00, 0x00, 0x00, 0x01, 0x00, 0x00, 0x00, 0x00, 0x00, 0x00, 0x00, 0x40,
0x00, 0x00, 0x00, 0x1C, 0x00, 0x00, 0x00, 0x1C, 0x00, 0x00, 0x00, 0x1E, 0x00, 0x00, 0x00, 0x16,
0x00, 0x00, 0x00, 0x02, 0x00, 0x00, 0x00, 0x00, 0x00, 0x00, 0x00, 0x41, 0x00, 0x00, 0x00, 0x16,
0x00, 0x00, 0x00, 0x15, 0x00, 0x00, 0x00, 0x13, 0x00, 0x00, 0x00, 0x16, 0xFF, 0xFF, 0xFF, 0xFF,
0x00, 0x00, 0x00, 0x00, 0x00, 0x00, 0x00, 0x42, 0x00, 0x00, 0x00, 0x16, 0x00, 0x00, 0x00, 0x11,
0x00, 0x00, 0x00, 0x14, 0x00, 0x00, 0x00, 0x16, 0x00, 0x00, 0x00, 0x02, 0x00, 0x00, 0x00, 0x00,
0x00, 0x00, 0x00, 0x43, 0x00, 0x00, 0x00, 0x16, 0x00, 0x00, 0x00, 0x14, 0x00, 0x00, 0x00, 0x16,
0x00, 0x00, 0x00, 0x16, 0x00, 0x00, 0x00, 0x01, 0x00, 0x00, 0x00, 0x00, 0x00, 0x00, 0x00, 0x44,
0x00, 0x00, 0x00, 0x16, 0x00, 0x00, 0x00, 0x13, 0x00, 0x00, 0x00, 0x16, 0x00, 0x00, 0x00, 0x16,
0x00, 0x00, 0x00, 0x02, 0x00, 0x00, 0x00, 0x00, 0x00, 0x00, 0x00, 0x45, 0x00, 0x00, 0x00, 0x16,
0x00, 0x00, 0x00, 0x10, 0x00, 0x00, 0x00, 0x14, 0x00, 0x00, 0x00, 0x16, 0x00, 0x00, 0x00, 0x02,
0x00, 0x00, 0x00, 0x00, 0x00, 0x00, 0x00, 0x46, 0x00, 0x00, 0x00, 0x16, 0x00, 0x00, 0x00, 0x0F,
0x00, 0x00, 0x00, 0x12, 0x00, 0x00, 0x00, 0x16, 0x00, 0x00, 0x00, 0x02, 0x00, 0x00, 0x00, 0x00,
0x00, 0x00, 0x00, 0x47, 0x00, 0x00, 0x00, 0x16, 0x00, 0x00, 0x00, 0x14, 0x00, 0x00, 0x00, 0x17,
0x00, 0x00, 0x00, 0x16, 0x00, 0x00, 0x00, 0x01, 0x00, 0x00, 0x00, 0x00, 0x00, 0x00, 0x00, 0x48,
0x00, 0x00, 0x00, 0x16, 0x00, 0x00, 0x00, 0x12, 0x00, 0x00, 0x00, 0x16, 0x00, 0x00, 0x00, 0x16,
0x00, 0x00, 0x00, 0x02, 0x00, 0x00, 0x00, 0x00, 0x00, 0x00, 0x00, 0x49, 0x00, 0x00, 0x00, 0x16,
0x00, 0x00, 0x00, 0x03, 0x00, 0x00, 0x00, 0x07, 0x00, 0x00, 0x00, 0x16, 0x00, 0x00, 0x00, 0x02,
0x00, 0x00, 0x00, 0x00, 0x00, 0x00, 0x00, 0x4A, 0x00, 0x00, 0x00, 0x16, 0x00, 0x00, 0x00, 0x0C,
0x00, 0x00, 0x00, 0x0F, 0x00, 0x00, 0x00, 0x16, 0x00, 0x00, 0x00, 0x01, 0x00, 0x00, 0x00, 0x00,
0x00, 0x00, 0x00, 0x4B, 0x00, 0x00, 0x00, 0x16, 0x00, 0x00, 0x00, 0x12, 0x00, 0x00, 0x00, 0x14,
0x00, 0x00, 0x00, 0x16, 0x00, 0x00, 0x00, 0x02, 0x00, 0x00, 0x00, 0x00, 0x00, 0x00, 0x00, 0x4C,
0x00, 0x00, 0x00, 0x16, 0x00, 0x00, 0x00, 0x0E, 0x00, 0x00, 0x00, 0x11, 0x00, 0x00, 0x00, 0x16,
0x00, 0x00, 0x00, 0x02, 0x00, 0x00, 0x00, 0x00, 0x00, 0x00, 0x00, 0x4D, 0x00, 0x00, 0x00, 0x16,
0x00, 0x00, 0x00, 0x15, 0x00, 0x00, 0x00, 0x19, 0x00, 0x00, 0x00, 0x16, 0x00, 0x00, 0x00, 0x02,
0x00, 0x00, 0x00, 0x00, 0x00, 0x00, 0x00, 0x4E, 0x00, 0x00, 0x00, 0x16, 0x00, 0x00, 0x00, 0x12,
0x00, 0x00, 0x00, 0x16, 0x00, 0x00, 0x00, 0x16, 0x00, 0x00, 0x00, 0x02, 0x00, 0x00, 0x00, 0x00,
0x00, 0x00, 0x00, 0x4F, 0x00, 0x00, 0x00, 0x16, 0x00, 0x00, 0x00, 0x15, 0x00, 0x00, 0x00, 0x17,
0x00, 0x00, 0x00, 0x16, 0x00, 0x00, 0x00, 0x01, 0x00, 0x00, 0x00, 0x00, 0x00, 0x00, 0x00, 0x50,
0x00, 0x00, 0x00, 0x16, 0x00, 0x00, 0x00, 0x11, 0x00, 0x00, 0x00, 0x14, 0x00, 0x00, 0x00, 0x16,
0x00, 0x00, 0x00, 0x02, 0x00, 0x00, 0x00, 0x00, 0x00, 0x00, 0x00, 0x51, 0x00, 0x00, 0x00, 0x18,
0x00, 0x00, 0x00, 0x15, 0x00, 0x00, 0x00, 0x17, 0x00, 0x00, 0x00, 0x16, 0x00, 0x00, 0x00, 0x01,
0x00, 0x00, 0x00, 0x00, 0x00, 0x00, 0x00, 0x52, 0x00, 0x00, 0x00, 0x16, 0x00, 0x00, 0x00, 0x14,
0x00, 0x00, 0x00, 0x16, 0x00, 0x00, 0x00, 0x16, 0x00, 0x00, 0x00, 0x02, 0x00, 0x00, 0x00, 0x00,
0x00, 0x00, 0x00, 0x53, 0x00, 0x00, 0x00, 0x16, 0x00, 0x00, 0x00, 0x11, 0x00, 0x00, 0x00, 0x14,
0x00, 0x00, 0x00, 0x16, 0x00, 0x00, 0x00, 0x01, 0x00, 0x00, 0x00, 0x00, 0x00, 0x00, 0x00, 0x54,
0x00, 0x00, 0x00, 0x16, 0x00, 0x00, 0x00, 0x11, 0x00, 0x00, 0x00, 0x13, 0x00, 0x00, 0x00, 0x16,
0x00, 0x00, 0x00, 0x01, 0x00, 0x00, 0x00, 0x00, 0x00, 0x00, 0x00, 0x55, 0x00, 0x00, 0x00, 0x16,
0x00, 0x00, 0x00, 0x12, 0x00, 0x00, 0x00, 0x16, 0x00, 0x00, 0x00, 0x16, 0x00, 0x00, 0x00, 0x02,
0x00, 0x00, 0x00, 0x00, 0x00, 0x00, 0x00, 0x56, 0x00, 0x00, 0x00, 0x16, 0x00, 0x00, 0x00, 0x15,
0x00, 0x00, 0x00, 0x13, 0x00, 0x00, 0x00, 0x16, 0xFF, 0xFF, 0xFF, 0xFF, 0x00, 0x00, 0x00, 0x00,
0x00, 0x00, 0x00, 0x57, 0x00, 0x00, 0x00, 0x16, 0x00, 0x00, 0x00, 0x1D, 0x00, 0x00, 0x00, 0x1E,
0x00, 0x00, 0x00, 0x16, 0x00, 0x00, 0x00, 0x00, 0x00, 0x00, 0x00, 0x00, 0x00, 0x00, 0x00, 0x58,
0x00, 0x00, 0x00, 0x16, 0x00, 0x00, 0x00, 0x13, 0x00, 0x00, 0x00, 0x13, 0x00, 0x00, 0x00, 0x16,
0x00, 0x00, 0x00, 0x00, 0x00, 0x00, 0x00, 0x00, 0x00, 0x00, 0x00, 0x59, 0x00, 0x00, 0x00, 0x16,
0x00, 0x00, 0x00, 0x13, 0x00, 0x00, 0x00, 0x13, 0x00, 0x00, 0x00, 0x16, 0x00, 0x00, 0x00, 0x00,
0x00, 0x00, 0x00, 0x00, 0x00, 0x00, 0x00, 0x5A, 0x00, 0x00, 0x00, 0x16, 0x00, 0x00, 0x00, 0x11,
0x00, 0x00, 0x00, 0x12, 0x00, 0x00, 0x00, 0x16, 0x00, 0x00, 0x00, 0x00, 0x00, 0x00, 0x00, 0x00,
0x00, 0x00, 0x00, 0x5B, 0x00, 0x00, 0x00, 0x1C, 0x00, 0x00, 0x00, 0x06, 0x00, 0x00, 0x00, 0x08,
0x00, 0x00, 0x00, 0x16, 0x00, 0x00, 0x00, 0x02, 0x00, 0x00, 0x00, 0x00, 0x00, 0x00, 0x00, 0x5C,
0x00, 0x00, 0x00, 0x16, 0x00, 0x00, 0x00, 0x09, 0x00, 0x00, 0x00, 0x08, 0x00, 0x00, 0x00, 0x16,
0x00, 0x00, 0x00, 0x00, 0x00, 0x00, 0x00, 0x00, 0x00, 0x00, 0x00, 0x5D, 0x00, 0x00, 0x00, 0x1C,
0x00, 0x00, 0x00, 0x06, 0x00, 0x00, 0x00, 0x08, 0x00, 0x00, 0x00, 0x16, 0x00, 0x00, 0x00, 0x00,
0x00, 0x00, 0x00, 0x00, 0x00, 0x00, 0x00, 0x5E, 0x00, 0x00, 0x00, 0x0C, 0x00, 0x00, 0x00, 0x0C,
0x00, 0x00, 0x00, 0x0E, 0x00, 0x00, 0x00, 0x16, 0x00, 0x00, 0x00, 0x01, 0x00, 0x00, 0x00, 0x00,
0x00, 0x00, 0x00, 0x5F, 0x00, 0x00, 0x00, 0x03, 0x00, 0x00, 0x00, 0x12, 0x00, 0x00, 0x00, 0x11,
0xFF, 0xFF, 0xFF, 0xFD, 0xFF, 0xFF, 0xFF, 0xFF, 0x00, 0x00, 0x00, 0x00, 0x00, 0x00, 0x00, 0x60,
0x00, 0x00, 0x00, 0x04, 0x00, 0x00, 0x00, 0x05, 0x00, 0x00, 0x00, 0x0A, 0x00, 0x00, 0x00, 0x16,
0x00, 0x00, 0x00, 0x01, 0x00, 0x00, 0x00, 0x00, 0x00, 0x00, 0x00, 0x61, 0x00, 0x00, 0x00, 0x10,
0x00, 0x00, 0x00, 0x0E, 0x00, 0x00, 0x00, 0x10, 0x00, 0x00, 0x00, 0x10, 0x00, 0x00, 0x00, 0x01,
0x00, 0x00, 0x00, 0x00, 0x00, 0x00, 0x00, 0x62, 0x00, 0x00, 0x00, 0x16, 0x00, 0x00, 0x00, 0x0E,
0x00, 0x00, 0x00, 0x11, 0x00, 0x00, 0x00, 0x16, 0x00, 0x00, 0x00, 0x02, 0x00, 0x00, 0x00, 0x00,
0x00, 0x00, 0x00, 0x63, 0x00, 0x00, 0x00, 0x10, 0x00, 0x00, 0x00, 0x0D, 0x00, 0x00, 0x00, 0x0F,
0x00, 0x00, 0x00, 0x10, 0x00, 0x00, 0x00, 0x01, 0x00, 0x00, 0x00, 0x00, 0x00, 0x00, 0x00, 0x64,
0x00, 0x00, 0x00, 0x16, 0x00, 0x00, 0x00, 0x0E, 0x00, 0x00, 0x00, 0x11, 0x00, 0x00, 0x00, 0x16,
0x00, 0x00, 0x00, 0x01, 0x00, 0x00, 0x00, 0x00, 0x00, 0x00, 0x00, 0x65, 0x00, 0x00, 0x00, 0x10,
0x00, 0x00, 0x00, 0x0E, 0x00, 0x00, 0x00, 0x10, 0x00, 0x00, 0x00, 0x10, 0x00, 0x00, 0x00, 0x01,
0x00, 0x00, 0x00, 0x00, 0x00, 0x00, 0x00, 0x66, 0x00, 0x00, 0x00, 0x16, 0x00, 0x00, 0x00, 0x0A,
0x00, 0x00, 0x00, 0x08, 0x00, 0x00, 0x00, 0x16, 0x00, 0x00, 0x00, 0x00, 0x00, 0x00, 0x00, 0x00,
0x00, 0x00, 0x00, 0x67, 0x00, 0x00, 0x00, 0x16, 0x00, 0x00, 0x00, 0x0E, 0x00, 0x00, 0x00, 0x11,
0x00, 0x00, 0x00, 0x10, 0x00, 0x00, 0x00, 0x01, 0x00, 0x00, 0x00, 0x00, 0x00, 0x00, 0x00, 0x68,
0x00, 0x00, 0x00, 0x16, 0x00, 0x00, 0x00, 0x0D, 0x00, 0x00, 0x00, 0x11, 0x00, 0x00, 0x00, 0x16,
0x00, 0x00, 0x00, 0x02, 0x00, 0x00, 0x00, 0x00, 0x00, 0x00, 0x00, 0x69, 0x00, 0x00, 0x00, 0x16,
0x00, 0x00, 0x00, 0x03, 0x00, 0x00, 0x00, 0x07, 0x00, 0x00, 0x00, 0x16, 0x00, 0x00, 0x00, 0x02,
0x00, 0x00, 0x00, 0x00, 0x00, 0x00, 0x00, 0x6A, 0x00, 0x00, 0x00, 0x1C, 0x00, 0x00, 0x00, 0x07,
0x00, 0x00, 0x00, 0x07, 0x00, 0x00, 0x00, 0x16, 0xFF, 0xFF, 0xFF, 0xFE, 0x00, 0x00, 0x00, 0x00,
0x00, 0x00, 0x00, 0x6B, 0x00, 0x00, 0x00, 0x16, 0x00, 0x00, 0x00, 0x0D, 0x00, 0x00, 0x00, 0x0F,
0x00, 0x00, 0x00, 0x16, 0x00, 0x00, 0x00, 0x02, 0x00, 0x00, 0x00, 0x00, 0x00, 0x00, 0x00, 0x6C,
0x00, 0x00, 0x00, 0x16, 0x00, 0x00, 0x00, 0x03, 0x00, 0x00, 0x00, 0x07, 0x00, 0x00, 0x00, 0x16,
0x00, 0x00, 0x00, 0x02, 0x00, 0x00, 0x00, 0x00, 0x00, 0x00, 0x00, 0x6D, 0x00, 0x00, 0x00, 0x10,
0x00, 0x00, 0x00, 0x15, 0x00, 0x00, 0x00, 0x19, 0x00, 0x00, 0x00, 0x10, 0x00, 0x00, 0x00, 0x02,
0x00, 0x00, 0x00, 0x00, 0x00, 0x00, 0x00, 0x6E, 0x00, 0x00, 0x00, 0x10, 0x00, 0x00, 0x00, 0x0D,
0x00, 0x00, 0x00, 0x11, 0x00, 0x00, 0x00, 0x10, 0x00, 0x00, 0x00, 0x02, 0x00, 0x00, 0x00, 0x00,
0x00, 0x00, 0x00, 0x6F, 0x00, 0x00, 0x00, 0x10, 0x00, 0x00, 0x00, 0x0E, 0x00, 0x00, 0x00, 0x10,
0x00, 0x00, 0x00, 0x10, 0x00, 0x00, 0x00, 0x01, 0x00, 0x00, 0x00, 0x00, 0x00, 0x00, 0x00, 0x70,
0x00, 0x00, 0x00, 0x16, 0x00, 0x00, 0x00, 0x0E, 0x00, 0x00, 0x00, 0x11, 0x00, 0x00, 0x00, 0x10,
0x00, 0x00, 0x00, 0x02, 0x00, 0x00, 0x00, 0x00, 0x00, 0x00, 0x00, 0x71, 0x00, 0x00, 0x00, 0x16,
0x00, 0x00, 0x00, 0x0E, 0x00, 0x00, 0x00, 0x11, 0x00, 0x00, 0x00, 0x10, 0x00, 0x00, 0x00, 0x01,
0x00, 0x00, 0x00, 0x00, 0x00, 0x00, 0x00, 0x72, 0x00, 0x00, 0x00, 0x10, 0x00, 0x00, 0x00, 0x08,
0x00, 0x00, 0x00, 0x0A, 0x00, 0x00, 0x00, 0x10, 0x00, 0x00, 0x00, 0x02, 0x00, 0x00, 0x00, 0x00,
0x00, 0x00, 0x00, 0x73, 0x00, 0x00, 0x00, 0x10, 0x00, 0x00, 0x00, 0x0D, 0x00, 0x00, 0x00, 0x0F,
0x00, 0x00, 0x00, 0x10, 0x00, 0x00, 0x00, 0x01, 0x00, 0x00, 0x00, 0x00, 0x00, 0x00, 0x00, 0x74,
0x00, 0x00, 0x00, 0x16, 0x00, 0x00, 0x00, 0x08, 0x00, 0x00, 0x00, 0x08, 0x00, 0x00, 0x00, 0x16,
0x00, 0x00, 0x00, 0x00, 0x00, 0x00, 0x00, 0x00, 0x00, 0x00, 0x00, 0x75, 0x00, 0x00, 0x00, 0x10,
0x00, 0x00, 0x00, 0x0D, 0x00, 0x00, 0x00, 0x11, 0x00, 0x00, 0x00, 0x10, 0x00, 0x00, 0x00, 0x02,
0x00, 0x00, 0x00, 0x00, 0x00, 0x00, 0x00, 0x76, 0x00, 0x00, 0x00, 0x10, 0x00, 0x00, 0x00, 0x0F,
0x00, 0x00, 0x00, 0x0F, 0x00, 0x00, 0x00, 0x10, 0x00, 0x00, 0x00, 0x00, 0x00, 0x00, 0x00, 0x00,
0x00, 0x00, 0x00, 0x77, 0x00, 0x00, 0x00, 0x10, 0x00, 0x00, 0x00, 0x17, 0x00, 0x00, 0x00, 0x15,
0x00, 0x00, 0x00, 0x10, 0xFF, 0xFF, 0xFF, 0xFF, 0x00, 0x00, 0x00, 0x00, 0x00, 0x00, 0x00, 0x78,
0x00, 0x00, 0x00, 0x10, 0x00, 0x00, 0x00, 0x0E, 0x00, 0x00, 0x00, 0x0E, 0x00, 0x00, 0x00, 0x10,
0x00, 0x00, 0x00, 0x00, 0x00, 0x00, 0x00, 0x00, 0x00, 0x00, 0x00, 0x79, 0x00, 0x00, 0x00, 0x16,
0x00, 0x00, 0x00, 0x0F, 0x00, 0x00, 0x00, 0x0F, 0x00, 0x00, 0x00, 0x10, 0x00, 0x00, 0x00, 0x00,
0x00, 0x00, 0x00, 0x00, 0x00, 0x00, 0x00, 0x7A, 0x00, 0x00, 0x00, 0x10, 0x00, 0x00, 0x00, 0x0E,
0x00, 0x00, 0x00, 0x0F, 0x00, 0x00, 0x00, 0x10, 0x00, 0x00, 0x00, 0x00, 0x00, 0x00, 0x00, 0x00,
0x00, 0x00, 0x00, 0x7B, 0x00, 0x00, 0x00, 0x1C, 0x00, 0x00, 0x00, 0x09, 0x00, 0x00, 0x00, 0x0A,
0x00, 0x00, 0x00, 0x16, 0x00, 0x00, 0x00, 0x01, 0x00, 0x00, 0x00, 0x00, 0x00, 0x00, 0x00, 0x7C,
0x00, 0x00, 0x00, 0x1C, 0x00, 0x00, 0x00, 0x02, 0x00, 0x00, 0x00, 0x08, 0x00, 0x00, 0x00, 0x16,
0x00, 0x00, 0x00, 0x03, 0x00, 0x00, 0x00, 0x00, 0x00, 0x00, 0x00, 0x7D, 0x00, 0x00, 0x00, 0x1C,
0x00, 0x00, 0x00, 0x09, 0x00, 0x00, 0x00, 0x0A, 0x00, 0x00, 0x00, 0x16, 0x00, 0x00, 0x00, 0x00,
0x00, 0x00, 0x00, 0x00, 0x00, 0x00, 0x00, 0x7E, 0x00, 0x00, 0x00, 0x06, 0x00, 0x00, 0x00, 0x10,
0x00, 0x00, 0x00, 0x12, 0x00, 0x00, 0x00, 0x0D, 0x00, 0x00, 0x00, 0x01, 0x00, 0x00, 0x00, 0x00,
0xFF, 0xFF, 0xFF, 0xFF, 0xFF, 0xFF, 0xFF, 0xFF, 0xFF, 0xFF, 0xFF, 0xFF, 0xFF, 0xFF, 0xFF, 0xF5,
0xFF, 0xF5, 0xE0, 0xFF, 0xDF, 0xCB, 0xFF, 0xCA, 0xB6, 0xFF, 0xB5, 0xA0, 0xFF, 0x9F, 0x8B, 0xFF,
0x8A, 0x76, 0xFF, 0x75, 0x60, 0xFF, 0x5F, 0x4B, 0xFF, 0x4A, 0x36, 0xFF, 0x35, 0x20, 0xFF, 0x1F,
0x0B, 0xFF, 0x0A, 0x00, 0x00, 0x00, 0x00, 0x00, 0x00, 0xFF, 0xFF, 0xFF, 0xFF, 0xFF, 0xFF, 0xFF,
0xFF, 0xFF, 0xFF, 0xFF, 0xFF, 0x00, 0x00, 0xFF, 0xFF, 0xFF, 0xFF, 0xFF, 0xFF, 0x00, 0x00, 0xFF,
0xFF, 0xFF, 0xFF, 0xFF, 0xFF, 0x00, 0x00, 0xFF, 0xFF, 0xFF, 0xFE, 0xFF, 0xFE, 0x00, 0x00, 0xFE,
0xFF, 0xFE, 0xDE, 0xFF, 0xE0, 0x00, 0x00, 0xDE, 0xFF, 0xDE, 0xB2, 0xFF, 0xB9, 0x00, 0x00, 0xB3,
0xFF, 0xB4, 0x86, 0xFF, 0x92, 0x00, 0x00, 0x88, 0xFF, 0x8A, 0x5A, 0xFF, 0x6B, 0x00, 0x00, 0x5D,
0xFF, 0x60, 0x00, 0x00, 0x00, 0x00, 0x00, 0x1D, 0xFF, 0xFF, 0xEA, 0x00, 0x00, 0x26, 0xFF, 0xFF,
0xE2, 0x00, 0x00, 0x00, 0x00, 0x00, 0x00, 0x58, 0xFF, 0xFF, 0xB0, 0x00, 0x00, 0x60, 0xFF, 0xFF,
0xA8, 0x00, 0x00, 0x00, 0x00, 0x00, 0x00, 0x92, 0xFF, 0xFF, 0x75, 0x00, 0x00, 0x9A, 0xFF, 0xFF,
0x6D, 0x00, 0x00, 0x00, 0x00, 0x00, 0x00, 0xCD, 0xFF, 0xFF, 0x3B, 0x00, 0x00, 0xD5, 0xFF, 0xFF,
0x33, 0x00, 0x00, 0x00, 0x00, 0x00, 0x0B, 0xFB, 0xFF, 0xF9, 0x07, 0x00, 0x10, 0xFE, 0xFF, 0xF4,
0x04, 0x00, 0xFF, 0xFF, 0xFF, 0xFF, 0xFF, 0xFF, 0xFF, 0xFF, 0xFF, 0xFF, 0xFF, 0xFF, 0xFF, 0xFF,
0xFF, 0xFF, 0xFF, 0xFF, 0xFF, 0xFF, 0xFF, 0xFF, 0xFF, 0xFF, 0xFF, 0xFF, 0xFF, 0xFF, 0xFF, 0xFF,
0xFF, 0xFF, 0xFF, 0xFF, 0xFF, 0xFF, 0xFF, 0xFF, 0xFF, 0xFF, 0xFF, 0xFF, 0xFF, 0xFF, 0xFF, 0xFF,
0xFF, 0xFF, 0x00, 0x00, 0x00, 0x00, 0xEC, 0xFF, 0xFF, 0x1A, 0x00, 0x02, 0xF2, 0xFF, 0xFF, 0x13,
0x00, 0x00, 0x00, 0x00, 0x00, 0x28, 0xFF, 0xFF, 0xE0, 0x00, 0x00, 0x30, 0xFF, 0xFF, 0xD8, 0x00,
0x00, 0x00, 0x00, 0x00, 0x00, 0x62, 0xFF, 0xFF, 0xA5, 0x00, 0x00, 0x6A, 0xFF, 0xFF, 0x9D, 0x00,
0x00, 0x00, 0x00, 0x00, 0x00, 0x9D, 0xFF, 0xFF, 0x6B, 0x00, 0x00, 0xA5, 0xFF, 0xFF, 0x63, 0x00,
0x00, 0x00, 0x00, 0x00, 0x00, 0xD7, 0xFF, 0xFF, 0x31, 0x00, 0x00, 0xDF, 0xFF, 0xFF, 0x29, 0x00,
0x00, 0x00, 0xFF, 0xFF, 0xFF, 0xFF, 0xFF, 0xFF, 0xFF, 0xFF, 0xFF, 0xFF, 0xFF, 0xFF, 0xFF, 0xFF,
0xFF, 0xFF, 0xFF, 0xFF, 0xFF, 0xFF, 0xFF, 0xFF, 0xFF, 0xFF, 0xFF, 0xFF, 0xFF, 0xFF, 0xFF, 0xFF,
0xFF, 0xFF, 0xFF, 0xFF, 0xFF, 0xFF, 0xFF, 0xFF, 0xFF, 0xFF, 0xFF, 0xFF, 0xFF, 0xFF, 0xFF, 0xFF,
0xFF, 0xFF, 0x00, 0x00, 0xC2, 0xFF, 0xFF, 0x46, 0x00, 0x00, 0xCA, 0xFF, 0xFF, 0x3E, 0x00, 0x00,
0x00, 0x00, 0x00, 0x05, 0xF6, 0xFF, 0xFD, 0x0E, 0x00, 0x09, 0xFA, 0xFF, 0xFA, 0x09, 0x00, 0x00,
0x00, 0x00, 0x00, 0x36, 0xFF, 0xFF, 0xD2, 0x00, 0x00, 0x3E, 0xFF, 0xFF, 0xCA, 0x00, 0x00, 0x00,
0x00, 0x00, 0x00, 0x70, 0xFF, 0xFF, 0x98, 0x00, 0x00, 0x78, 0xFF, 0xFF, 0x90, 0x00, 0x00, 0x00,
0x00, 0x00, 0x00, 0xAA, 0xFF, 0xFF, 0x5E, 0x00, 0x00, 0xB2, 0xFF, 0xFF, 0x56, 0x00, 0x00, 0x00,
0x00, 0x00, 0x00, 0xE3, 0xFF, 0xFF, 0x24, 0x00, 0x00, 0xEA, 0xFF, 0xFF, 0x1C, 0x00, 0x00, 0x00,
0x00, 0x00, 0x00, 0x00, 0x00, 0x00, 0x00, 0x00, 0xFF, 0xFF, 0x00, 0x00, 0x00, 0x00, 0x00, 0x00,
0x00, 0x00, 0x10, 0x73, 0xBF, 0xEC, 0xFF, 0xFF, 0xE1, 0xA3, 0x2A, 0x00, 0x00, 0x00, 0x00, 0x35,
0xE7, 0xFF, 0xFF, 0xFF, 0xFF, 0xFF, 0xFF, 0xFF, 0xFA, 0x61, 0x00, 0x00, 0x1A, 0xEF, 0xFF, 0xFF,
0xFF, 0xFF, 0xFF, 0xFF, 0xFF, 0xFF, 0xFF, 0xFB, 0x2C, 0x00, 0x96, 0xFF, 0xFF, 0xF5, 0x79, 0x1F,
0xFF, 0xFF, 0x2A, 0xCA, 0xFF, 0xFF, 0x9F, 0x00, 0xE1, 0xFF, 0xFF, 0x5C, 0x00, 0x00, 0xFF, 0xFF,
0x00, 0x29, 0xFF, 0xFF, 0xE5, 0x00, 0xF9, 0xFF, 0xFF, 0x0E, 0x00, 0x00, 0xFF, 0xFF, 0x00, 0x00,
0x00, 0x00, 0x00, 0x00, 0xDF, 0xFF, 0xFF, 0x50, 0x00, 0x00, 0xFF, 0xFF, 0x00, 0x00, 0x00, 0x00,
0x00, 0x00, 0x90, 0xFF, 0xFF, 0xF3, 0x68, 0x05, 0xFF, 0xFF, 0x00, 0x00, 0x00, 0x00, 0x00, 0x00,
0x16, 0xDF, 0xFF, 0xFF, 0xFF, 0xE7, 0xFF, 0xFF, 0x01, 0x00, 0x00, 0x00, 0x00, 0x00, 0x00, 0x20,
0xBD, 0xFF, 0xFF, 0xFF, 0xFF, 0xFF, 0xE0, 0x84, 0x20, 0x00, 0x00, 0x00, 0x00, 0x00, 0x00, 0x44,
0xB4, 0xFD, 0xFF, 0xFF, 0xFF, 0xFF, 0xFA, 0x88, 0x03, 0x00, 0x00, 0x00, 0x00, 0x00, 0x00, 0x1B,
0xFF, 0xFF, 0xFF, 0xFF, 0xFF, 0xFF, 0xA8, 0x00, 0x00, 0x00, 0x00, 0x00, 0x00, 0x00, 0xFF, 0xFF,
0x24, 0x97, 0xFD, 0xFF, 0xFF, 0x50, 0x00, 0x00, 0x00, 0x00, 0x00, 0x00, 0xFF, 0xFF, 0x00, 0x00,
0x7B, 0xFF, 0xFF, 0xB5, 0x00, 0x00, 0x00, 0x00, 0x00, 0x00, 0xFF, 0xFF, 0x00, 0x00, 0x1B, 0xFF,
0xFF, 0xEB, 0x00, 0x00, 0x00, 0x00, 0x00, 0x00, 0xFF, 0xFF, 0x00, 0x00, 0x0A, 0xFF, 0xFF, 0xFA,
0xE9, 0xFF, 0xFF, 0x25, 0x00, 0x00, 0xFF, 0xFF, 0x00, 0x00, 0x32, 0xFF, 0xFF, 0xE7, 0xB9, 0xFF,
0xFF, 0x8E, 0x00, 0x00, 0xFF, 0xFF, 0x00, 0x00, 0xAB, 0xFF, 0xFF, 0xB1, 0x5B, 0xFF, 0xFF, 0xFE,
0x8F, 0x21, 0xFF, 0xFF, 0x28, 0xA4, 0xFF, 0xFF, 0xFF, 0x50, 0x04, 0xC9, 0xFF, 0xFF, 0xFF, 0xFF,
0xFF, 0xFF, 0xFF, 0xFF, 0xFF, 0xFF, 0xB5, 0x01, 0x00, 0x1A, 0xCD, 0xFF, 0xFF, 0xFF, 0xFF, 0xFF,
0xFF, 0xFF, 0xFF, 0xBB, 0x0D, 0x00, 0x00, 0x00, 0x06, 0x5E, 0xB3, 0xE7, 0xFF, 0xFF, 0xEE, 0xBC,
0x5C, 0x01, 0x00, 0x00, 0x00, 0x00, 0x00, 0x00, 0x00, 0x00, 0xFF, 0xFF, 0x00, 0x00, 0x00, 0x00,
0x00, 0x00, 0x00, 0x00, 0x00, 0x00, 0x00, 0x00, 0xFF, 0xFF, 0x00, 0x00, 0x00, 0x00, 0x00, 0x00,
0x00, 0x00, 0x00, 0x00, 0x00, 0x00, 0xFF, 0xFF, 0x00, 0x00, 0x00, 0x00, 0x00, 0x00, 0x00, 0x00,
0x60, 0xCB, 0xF5, 0xF1, 0xBD, 0x49, 0x00, 0x00, 0x00, 0x00, 0x00, 0x00, 0x00, 0x21, 0xFB, 0xFF,
0xE3, 0x07, 0x00, 0x00, 0x00, 0x00, 0x8B, 0xFF, 0xFF, 0xFF, 0xFF, 0xFF, 0xFF, 0x77, 0x00, 0x00,
0x00, 0x00, 0x00, 0x00, 0x9F, 0xFF, 0xFF, 0x69, 0x00, 0x00, 0x00, 0x00, 0x38, 0xFF, 0xFF, 0xD9,
0x28, 0x28, 0xDA, 0xFF, 0xFE, 0x37, 0x00, 0x00, 0x00, 0x00, 0x24, 0xFB, 0xFF, 0xE1, 0x06, 0x00,
0x00, 0x00, 0x00, 0xA3, 0xFF, 0xFF, 0x50, 0x00, 0x00, 0x50, 0xFF, 0xFF, 0xA3, 0x00, 0x00, 0x00,
0x00, 0xA2, 0xFF, 0xFF, 0x66, 0x00, 0x00, 0x00, 0x00, 0x00, 0xE0, 0xFF, 0xFF, 0x18, 0x00, 0x00,
0x17, 0xFF, 0xFF, 0xDE, 0x00, 0x00, 0x00, 0x26, 0xFC, 0xFF, 0xDE, 0x05, 0x00, 0x00, 0x00, 0x00,
0x00, 0xF9, 0xFF, 0xFF, 0x04, 0x00, 0x00, 0x04, 0xFF, 0xFF, 0xF7, 0x00, 0x00, 0x00, 0xA5, 0xFF,
0xFF, 0x62, 0x00, 0x00, 0x00, 0x00, 0x00, 0x00, 0xF6, 0xFF, 0xFF, 0x03, 0x00, 0x00, 0x05, 0xFF,
0xFF, 0xF6, 0x00, 0x00, 0x29, 0xFD, 0xFF, 0xDC, 0x04, 0x00, 0x00, 0x00, 0x00, 0x00, 0x00, 0xDD,
0xFF, 0xFF, 0x16, 0x00, 0x00, 0x1A, 0xFF, 0xFF, 0xDC, 0x00, 0x00, 0xA9, 0xFF, 0xFF, 0x5F, 0x00,
0x00, 0x00, 0x00, 0x00, 0x00, 0x00, 0xA3, 0xFF, 0xFF, 0x4F, 0x00, 0x00, 0x53, 0xFF, 0xFF, 0x9F,
0x00, 0x2B, 0xFE, 0xFF, 0xDA, 0x03, 0x00, 0x00, 0x00, 0x00, 0x00, 0x00, 0x00, 0x3C, 0xFF, 0xFF,
0xDA, 0x28, 0x28, 0xDA, 0xFF, 0xFD, 0x32, 0x00, 0xAC, 0xFF, 0xFF, 0x5C, 0x00, 0x00, 0x00, 0x00,
0x00, 0x00, 0x00, 0x00, 0x00, 0x83, 0xFF, 0xFF, 0xFF, 0xFF, 0xFF, 0xFF, 0x71, 0x00, 0x2F, 0xFE,
0xFF, 0xD7, 0x03, 0x60, 0xCA, 0xF5, 0xF2, 0xBE, 0x4B, 0x00, 0x00, 0x00, 0x00, 0x54, 0xC5, 0xF5,
0xF3, 0xBD, 0x46, 0x00, 0x00, 0xAF, 0xFF, 0xFF, 0x58, 0x8B, 0xFF, 0xFF, 0xFF, 0xFF, 0xFF, 0xFF,
0x7B, 0x00, 0x00, 0x00, 0x00, 0x00, 0x00, 0x00, 0x00, 0x00, 0x00, 0x31, 0xFE, 0xFF, 0xD5, 0x3B,
0xFF, 0xFF, 0xD9, 0x28, 0x28, 0xDA, 0xFF, 0xFE, 0x3A, 0x00, 0x00, 0x00, 0x00, 0x00, 0x00, 0x00,
0x00, 0x00, 0xB2, 0xFF, 0xFF, 0x55, 0xA3, 0xFF, 0xFF, 0x50, 0x00, 0x00, 0x50, 0xFF, 0xFF, 0xA4,
0x00, 0x00, 0x00, 0x00, 0x00, 0x00, 0x00, 0x00, 0x34, 0xFF, 0xFF, 0xD2, 0x01, 0xE0, 0xFF, 0xFF,
0x18, 0x00, 0x00, 0x17, 0xFF, 0xFF, 0xDF, 0x00, 0x00, 0x00, 0x00, 0x00, 0x00, 0x00, 0x00, 0xB6,
0xFF, 0xFF, 0x52, 0x00, 0xF9, 0xFF, 0xFF, 0x04, 0x00, 0x00, 0x04, 0xFF, 0xFF, 0xF7, 0x00, 0x00,
0x00, 0x00, 0x00, 0x00, 0x00, 0x37, 0xFF, 0xFF, 0xCF, 0x01, 0x00, 0xF6, 0xFF, 0xFF, 0x03, 0x00,
0x00, 0x05, 0xFF, 0xFF, 0xF6, 0x00, 0x00, 0x00, 0x00, 0x00, 0x00, 0x00, 0xB9, 0xFF, 0xFF, 0x4F,
0x00, 0x00, 0xDD, 0xFF, 0xFF, 0x16, 0x00, 0x00, 0x1A, 0xFF, 0xFF, 0xDD, 0x00, 0x00, 0x00, 0x00,
0x00, 0x00, 0x3A, 0xFF, 0xFF, 0xCC, 0x00, 0x00, 0x00, 0xA3, 0xFF, 0xFF, 0x4D, 0x00, 0x00, 0x53,
0xFF, 0xFF, 0xA0, 0x00, 0x00, 0x00, 0x00, 0x00, 0x00, 0xBC, 0xFF, 0xFF, 0x4B, 0x00, 0x00, 0x00,
0x3B, 0xFF, 0xFF, 0xD7, 0x26, 0x28, 0xDA, 0xFF, 0xFD, 0x34, 0x00, 0x00, 0x00, 0x00, 0x00, 0x3D,
0xFF, 0xFF, 0xC9, 0x00, 0x00, 0x00, 0x00, 0x00, 0x84, 0xFF, 0xFF, 0xFF, 0xFF, 0xFF, 0xFF, 0x74,
0x00, 0x00, 0x00, 0x00, 0x00, 0x00, 0xBF, 0xFF, 0xFF, 0x48, 0x00, 0x00, 0x00, 0x00, 0x00, 0x00,
0x55, 0xC6, 0xF5, 0xF3, 0xBE, 0x48, 0x00, 0x00, 0x00, 0x00, 0x00, 0x00, 0x00, 0x4D, 0xBD, 0xF0,
0xF7, 0xD0, 0x6D, 0x02, 0x00, 0x00, 0x00, 0x00, 0x00, 0x00, 0x00, 0x00, 0x00, 0x00, 0x88, 0xFF,
0xFF, 0xFF, 0xFF, 0xFF, 0xFF, 0xAC, 0x02, 0x00, 0x00, 0x00, 0x00, 0x00, 0x00, 0x00, 0x00, 0x53,
0xFF, 0xFF, 0xFF, 0xFF, 0xFF, 0xFF, 0xFF, 0xFF, 0x6B, 0x00, 0x00, 0x00, 0x00, 0x00, 0x00, 0x00,
0x00, 0xC6, 0xFF, 0xFF, 0xBE, 0x1F, 0x1C, 0xBD, 0xFF, 0xFF, 0xD0, 0x00, 0x00, 0x00, 0x00, 0x00,
0x00, 0x00, 0x00, 0xF6, 0xFF, 0xFF, 0x25, 0x00, 0x00, 0x28, 0xFF, 0xFF, 0xF8, 0x00, 0x00, 0x00,
0x00, 0x00, 0x00, 0x00, 0x00, 0xEC, 0xFF, 0xFF, 0x0E, 0x00, 0x00, 0x0A, 0xFF, 0xFF, 0xEC, 0x00,
0x00, 0x00, 0x00, 0x00, 0x00, 0x00, 0x00, 0xA9, 0xFF, 0xFF, 0x54, 0x00, 0x00, 0x48, 0xFF, 0xFF,
0xA7, 0x00, 0x00, 0x00, 0x00, 0x00, 0x00, 0x00, 0x00, 0x2F, 0xFC, 0xFF, 0xD6, 0x06, 0x27, 0xE1,
0xFF, 0xF7, 0x29, 0x00, 0x00, 0x00, 0x00, 0x00, 0x00, 0x00, 0x00, 0x00, 0x81, 0xFF, 0xFF, 0xB4,
0xF3, 0xFF, 0xF8, 0x4F, 0x00, 0x00, 0x00, 0x00, 0x00, 0x00, 0x00, 0x00, 0x00, 0x00, 0x06, 0xDA,
0xFF, 0xFF, 0xFF, 0xDA, 0x37, 0x00, 0x00, 0x00, 0x00, 0x00, 0x00, 0x00, 0x00, 0x00, 0x00, 0x52,
0xDE, 0xFF, 0xFF, 0xFF, 0xFD, 0x2D, 0x00, 0x00, 0x00, 0x00, 0x00, 0x00, 0x00, 0x00, 0x00, 0x06,
0xA2, 0xFF, 0xFF, 0xF6, 0x92, 0xF3, 0xFF, 0xD6, 0x0D, 0x00, 0x00, 0x00, 0x00, 0x00, 0x00, 0x00,
0x01, 0xAF, 0xFF, 0xFF, 0xC5, 0x22, 0x00, 0x53, 0xFF, 0xFF, 0xAF, 0x01, 0x00, 0x1E, 0xC2, 0x8F,
0x59, 0x00, 0x60, 0xFF, 0xFF, 0xC5, 0x07, 0x00, 0x00, 0x00, 0x85, 0xFF, 0xFF, 0x7E, 0x00, 0x71,
0xFF, 0xFF, 0xC0, 0x00, 0xC9, 0xFF, 0xFF, 0x36, 0x00, 0x00, 0x00, 0x00, 0x02, 0xB6, 0xFF, 0xFE,
0x52, 0xDF, 0xFF, 0xFF, 0x63, 0x00, 0xF6, 0xFF, 0xFF, 0x09, 0x00, 0x00, 0x00, 0x00, 0x00, 0x10,
0xDB, 0xFF, 0xFD, 0xFF, 0xFF, 0xE7, 0x09, 0x00, 0xF1, 0xFF, 0xFF, 0x44, 0x00, 0x00, 0x00, 0x00,
0x00, 0x00, 0x2B, 0xF3, 0xFF, 0xFF, 0xFF, 0x5F, 0x00, 0x00, 0xBD, 0xFF, 0xFF, 0xD1, 0x0A, 0x00,
0x00, 0x00, 0x00, 0x00, 0x05, 0xB3, 0xFF, 0xFF, 0xFA, 0x2E, 0x00, 0x00, 0x51, 0xFF, 0xFF, 0xFF,
0xCC, 0x45, 0x0B, 0x0A, 0x2C, 0x72, 0xDC, 0xFF, 0xFF, 0xFF, 0xFF, 0xE7, 0x24, 0x00, 0x00, 0xA4,
0xFF, 0xFF, 0xFF, 0xFF, 0xFF, 0xFF, 0xFF, 0xFF, 0xFF, 0xFF, 0xEE, 0x96, 0xFF, 0xFF, 0xEC, 0x44,
0x00, 0x04, 0x97, 0xFF, 0xFF, 0xFF, 0xFF, 0xFF, 0xFF, 0xFF, 0xFF, 0xC5, 0x26, 0x00, 0x94, 0xFF,
0xFF, 0x97, 0x00, 0x00, 0x00, 0x36, 0x9C, 0xDB, 0xF5, 0xF4, 0xDC, 0xA1, 0x4A, 0x00, 0x00, 0x00,
0x01, 0x8F, 0x89, 0x00, 0xFF, 0xFF, 0xFF, 0xFF, 0xFF, 0xFF, 0xFF, 0xFF, 0xFF, 0xFF, 0xFF, 0xFE,
0xE3, 0xFF, 0xE0, 0xBA, 0xFF, 0xB6, 0x91, 0xFF, 0x8B, 0x68, 0xFF, 0x61, 0x00, 0x00, 0x00, 0x00,
0x00, 0x67, 0xFF, 0xAB, 0x00, 0x00, 0x00, 0x00, 0x3C, 0xFA, 0xED, 0x16, 0x00, 0x00, 0x00, 0x10,
0xE2, 0xFF, 0x63, 0x00, 0x00, 0x00, 0x00, 0xA4, 0xFF, 0xC8, 0x01, 0x00, 0x00, 0x00, 0x40, 0xFF,
0xFF, 0x41, 0x00, 0x00, 0x00, 0x01, 0xD0, 0xFF, 0xCD, 0x00, 0x00, 0x00, 0x00, 0x4E, 0xFF, 0xFF,
0x61, 0x00, 0x00, 0x00, 0x00, 0xC0, 0xFF, 0xFA, 0x11, 0x00, 0x00, 0x00, 0x1E, 0xFE, 0xFF, 0xBC,
0x00, 0x00, 0x00, 0x00, 0x69, 0xFF, 0xFF, 0x86, 0x00, 0x00, 0x00, 0x00, 0xA5, 0xFF, 0xFF, 0x53,
0x00, 0x00, 0x00, 0x00, 0xCF, 0xFF, 0xFF, 0x2A, 0x00, 0x00, 0x00, 0x00, 0xED, 0xFF, 0xFF, 0x18,
0x00, 0x00, 0x00, 0x00, 0xFA, 0xFF, 0xFF, 0x08, 0x00, 0x00, 0x00, 0x00, 0xF9, 0xFF, 0xFF, 0x05,
0x00, 0x00, 0x00, 0x00, 0xEB, 0xFF, 0xFF, 0x11, 0x00, 0x00, 0x00, 0x00, 0xCD, 0xFF, 0xFF, 0x2D,
0x00, 0x00, 0x00, 0x00, 0xA0, 0xFF, 0xFF, 0x52, 0x00, 0x00, 0x00, 0x00, 0x62, 0xFF, 0xFF, 0x88,
0x00, 0x00, 0x00, 0x00, 0x19, 0xFE, 0xFF, 0xC8, 0x00, 0x00, 0x00, 0x00, 0x00, 0xB7, 0xFF, 0xFE,
0x19, 0x00, 0x00, 0x00, 0x00, 0x4A, 0xFF, 0xFF, 0x72, 0x00, 0x00, 0x00, 0x00, 0x00, 0xC0, 0xFF,
0xD9, 0x01, 0x00, 0x00, 0x00, 0x00, 0x32, 0xFE, 0xFF, 0x52, 0x00, 0x00, 0x00, 0x00, 0x00, 0xA0,
0xFF, 0xD0, 0x02, 0x00, 0x00, 0x00, 0x00, 0x14, 0xE1, 0xFF, 0x64, 0x00, 0x00, 0x00, 0x00, 0x00,
0x34, 0xF8, 0xEA, 0x14, 0x00, 0x00, 0x00, 0x00, 0x00, 0x64, 0xFF, 0xAA, 0xAC, 0xFF, 0x67, 0x00,
0x00, 0x00, 0x00, 0x00, 0x17, 0xEE, 0xFA, 0x3B, 0x00, 0x00, 0x00, 0x00, 0x00, 0x63, 0xFF, 0xE2,
0x10, 0x00, 0x00, 0x00, 0x00, 0x01, 0xC9, 0xFF, 0xA3, 0x00, 0x00, 0x00, 0x00, 0x00, 0x43, 0xFF,
0xFF, 0x3F, 0x00, 0x00, 0x00, 0x00, 0x00, 0xCF, 0xFF, 0xCF, 0x01, 0x00, 0x00, 0x00, 0x00, 0x63,
0xFF, 0xFF, 0x4D, 0x00, 0x00, 0x00, 0x00, 0x13, 0xFB, 0xFF, 0xC0, 0x00, 0x00, 0x00, 0x00, 0x00,
0xC0, 0xFF, 0xFE, 0x1D, 0x00, 0x00, 0x00, 0x00, 0x88, 0xFF, 0xFF, 0x67, 0x00, 0x00, 0x00, 0x00,
0x55, 0xFF, 0xFF, 0xA4, 0x00, 0x00, 0x00, 0x00, 0x2B, 0xFF, 0xFF, 0xCE, 0x00, 0x00, 0x00, 0x00,
0x19, 0xFF, 0xFF, 0xEC, 0x00, 0x00, 0x00, 0x00, 0x08, 0xFF, 0xFF, 0xF9, 0x00, 0x00, 0x00, 0x00,
0x05, 0xFF, 0xFF, 0xF8, 0x00, 0x00, 0x00, 0x00, 0x12, 0xFF, 0xFF, 0xEA, 0x00, 0x00, 0x00, 0x00,
0x2E, 0xFF, 0xFF, 0xCB, 0x00, 0x00, 0x00, 0x00, 0x53, 0xFF, 0xFF, 0x9F, 0x00, 0x00, 0x00, 0x00,
0x89, 0xFF, 0xFF, 0x60, 0x00, 0x00, 0x00, 0x00, 0xC9, 0xFF, 0xFD, 0x17, 0x00, 0x00, 0x00, 0x19,
0xFE, 0xFF, 0xB3, 0x00, 0x00, 0x00, 0x00, 0x74, 0xFF, 0xFF, 0x46, 0x00, 0x00, 0x00, 0x01, 0xD9,
0xFF, 0xBD, 0x00, 0x00, 0x00, 0x00, 0x53, 0xFF, 0xFD, 0x2F, 0x00, 0x00, 0x00, 0x02, 0xD0, 0xFF,
0x9C, 0x00, 0x00, 0x00, 0x00, 0x65, 0xFF, 0xDF, 0x12, 0x00, 0x00, 0x00, 0x14, 0xEA, 0xF7, 0x33,
0x00, 0x00, 0x00, 0x00, 0xAA, 0xFF, 0x63, 0x00, 0x00, 0x00, 0x00, 0x00, 0x00, 0x00, 0x00, 0x00,
0xF9, 0xF6, 0x00, 0x00, 0x00, 0x00, 0x00, 0x00, 0x00, 0x00, 0xE7, 0xE4, 0x00, 0x00, 0x00, 0x00,
0x6A, 0xAE, 0x57, 0x08, 0xCF, 0xC8, 0x08, 0x59, 0xAD, 0x6C, 0xD1, 0xFF, 0xFF, 0xEC, 0xEA, 0xE8,
0xEC, 0xFF, 0xFF, 0xD1, 0x1C, 0x55, 0x8D, 0xCF, 0xFF, 0xFF, 0xD1, 0xA0, 0x68, 0x22, 0x00, 0x00,
0x0C, 0xC7, 0xF9, 0xFD, 0xC5, 0x0D, 0x00, 0x00, 0x00, 0x03, 0xB7, 0xFF, 0x92, 0x9B, 0xFF, 0xBC,
0x05, 0x00, 0x00, 0x7D, 0xFF, 0xF1, 0x16, 0x17, 0xF0, 0xFF, 0x88, 0x00, 0x00, 0x0C, 0x9B, 0x64,
0x00, 0x00, 0x61, 0xA0, 0x0E, 0x00, 0x00, 0x00, 0x00, 0x00, 0x00, 0x00, 0xFF, 0xFF, 0xFF, 0x00,
0x00, 0x00, 0x00, 0x00, 0x00, 0x00, 0x00, 0x00, 0x00, 0x00, 0x00, 0xFF, 0xFF, 0xFF, 0x00, 0x00,
0x00, 0x00, 0x00, 0x00, 0x00, 0x00, 0x00, 0x00, 0x00, 0x00, 0xFF, 0xFF, 0xFF, 0x00, 0x00, 0x00,
0x00, 0x00, 0x00, 0x00, 0x00, 0x00, 0x00, 0x00, 0x00, 0xFF, 0xFF, 0xFF, 0x00, 0x00, 0x00, 0x00,
0x00, 0x00, 0x00, 0x00, 0x00, 0x00, 0x00, 0x00, 0xFF, 0xFF, 0xFF, 0x00, 0x00, 0x00, 0x00, 0x00,
0x00, 0x00, 0x00, 0x00, 0x00, 0x00, 0x00, 0xFF, 0xFF, 0xFF, 0x00, 0x00, 0x00, 0x00, 0x00, 0x00,
0xFF, 0xFF, 0xFF, 0xFF, 0xFF, 0xFF, 0xFF, 0xFF, 0xFF, 0xFF, 0xFF, 0xFF, 0xFF, 0xFF, 0xFF, 0xFF,
0xFF, 0xFF, 0xFF, 0xFF, 0xFF, 0xFF, 0xFF, 0xFF, 0xFF, 0xFF, 0xFF, 0xFF, 0xFF, 0xFF, 0xFF, 0xFF,
0xFF, 0xFF, 0xFF, 0xFF, 0xFF, 0xFF, 0xFF, 0xFF, 0xFF, 0xFF, 0xFF, 0xFF, 0xFF, 0x00, 0x00, 0x00,
0x00, 0x00, 0x00, 0xFF, 0xFF, 0xFF, 0x00, 0x00, 0x00, 0x00, 0x00, 0x00, 0x00, 0x00, 0x00, 0x00,
0x00, 0x00, 0xFF, 0xFF, 0xFF, 0x00, 0x00, 0x00, 0x00, 0x00, 0x00, 0x00, 0x00, 0x00, 0x00, 0x00,
0x00, 0xFF, 0xFF, 0xFF, 0x00, 0x00, 0x00, 0x00, 0x00, 0x00, 0x00, 0x00, 0x00, 0x00, 0x00, 0x00,
0xFF, 0xFF, 0xFF, 0x00, 0x00, 0x00, 0x00, 0x00, 0x00, 0x00, 0x00, 0x00, 0x00, 0x00, 0x00, 0xFF,
0xFF, 0xFF, 0x00, 0x00, 0x00, 0x00, 0x00, 0x00, 0x00, 0x00, 0x00, 0x00, 0x00, 0x00, 0xFF, 0xFF,
0xFF, 0x00, 0x00, 0x00, 0x00, 0x00, 0x00, 0xFF, 0xFF, 0xFF, 0xFF, 0xFF, 0xFF, 0xFF, 0xFF, 0xFF,
0x00, 0x8F, 0xF4, 0x00, 0xC0, 0xD4, 0x60, 0xFF, 0x79, 0x80, 0xA4, 0x04, 0xFF, 0xFF, 0xFF, 0xFF,
0xFF, 0xFF, 0xFF, 0xFF, 0xFF, 0xFF, 0xFF, 0xFF, 0xFF, 0xFF, 0xFF, 0xFF, 0xFF, 0xFF, 0xFF, 0xFF,
0xFF, 0xFF, 0xFF, 0xFF, 0xFF, 0xFF, 0xFF, 0xFF, 0xFF, 0xFF, 0xFF, 0xFF, 0xFF, 0x00, 0x00, 0x00,
0x00, 0x00, 0x22, 0xFF, 0xEB, 0x01, 0x00, 0x00, 0x00, 0x00, 0x00, 0x69, 0xFF, 0xA7, 0x00, 0x00,
0x00, 0x00, 0x00, 0x00, 0xAF, 0xFF, 0x61, 0x00, 0x00, 0x00, 0x00, 0x00, 0x03, 0xF0, 0xFF, 0x1B,
0x00, 0x00, 0x00, 0x00, 0x00, 0x3B, 0xFF, 0xD5, 0x00, 0x00, 0x00, 0x00, 0x00, 0x00, 0x80, 0xFF,
0x8F, 0x00, 0x00, 0x00, 0x00, 0x00, 0x00, 0xC6, 0xFF, 0x4A, 0x00, 0x00, 0x00, 0x00, 0x00, 0x0F,
0xFC, 0xF9, 0x0B, 0x00, 0x00, 0x00, 0x00, 0x00, 0x52, 0xFF, 0xBE, 0x00, 0x00, 0x00, 0x00, 0x00,
0x00, 0x98, 0xFF, 0x78, 0x00, 0x00, 0x00, 0x00, 0x00, 0x00, 0xDD, 0xFF, 0x32, 0x00, 0x00, 0x00,
0x00, 0x00, 0x22, 0xFF, 0xEB, 0x01, 0x00, 0x00, 0x00, 0x00, 0x00, 0x69, 0xFF, 0xA7, 0x00, 0x00,
0x00, 0x00, 0x00, 0x00, 0xAF, 0xFF, 0x61, 0x00, 0x00, 0x00, 0x00, 0x00, 0x03, 0xF0, 0xFF, 0x1B,
0x00, 0x00, 0x00, 0x00, 0x00, 0x3B, 0xFF, 0xD5, 0x00, 0x00, 0x00, 0x00, 0x00, 0x00, 0x80, 0xFF,
0x8F, 0x00, 0x00, 0x00, 0x00, 0x00, 0x00, 0xC6, 0xFF, 0x4A, 0x00, 0x00, 0x00, 0x00, 0x00, 0x0F,
0xFC, 0xF9, 0x0B, 0x00, 0x00, 0x00, 0x00, 0x00, 0x52, 0xFF, 0xBE, 0x00, 0x00, 0x00, 0x00, 0x00,
0x00, 0x98, 0xFF, 0x78, 0x00, 0x00, 0x00, 0x00, 0x00, 0x00, 0xDD, 0xFF, 0x32, 0x00, 0x00, 0x00,
0x00, 0x00, 0x00, 0x00, 0x00, 0x00, 0x1A, 0x83, 0xCB, 0xF0, 0xFA, 0xE6, 0xBF, 0x72, 0x11, 0x00,
0x00, 0x00, 0x00, 0x00, 0x4F, 0xF3, 0xFF, 0xFF, 0xFF, 0xFF, 0xFF, 0xFF, 0xFF, 0xEA, 0x4C, 0x00,
0x00, 0x00, 0x2D, 0xF7, 0xFF, 0xFF, 0xFF, 0xFF, 0xFF, 0xFF, 0xFF, 0xFF, 0xFF, 0xF4, 0x28, 0x00,
0x00, 0xB7, 0xFF, 0xFF, 0xF3, 0x78, 0x20, 0x06, 0x21, 0x7C, 0xF7, 0xFF, 0xFF, 0xA2, 0x00, 0x1F,
0xFE, 0xFF, 0xFC, 0x32, 0x00, 0x00, 0x00, 0x00, 0x00, 0x4B, 0xFF, 0xFF, 0xF9, 0x0E, 0x68, 0xFF,
0xFF, 0xAD, 0x00, 0x00, 0x00, 0x00, 0x00, 0x00, 0x00, 0xBA, 0xFF, 0xFF, 0x59, 0xA0, 0xFF, 0xFF,
0x67, 0x00, 0x00, 0x00, 0x00, 0x00, 0x00, 0x00, 0x6B, 0xFF, 0xFF, 0x9B, 0xC9, 0xFF, 0xFF, 0x39,
0x00, 0x00, 0x00, 0x00, 0x00, 0x00, 0x00, 0x3B, 0xFF, 0xFF, 0xC8, 0xE3, 0xFF, 0xFF, 0x1B, 0x00,
0x00, 0x00, 0x00, 0x00, 0x00, 0x00, 0x1C, 0xFF, 0xFF, 0xE5, 0xF5, 0xFF, 0xFF, 0x0C, 0x00, 0x00,
0x00, 0x00, 0x00, 0x00, 0x00, 0x0D, 0xFF, 0xFF, 0xF5, 0xFC, 0xFF, 0xFF, 0x04, 0x00, 0x00, 0x00,
0x00, 0x00, 0x00, 0x00, 0x04, 0xFF, 0xFF, 0xFD, 0xFA, 0xFF, 0xFF, 0x04, 0x00, 0x00, 0x00, 0x00,
0x00, 0x00, 0x00, 0x04, 0xFF, 0xFF, 0xFB, 0xED, 0xFF, 0xFF, 0x0C, 0x00, 0x00, 0x00, 0x00, 0x00,
0x00, 0x00, 0x0D, 0xFF, 0xFF, 0xF4, 0xE0, 0xFF, 0xFF, 0x18, 0x00, 0x00, 0x00, 0x00, 0x00, 0x00,
0x00, 0x1A, 0xFF, 0xFF, 0xE1, 0xC0, 0xFF, 0xFF, 0x37, 0x00, 0x00, 0x00, 0x00, 0x00, 0x00, 0x00,
0x39, 0xFF, 0xFF, 0xC7, 0x94, 0xFF, 0xFF, 0x61, 0x00, 0x00, 0x00, 0x00, 0x00, 0x00, 0x00, 0x62,
0xFF, 0xFF, 0x9E, 0x5F, 0xFF, 0xFF, 0xAB, 0x00, 0x00, 0x00, 0x00, 0x00, 0x00, 0x00, 0xAD, 0xFF,
0xFF, 0x66, 0x12, 0xFA, 0xFF, 0xFD, 0x3D, 0x00, 0x00, 0x00, 0x00, 0x00, 0x3E, 0xFD, 0xFF, 0xFE,
0x1E, 0x00, 0xAF, 0xFF, 0xFF, 0xF5, 0x7A, 0x20, 0x05, 0x20, 0x7A, 0xF6, 0xFF, 0xFF, 0xB6, 0x00,
0x00, 0x2A, 0xFC, 0xFF, 0xFF, 0xFF, 0xFF, 0xFF, 0xFF, 0xFF, 0xFF, 0xFF, 0xF8, 0x2D, 0x00, 0x00,
0x00, 0x66, 0xF8, 0xFF, 0xFF, 0xFF, 0xFF, 0xFF, 0xFF, 0xFF, 0xF4, 0x50, 0x00, 0x00, 0x00, 0x00,
0x00, 0x1F, 0x87, 0xCB, 0xEF, 0xFC, 0xF1, 0xCC, 0x86, 0x1B, 0x00, 0x00, 0x00, 0x00, 0x00, 0x00,
0x00, 0x00, 0x41, 0xFF, 0xFF, 0x00, 0x00, 0x00, 0x00, 0x12, 0xDB, 0xFF, 0xFF, 0x00, 0x00, 0x00,
0x0B, 0xC7, 0xFF, 0xFF, 0xFF, 0x00, 0x00, 0x20, 0xCF, 0xFF, 0xFF, 0xFF, 0xFF, 0x01, 0x5E, 0xED,
0xFF, 0xFD, 0xFF, 0xFF, 0xFF, 0xC9, 0xFF, 0xFF, 0xF4, 0x4F, 0xFF, 0xFF, 0xFF, 0xFF, 0xFF, 0xC3,
0x24, 0x00, 0xFF, 0xFF, 0xFF, 0xD9, 0x5B, 0x01, 0x00, 0x00, 0xFF, 0xFF, 0xFF, 0x02, 0x00, 0x00,
0x00, 0x00, 0xFF, 0xFF, 0xFF, 0x00, 0x00, 0x00, 0x00, 0x00, 0xFF, 0xFF, 0xFF, 0x00, 0x00, 0x00,
0x00, 0x00, 0xFF, 0xFF, 0xFF, 0x00, 0x00, 0x00, 0x00, 0x00, 0xFF, 0xFF, 0xFF, 0x00, 0x00, 0x00,
0x00, 0x00, 0xFF, 0xFF, 0xFF, 0x00, 0x00, 0x00, 0x00, 0x00, 0xFF, 0xFF, 0xFF, 0x00, 0x00, 0x00,
0x00, 0x00, 0xFF, 0xFF, 0xFF, 0x00, 0x00, 0x00, 0x00, 0x00, 0xFF, 0xFF, 0xFF, 0x00, 0x00, 0x00,
0x00, 0x00, 0xFF, 0xFF, 0xFF, 0x00, 0x00, 0x00, 0x00, 0x00, 0xFF, 0xFF, 0xFF, 0x00, 0x00, 0x00,
0x00, 0x00, 0xFF, 0xFF, 0xFF, 0x00, 0x00, 0x00, 0x00, 0x00, 0xFF, 0xFF, 0xFF, 0x00, 0x00, 0x00,
0x00, 0x00, 0xFF, 0xFF, 0xFF, 0x00, 0x00, 0x00, 0x00, 0x00, 0xFF, 0xFF, 0xFF, 0x00, 0x00, 0x00,
0x45, 0xA4, 0xDB, 0xF4, 0xF8, 0xE2, 0xAC, 0x4F, 0x01, 0x00, 0x00, 0x00, 0x0B, 0xB0, 0xFF, 0xFF,
0xFF, 0xFF, 0xFF, 0xFF, 0xFF, 0xFF, 0xB9, 0x11, 0x00, 0x00, 0xB8, 0xFF, 0xFF, 0xFF, 0xFF, 0xFF,
0xFF, 0xFF, 0xFF, 0xFF, 0xFF, 0xC2, 0x03, 0x54, 0xFF, 0xFF, 0xFE, 0xA0, 0x38, 0x12, 0x09, 0x3A,
0xB7, 0xFF, 0xFF, 0xFF, 0x66, 0xB3, 0xFF, 0xFF, 0x7A, 0x00, 0x00, 0x00, 0x00, 0x00, 0x01, 0xB0,
0xFF, 0xFF, 0xC5, 0xEA, 0xFF, 0xFF, 0x11, 0x00, 0x00, 0x00, 0x00, 0x00, 0x00, 0x2C, 0xFF, 0xFF,
0xF1, 0x00, 0x00, 0x00, 0x00, 0x00, 0x00, 0x00, 0x00, 0x00, 0x00, 0x06, 0xFF, 0xFF, 0xF5, 0x00,
0x00, 0x00, 0x00, 0x00, 0x00, 0x00, 0x00, 0x00, 0x00, 0x1E, 0xFF, 0xFF, 0xD2, 0x00, 0x00, 0x00,
0x00, 0x00, 0x00, 0x00, 0x00, 0x00, 0x00, 0x69, 0xFF, 0xFF, 0x85, 0x00, 0x00, 0x00, 0x00, 0x00,
0x00, 0x00, 0x00, 0x00, 0x0A, 0xE0, 0xFF, 0xF4, 0x17, 0x00, 0x00, 0x00, 0x00, 0x00, 0x00, 0x00,
0x00, 0x00, 0xA4, 0xFF, 0xFF, 0x67, 0x00, 0x00, 0x00, 0x00, 0x00, 0x00, 0x00, 0x00, 0x00, 0x89,
0xFF, 0xFF, 0x9E, 0x00, 0x00, 0x00, 0x00, 0x00, 0x00, 0x00, 0x00, 0x00, 0x88, 0xFF, 0xFF, 0xAC,
0x04, 0x00, 0x00, 0x00, 0x00, 0x00, 0x00, 0x00, 0x02, 0x96, 0xFF, 0xFF, 0xA7, 0x04, 0x00, 0x00,
0x00, 0x00, 0x00, 0x00, 0x00, 0x0E, 0xAF, 0xFF, 0xFF, 0x97, 0x02, 0x00, 0x00, 0x00, 0x00, 0x00,
0x00, 0x00, 0x2D, 0xDC, 0xFF, 0xFD, 0x75, 0x00, 0x00, 0x00, 0x00, 0x00, 0x00, 0x00, 0x00, 0x42,
0xF2, 0xFF, 0xF1, 0x49, 0x00, 0x00, 0x00, 0x00, 0x00, 0x00, 0x00, 0x00, 0x31, 0xF5, 0xFF, 0xE4,
0x2B, 0x00, 0x00, 0x00, 0x00, 0x00, 0x00, 0x00, 0x00, 0x08, 0xD8, 0xFF, 0xF0, 0x26, 0x00, 0x00,
0x00, 0x00, 0x00, 0x00, 0x00, 0x00, 0x00, 0x69, 0xFF, 0xFF, 0xFF, 0xFF, 0xFF, 0xFF, 0xFF, 0xFF,
0xFF, 0xFF, 0xFF, 0xFF, 0xFF, 0xCB, 0xFF, 0xFF, 0xFF, 0xFF, 0xFF, 0xFF, 0xFF, 0xFF, 0xFF, 0xFF,
0xFF, 0xFF, 0xFF, 0xF8, 0xFF, 0xFF, 0xFF, 0xFF, 0xFF, 0xFF, 0xFF, 0xFF, 0xFF, 0xFF, 0xFF, 0xFF,
0xFF, 0x00, 0x00, 0x00, 0x26, 0x92, 0xD5, 0xF4, 0xF5, 0xDE, 0xA9, 0x57, 0x02, 0x00, 0x00, 0x00,
0x00, 0x00, 0x75, 0xFA, 0xFF, 0xFF, 0xFF, 0xFF, 0xFF, 0xFF, 0xFF, 0xD1, 0x2A, 0x00, 0x00, 0x00,
0x75, 0xFF, 0xFF, 0xFF, 0xFF, 0xFF, 0xFF, 0xFF, 0xFF, 0xFF, 0xFF, 0xE8, 0x1D, 0x00, 0x25, 0xF9,
0xFF, 0xFF, 0xC0, 0x48, 0x16, 0x0A, 0x29, 0x81, 0xF4, 0xFF, 0xFF, 0x9D, 0x00, 0x93, 0xFF, 0xFF,
0xB4, 0x04, 0x00, 0x00, 0x00, 0x00, 0x00, 0x4A, 0xFF, 0xFF, 0xE6, 0x00, 0xDF, 0xFF, 0xFF, 0x31,
0x00, 0x00, 0x00, 0x00, 0x00, 0x00, 0x09, 0xFF, 0xFF, 0xF0, 0x00, 0x00, 0x00, 0x00, 0x00, 0x00,
0x00, 0x00, 0x00, 0x00, 0x00, 0x5B, 0xFF, 0xFF, 0xB4, 0x00, 0x00, 0x00, 0x00, 0x00, 0x00, 0x00,
0x00, 0x12, 0x42, 0x99, 0xFB, 0xFF, 0xF4, 0x30, 0x00, 0x00, 0x00, 0x00, 0x00, 0x00, 0x11, 0xFC,
0xFF, 0xFF, 0xFF, 0xFF, 0xD3, 0x39, 0x00, 0x00, 0x00, 0x00, 0x00, 0x00, 0x00, 0x2C, 0xFF, 0xFF,
0xFF, 0xFF, 0xFF, 0xC3, 0x4B, 0x00, 0x00, 0x00, 0x00, 0x00, 0x00, 0x00, 0x44, 0xD7, 0xBD, 0xCF,
0xFC, 0xFF, 0xFF, 0xFF, 0x79, 0x00, 0x00, 0x00, 0x00, 0x00, 0x00, 0x00, 0x00, 0x00, 0x00, 0x1A,
0xA9, 0xFF, 0xFF, 0xFE, 0x37, 0x00, 0x00, 0x00, 0x00, 0x00, 0x00, 0x00, 0x00, 0x00, 0x00, 0x01,
0xB3, 0xFF, 0xFF, 0xA6, 0x00, 0x00, 0x00, 0x00, 0x00, 0x00, 0x00, 0x00, 0x00, 0x00, 0x00, 0x33,
0xFF, 0xFF, 0xE2, 0x00, 0x00, 0x00, 0x00, 0x00, 0x00, 0x00, 0x00, 0x00, 0x00, 0x00, 0x07, 0xFF,
0xFF, 0xFA, 0x00, 0x00, 0x00, 0x00, 0x00, 0x00, 0x00, 0x00, 0x00, 0x00, 0x00, 0x13, 0xFF, 0xFF,
0xEE, 0xE7, 0xFF, 0xFF, 0x35, 0x00, 0x00, 0x00, 0x00, 0x00, 0x00, 0x00, 0x58, 0xFF, 0xFF, 0xC6,
0xA7, 0xFF, 0xFF, 0xB4, 0x01, 0x00, 0x00, 0x00, 0x00, 0x00, 0x0F, 0xDA, 0xFF, 0xFF, 0x73, 0x38,
0xFE, 0xFF, 0xFF, 0xA7, 0x36, 0x0C, 0x03, 0x17, 0x57, 0xD6, 0xFF, 0xFF, 0xE3, 0x0A, 0x00, 0x86,
0xFF, 0xFF, 0xFF, 0xFF, 0xFF, 0xFF, 0xFF, 0xFF, 0xFF, 0xFF, 0xF4, 0x34, 0x00, 0x00, 0x00, 0x7A,
0xFB, 0xFF, 0xFF, 0xFF, 0xFF, 0xFF, 0xFF, 0xFF, 0xDB, 0x30, 0x00, 0x00, 0x00, 0x00, 0x00, 0x25,
0x8D, 0xD0, 0xF2, 0xFA, 0xE6, 0xB4, 0x62, 0x05, 0x00, 0x00, 0x00, 0x00, 0x00, 0x00, 0x00, 0x00,
0x00, 0x00, 0x00, 0x00, 0x00, 0x64, 0xFF, 0xFF, 0x00, 0x00, 0x00, 0x00, 0x00, 0x00, 0x00, 0x00,
0x00, 0x00, 0x00, 0x35, 0xF8, 0xFF, 0xFF, 0x00, 0x00, 0x00, 0x00, 0x00, 0x00, 0x00, 0x00, 0x00,
0x00, 0x14, 0xE2, 0xFF, 0xFF, 0xFF, 0x00, 0x00, 0x00, 0x00, 0x00, 0x00, 0x00, 0x00, 0x00, 0x03,
0xBC, 0xFF, 0xFF, 0xFF, 0xFF, 0x00, 0x00, 0x00, 0x00, 0x00, 0x00, 0x00, 0x00, 0x00, 0x89, 0xFF,
0xFF, 0xFF, 0xFF, 0xFF, 0x00, 0x00, 0x00, 0x00, 0x00, 0x00, 0x00, 0x00, 0x52, 0xFF, 0xFF, 0xAD,
0xFF, 0xFF, 0xFF, 0x00, 0x00, 0x00, 0x00, 0x00, 0x00, 0x00, 0x28, 0xF2, 0xFF, 0xD8, 0x0D, 0xFF,
0xFF, 0xFF, 0x00, 0x00, 0x00, 0x00, 0x00, 0x00, 0x0D, 0xD7, 0xFF, 0xF3, 0x29, 0x00, 0xFF, 0xFF,
0xFF, 0x00, 0x00, 0x00, 0x00, 0x00, 0x00, 0xAD, 0xFF, 0xFF, 0x54, 0x00, 0x00, 0xFF, 0xFF, 0xFF,
0x00, 0x00, 0x00, 0x00, 0x00, 0x77, 0xFF, 0xFF, 0x8B, 0x00, 0x00, 0x00, 0xFF, 0xFF, 0xFF, 0x00,
0x00, 0x00, 0x00, 0x43, 0xFC, 0xFF, 0xBE, 0x03, 0x00, 0x00, 0x00, 0xFF, 0xFF, 0xFF, 0x00, 0x00,
0x00, 0x1D, 0xEB, 0xFF, 0xE3, 0x16, 0x00, 0x00, 0x00, 0x00, 0xFF, 0xFF, 0xFF, 0x00, 0x00, 0x07,
0xCA, 0xFF, 0xF9, 0x37, 0x00, 0x00, 0x00, 0x00, 0x00, 0xFF, 0xFF, 0xFF, 0x00, 0x00, 0x9B, 0xFF,
0xFF, 0x68, 0x00, 0x00, 0x00, 0x00, 0x00, 0x00, 0xFF, 0xFF, 0xFF, 0x00, 0x00, 0xFF, 0xFF, 0xFF,
0xFF, 0xFF, 0xFF, 0xFF, 0xFF, 0xFF, 0xFF, 0xFF, 0xFF, 0xFF, 0xFF, 0xFF, 0xFF, 0xFF, 0xFF, 0xFF,
0xFF, 0xFF, 0xFF, 0xFF, 0xFF, 0xFF, 0xFF, 0xFF, 0xFF, 0xFF, 0xFF, 0xFF, 0xFF, 0xFF, 0xFF, 0xFF,
0xFF, 0xFF, 0xFF, 0xFF, 0xFF, 0xFF, 0xFF, 0xFF, 0xFF, 0xFF, 0x00, 0x00, 0x00, 0x00, 0x00, 0x00,
0x00, 0x00, 0x00, 0x00, 0xFF, 0xFF, 0xFF, 0x00, 0x00, 0x00, 0x00, 0x00, 0x00, 0x00, 0x00, 0x00,
0x00, 0x00, 0x00, 0xFF, 0xFF, 0xFF, 0x00, 0x00, 0x00, 0x00, 0x00, 0x00, 0x00, 0x00, 0x00, 0x00,
0x00, 0x00, 0xFF, 0xFF, 0xFF, 0x00, 0x00, 0x00, 0x00, 0x00, 0x00, 0x00, 0x00, 0x00, 0x00, 0x00,
0x00, 0xFF, 0xFF, 0xFF, 0x00, 0x00, 0x00, 0x00, 0x00, 0x00, 0x00, 0x00, 0x00, 0x00, 0x00, 0x00,
0xFF, 0xFF, 0xFF, 0x00, 0x00, 0x00, 0x17, 0xFF, 0xFF, 0xFF, 0xFF, 0xFF, 0xFF, 0xFF, 0xFF, 0xFF,
0xFF, 0xFF, 0xFF, 0x00, 0x00, 0x46, 0xFF, 0xFF, 0xFF, 0xFF, 0xFF, 0xFF, 0xFF, 0xFF, 0xFF, 0xFF,
0xFF, 0xFF, 0x00, 0x00, 0x75, 0xFF, 0xFF, 0xFF, 0xFF, 0xFF, 0xFF, 0xFF, 0xFF, 0xFF, 0xFF, 0xFF,
0xFF, 0x00, 0x00, 0xA3, 0xFF, 0xFF, 0x5D, 0x00, 0x00, 0x00, 0x00, 0x00, 0x00, 0x00, 0x00, 0x00,
0x00, 0x00, 0xD2, 0xFF, 0xFF, 0x2A, 0x00, 0x00, 0x00, 0x00, 0x00, 0x00, 0x00, 0x00, 0x00, 0x00,
0x05, 0xFA, 0xFF, 0xF4, 0x02, 0x00, 0x00, 0x00, 0x00, 0x00, 0x00, 0x00, 0x00, 0x00, 0x00, 0x2F,
0xFF, 0xFF, 0xC3, 0x00, 0x00, 0x00, 0x00, 0x00, 0x00, 0x00, 0x00, 0x00, 0x00, 0x00, 0x5D, 0xFF,
0xFF, 0x8F, 0x1C, 0x8C, 0xD9, 0xF8, 0xEF, 0xC9, 0x7D, 0x12, 0x00, 0x00, 0x00, 0x8C, 0xFF, 0xFF,
0xB7, 0xF5, 0xFF, 0xFF, 0xFF, 0xFF, 0xFF, 0xFF, 0xF0, 0x4F, 0x00, 0x00, 0xBA, 0xFF, 0xFF, 0xFF,
0xFF, 0xFF, 0xFF, 0xFF, 0xFF, 0xFF, 0xFF, 0xFF, 0xFE, 0x53, 0x00, 0xE9, 0xFF, 0xFF, 0xC1, 0x4E,
0x18, 0x07, 0x05, 0x18, 0x4C, 0xC0, 0xFF, 0xFF, 0xF3, 0x17, 0x00, 0x00, 0x00, 0x00, 0x00, 0x00,
0x00, 0x00, 0x00, 0x00, 0x03, 0xCA, 0xFF, 0xFF, 0x86, 0x00, 0x00, 0x00, 0x00, 0x00, 0x00, 0x00,
0x00, 0x00, 0x00, 0x00, 0x4E, 0xFF, 0xFF, 0xCF, 0x00, 0x00, 0x00, 0x00, 0x00, 0x00, 0x00, 0x00,
0x00, 0x00, 0x00, 0x1D, 0xFF, 0xFF, 0xF1, 0x00, 0x00, 0x00, 0x00, 0x00, 0x00, 0x00, 0x00, 0x00,
0x00, 0x00, 0x09, 0xFF, 0xFF, 0xF8, 0x00, 0x00, 0x00, 0x00, 0x00, 0x00, 0x00, 0x00, 0x00, 0x00,
0x00, 0x28, 0xFF, 0xFF, 0xE0, 0xE8, 0xFF, 0xFF, 0x2C, 0x00, 0x00, 0x00, 0x00, 0x00, 0x00, 0x00,
0x65, 0xFF, 0xFF, 0xA8, 0xAB, 0xFF, 0xFF, 0xA2, 0x00, 0x00, 0x00, 0x00, 0x00, 0x00, 0x0A, 0xDE,
0xFF, 0xFF, 0x4B, 0x3E, 0xFF, 0xFF, 0xFF, 0x99, 0x31, 0x0A, 0x04, 0x17, 0x52, 0xCE, 0xFF, 0xFF,
0xC2, 0x01, 0x00, 0x93, 0xFF, 0xFF, 0xFF, 0xFF, 0xFF, 0xFF, 0xFF, 0xFF, 0xFF, 0xFF, 0xE3, 0x1F,
0x00, 0x00, 0x01, 0x88, 0xFD, 0xFF, 0xFF, 0xFF, 0xFF, 0xFF, 0xFF, 0xFF, 0xCC, 0x22, 0x00, 0x00,
0x00, 0x00, 0x00, 0x2C, 0x93, 0xD3, 0xF3, 0xF9, 0xE3, 0xB1, 0x5B, 0x02, 0x00, 0x00, 0x00, 0x00,
0x00, 0x00, 0x00, 0x1B, 0x82, 0xCA, 0xEB, 0xFA, 0xE7, 0xB1, 0x4F, 0x00, 0x00, 0x00, 0x00, 0x00,
0x00, 0x6C, 0xF5, 0xFF, 0xFF, 0xFF, 0xFF, 0xFF, 0xFF, 0xFF, 0xB0, 0x09, 0x00, 0x00, 0x00, 0x79,
0xFF, 0xFF, 0xFF, 0xFF, 0xFF, 0xFF, 0xFF, 0xFF, 0xFF, 0xFF, 0xAB, 0x00, 0x00, 0x34, 0xFB, 0xFF,
0xFF, 0xA4, 0x44, 0x15, 0x0F, 0x3D, 0xBA, 0xFF, 0xFF, 0xFF, 0x46, 0x00, 0xBE, 0xFF, 0xFF, 0xB0,
0x00, 0x00, 0x00, 0x00, 0x00, 0x00, 0xAF, 0xFF, 0xFF, 0xAA, 0x21, 0xFE, 0xFF, 0xF8, 0x1F, 0x00,
0x00, 0x00, 0x00, 0x00, 0x00, 0x30, 0xFF, 0xFF, 0xE6, 0x70, 0xFF, 0xFF, 0xA0, 0x00, 0x00, 0x00,
0x00, 0x00, 0x00, 0x00, 0x00, 0x00, 0x00, 0x00, 0xA1, 0xFF, 0xFF, 0x55, 0x00, 0x00, 0x00, 0x00,
0x00, 0x00, 0x00, 0x00, 0x00, 0x00, 0x00, 0xCE, 0xFF, 0xFF, 0x29, 0x00, 0x4D, 0xAF, 0xE4, 0xF9,
0xE4, 0xA7, 0x3A, 0x00, 0x00, 0x00, 0xE4, 0xFF, 0xFF, 0x18, 0xAE, 0xFF, 0xFF, 0xFF, 0xFF, 0xFF,
0xFF, 0xFF, 0x91, 0x03, 0x00, 0xF2, 0xFF, 0xFF, 0xB1, 0xFF, 0xFF, 0xFF, 0xFF, 0xFF, 0xFF, 0xFF,
0xFF, 0xFF, 0x91, 0x00, 0xFC, 0xFF, 0xFF, 0xFF, 0xE1, 0x64, 0x1C, 0x04, 0x10, 0x41, 0xB3, 0xFF,
0xFF, 0xFF, 0x37, 0xF3, 0xFF, 0xFF, 0xD2, 0x11, 0x00, 0x00, 0x00, 0x00, 0x00, 0x00, 0xAF, 0xFF,
0xFF, 0xA2, 0xE6, 0xFF, 0xFF, 0x42, 0x00, 0x00, 0x00, 0x00, 0x00, 0x00, 0x00, 0x36, 0xFF, 0xFF,
0xE0, 0xCC, 0xFF, 0xFF, 0x08, 0x00, 0x00, 0x00, 0x00, 0x00, 0x00, 0x00, 0x08, 0xFF, 0xFF, 0xF8,
0x9C, 0xFF, 0xFF, 0x19, 0x00, 0x00, 0x00, 0x00, 0x00, 0x00, 0x00, 0x0C, 0xFF, 0xFF, 0xEA, 0x61,
0xFF, 0xFF, 0x6C, 0x00, 0x00, 0x00, 0x00, 0x00, 0x00, 0x00, 0x40, 0xFF, 0xFF, 0xC9, 0x0E, 0xF5,
0xFF, 0xED, 0x21, 0x00, 0x00, 0x00, 0x00, 0x00, 0x02, 0xBB, 0xFF, 0xFF, 0x77, 0x00, 0x87, 0xFF,
0xFF, 0xE7, 0x61, 0x1A, 0x05, 0x0E, 0x42, 0xBB, 0xFF, 0xFF, 0xF1, 0x17, 0x00, 0x06, 0xC9, 0xFF,
0xFF, 0xFF, 0xFF, 0xFF, 0xFF, 0xFF, 0xFF, 0xFF, 0xFF, 0x58, 0x00, 0x00, 0x00, 0x0C, 0xAE, 0xFF,
0xFF, 0xFF, 0xFF, 0xFF, 0xFF, 0xFF, 0xF5, 0x5D, 0x00, 0x00, 0x00, 0x00, 0x00, 0x00, 0x42, 0xA2,
0xDF, 0xF6, 0xEE, 0xCE, 0x82, 0x1D, 0x00, 0x00, 0x00, 0xFF, 0xFF, 0xFF, 0xFF, 0xFF, 0xFF, 0xFF,
0xFF, 0xFF, 0xFF, 0xFF, 0xFF, 0xFF, 0xFF, 0xFF, 0xFF, 0xFF, 0xFF, 0xFF, 0xFF, 0xFF, 0xFF, 0xFF,
0xFF, 0xFF, 0xFF, 0xFF, 0xFF, 0xFF, 0xFF, 0xFF, 0xFF, 0xFF, 0xFF, 0xFF, 0xFF, 0xFF, 0xFF, 0xFF,
0xFF, 0xFF, 0xDD, 0x00, 0x00, 0x00, 0x00, 0x00, 0x00, 0x00, 0x00, 0x00, 0x00, 0x6D, 0xFF, 0xF5,
0x2D, 0x00, 0x00, 0x00, 0x00, 0x00, 0x00, 0x00, 0x00, 0x00, 0x44, 0xFC, 0xFF, 0x69, 0x00, 0x00,
0x00, 0x00, 0x00, 0x00, 0x00, 0x00, 0x00, 0x17, 0xE8, 0xFF, 0xBD, 0x00, 0x00, 0x00, 0x00, 0x00,
0x00, 0x00, 0x00, 0x00, 0x00, 0xAD, 0xFF, 0xF9, 0x25, 0x00, 0x00, 0x00, 0x00, 0x00, 0x00, 0x00,
0x00, 0x00, 0x50, 0xFF, 0xFF, 0x8B, 0x00, 0x00, 0x00, 0x00, 0x00, 0x00, 0x00, 0x00, 0x00, 0x07,
0xDE, 0xFF, 0xF0, 0x10, 0x00, 0x00, 0x00, 0x00, 0x00, 0x00, 0x00, 0x00, 0x00, 0x69, 0xFF, 0xFF,
0x86, 0x00, 0x00, 0x00, 0x00, 0x00, 0x00, 0x00, 0x00, 0x00, 0x04, 0xDF, 0xFF, 0xF7, 0x17, 0x00,
0x00, 0x00, 0x00, 0x00, 0x00, 0x00, 0x00, 0x00, 0x61, 0xFF, 0xFF, 0x96, 0x00, 0x00, 0x00, 0x00,
0x00, 0x00, 0x00, 0x00, 0x00, 0x00, 0xD0, 0xFF, 0xFF, 0x2A, 0x00, 0x00, 0x00, 0x00, 0x00, 0x00,
0x00, 0x00, 0x00, 0x28, 0xFF, 0xFF, 0xD3, 0x00, 0x00, 0x00, 0x00, 0x00, 0x00, 0x00, 0x00, 0x00,
0x00, 0x81, 0xFF, 0xFF, 0x7C, 0x00, 0x00, 0x00, 0x00, 0x00, 0x00, 0x00, 0x00, 0x00, 0x00, 0xD8,
0xFF, 0xFF, 0x26, 0x00, 0x00, 0x00, 0x00, 0x00, 0x00, 0x00, 0x00, 0x00, 0x20, 0xFF, 0xFF, 0xDF,
0x00, 0x00, 0x00, 0x00, 0x00, 0x00, 0x00, 0x00, 0x00, 0x00, 0x5F, 0xFF, 0xFF, 0xA7, 0x00, 0x00,
0x00, 0x00, 0x00, 0x00, 0x00, 0x00, 0x00, 0x00, 0x95, 0xFF, 0xFF, 0x6F, 0x00, 0x00, 0x00, 0x00,
0x00, 0x00, 0x00, 0x00, 0x00, 0x00, 0xC2, 0xFF, 0xFF, 0x48, 0x00, 0x00, 0x00, 0x00, 0x00, 0x00,
0x00, 0x00, 0x00, 0x00, 0xE4, 0xFF, 0xFF, 0x2B, 0x00, 0x00, 0x00, 0x00, 0x00, 0x00, 0x00, 0x00,
0x00, 0x00, 0xF8, 0xFF, 0xFF, 0x0E, 0x00, 0x00, 0x00, 0x00, 0x00, 0x00, 0x00, 0x00, 0x00, 0x00,
0x12, 0x7A, 0xC5, 0xEE, 0xFB, 0xEC, 0xC1, 0x71, 0x0D, 0x00, 0x00, 0x00, 0x00, 0x00, 0x3E, 0xE8,
0xFF, 0xFF, 0xFF, 0xFF, 0xFF, 0xFF, 0xFF, 0xE1, 0x34, 0x00, 0x00, 0x00, 0x26, 0xF4, 0xFF, 0xFF,
0xFF, 0xFF, 0xFF, 0xFF, 0xFF, 0xFF, 0xFF, 0xEE, 0x1E, 0x00, 0x00, 0xA7, 0xFF, 0xFF, 0xDF, 0x4D,
0x12, 0x03, 0x12, 0x4F, 0xE3, 0xFF, 0xFF, 0x9E, 0x00, 0x00, 0xEB, 0xFF, 0xFF, 0x3F, 0x00, 0x00,
0x00, 0x00, 0x00, 0x46, 0xFF, 0xFF, 0xE7, 0x00, 0x00, 0xF4, 0xFF, 0xFF, 0x0B, 0x00, 0x00, 0x00,
0x00, 0x00, 0x0C, 0xFF, 0xFF, 0xF5, 0x00, 0x00, 0xC6, 0xFF, 0xFF, 0x42, 0x00, 0x00, 0x00, 0x00,
0x00, 0x3F, 0xFF, 0xFF, 0xC8, 0x00, 0x00, 0x49, 0xFE, 0xFF, 0xDF, 0x4C, 0x11, 0x02, 0x10, 0x49,
0xDD, 0xFF, 0xFF, 0x4C, 0x00, 0x00, 0x00, 0x54, 0xEB, 0xFF, 0xFF, 0xFF, 0xFF, 0xFF, 0xFF, 0xFF,
0xEE, 0x5A, 0x00, 0x00, 0x00, 0x00, 0x00, 0x37, 0xE1, 0xFF, 0xFF, 0xFF, 0xFF, 0xFF, 0xEA, 0x42,
0x00, 0x00, 0x00, 0x00, 0x0D, 0xB2, 0xFF, 0xFF, 0xFF, 0xFF, 0xFF, 0xFF, 0xFF, 0xFF, 0xFF, 0xA7,
0x0C, 0x00, 0x08, 0xCD, 0xFF, 0xFF, 0xBD, 0x45, 0x12, 0x04, 0x15, 0x4E, 0xCA, 0xFF, 0xFF, 0xBD,
0x02, 0x75, 0xFF, 0xFF, 0xC7, 0x03, 0x00, 0x00, 0x00, 0x00, 0x00, 0x06, 0xC9, 0xFF, 0xFF, 0x63,
0xCD, 0xFF, 0xFF, 0x44, 0x00, 0x00, 0x00, 0x00, 0x00, 0x00, 0x00, 0x46, 0xFF, 0xFF, 0xC4, 0xF5,
0xFF, 0xFF, 0x12, 0x00, 0x00, 0x00, 0x00, 0x00, 0x00, 0x00, 0x0C, 0xFF, 0xFF, 0xF2, 0xF7, 0xFF,
0xFF, 0x09, 0x00, 0x00, 0x00, 0x00, 0x00, 0x00, 0x00, 0x09, 0xFF, 0xFF, 0xF7, 0xD9, 0xFF, 0xFF,
0x30, 0x00, 0x00, 0x00, 0x00, 0x00, 0x00, 0x00, 0x3D, 0xFF, 0xFF, 0xDB, 0x92, 0xFF, 0xFF, 0x9C,
0x00, 0x00, 0x00, 0x00, 0x00, 0x00, 0x02, 0xBB, 0xFF, 0xFF, 0x95, 0x21, 0xF9, 0xFF, 0xFF, 0xBF,
0x5A, 0x1C, 0x05, 0x11, 0x44, 0xBB, 0xFF, 0xFF, 0xF9, 0x23, 0x00, 0x65, 0xFF, 0xFF, 0xFF, 0xFF,
0xFF, 0xFF, 0xFF, 0xFF, 0xFF, 0xFF, 0xFF, 0x66, 0x00, 0x00, 0x00, 0x5F, 0xF5, 0xFF, 0xFF, 0xFF,
0xFF, 0xFF, 0xFF, 0xFF, 0xF5, 0x5F, 0x00, 0x00, 0x00, 0x00, 0x00, 0x16, 0x7F, 0xC7, 0xED, 0xFB,
0xED, 0xC7, 0x7F, 0x16, 0x00, 0x00, 0x00, 0x00, 0x00, 0x00, 0x1C, 0x89, 0xCF, 0xF1, 0xF9, 0xDF,
0xA2, 0x3C, 0x00, 0x00, 0x00, 0x00, 0x00, 0x00, 0x66, 0xF8, 0xFF, 0xFF, 0xFF, 0xFF, 0xFF, 0xFF,
0xFF, 0xA0, 0x07, 0x00, 0x00, 0x00, 0x6B, 0xFF, 0xFF, 0xFF, 0xFF, 0xFF, 0xFF, 0xFF, 0xFF, 0xFF,
0xFF, 0xC3, 0x06, 0x00, 0x21, 0xFA, 0xFF, 0xFF, 0xD6, 0x58, 0x19, 0x04, 0x10, 0x44, 0xBC, 0xFF,
0xFF, 0x7F, 0x00, 0x90, 0xFF, 0xFF, 0xD5, 0x0C, 0x00, 0x00, 0x00, 0x00, 0x00, 0x02, 0xBB, 0xFF,
0xF9, 0x1A, 0xD5, 0xFF, 0xFF, 0x50, 0x00, 0x00, 0x00, 0x00, 0x00, 0x00, 0x00, 0x3E, 0xFF, 0xFF,
0x6F, 0xF3, 0xFF, 0xFF, 0x10, 0x00, 0x00, 0x00, 0x00, 0x00, 0x00, 0x00, 0x0B, 0xFF, 0xFF, 0xAB,
0xF7, 0xFF, 0xFF, 0x06, 0x00, 0x00, 0x00, 0x00, 0x00, 0x00, 0x00, 0x0A, 0xFF, 0xFF, 0xD2, 0xDF,
0xFF, 0xFF, 0x34, 0x00, 0x00, 0x00, 0x00, 0x00, 0x00, 0x00, 0x43, 0xFF, 0xFF, 0xEC, 0xA1, 0xFF,
0xFF, 0xB4, 0x01, 0x00, 0x00, 0x00, 0x00, 0x00, 0x0B, 0xCC, 0xFF, 0xFF, 0xF7, 0x38, 0xFF, 0xFF,
0xFF, 0xBA, 0x46, 0x11, 0x03, 0x15, 0x58, 0xD7, 0xFF, 0xFF, 0xFF, 0xFD, 0x00, 0x93, 0xFF, 0xFF,
0xFF, 0xFF, 0xFF, 0xFF, 0xFF, 0xFF, 0xFF, 0xB5, 0xFE, 0xFF, 0xF7, 0x00, 0x04, 0x94, 0xFF, 0xFF,
0xFF, 0xFF, 0xFF, 0xFF, 0xFF, 0xAE, 0x16, 0xFF, 0xFF, 0xEB, 0x00, 0x00, 0x00, 0x3B, 0xA6, 0xE4,
0xF9, 0xE5, 0xB2, 0x4D, 0x00, 0x23, 0xFF, 0xFF, 0xD1, 0x00, 0x00, 0x00, 0x00, 0x00, 0x00, 0x00,
0x00, 0x00, 0x00, 0x00, 0x57, 0xFF, 0xFF, 0xAD, 0x00, 0x00, 0x00, 0x00, 0x00, 0x00, 0x00, 0x00,
0x00, 0x00, 0x00, 0x9E, 0xFF, 0xFF, 0x78, 0xE7, 0xFF, 0xFF, 0x2E, 0x00, 0x00, 0x00, 0x00, 0x00,
0x00, 0x06, 0xEB, 0xFF, 0xFF, 0x2D, 0xAB, 0xFF, 0xFF, 0xA4, 0x00, 0x00, 0x00, 0x00, 0x00, 0x00,
0x77, 0xFF, 0xFF, 0xC7, 0x00, 0x49, 0xFF, 0xFF, 0xFF, 0xA1, 0x2F, 0x09, 0x12, 0x46, 0xAA, 0xFF,
0xFF, 0xFE, 0x3D, 0x00, 0x00, 0xB3, 0xFF, 0xFF, 0xFF, 0xFF, 0xFF, 0xFF, 0xFF, 0xFF, 0xFF, 0xFF,
0x7A, 0x00, 0x00, 0x00, 0x0C, 0xB9, 0xFF, 0xFF, 0xFF, 0xFF, 0xFF, 0xFF, 0xFF, 0xF4, 0x69, 0x00,
0x00, 0x00, 0x00, 0x00, 0x01, 0x56, 0xB5, 0xE9, 0xFB, 0xF1, 0xCA, 0x80, 0x1A, 0x00, 0x00, 0x00,
0x00, 0xFF, 0xFF, 0xFF, 0xFF, 0xFF, 0xFF, 0xFF, 0xFF, 0xFF, 0x00, 0x00, 0x00, 0x00, 0x00, 0x00,
0x00, 0x00, 0x00, 0x00, 0x00, 0x00, 0x00, 0x00, 0x00, 0x00, 0x00, 0x00, 0x00, 0x00, 0x00, 0x00,
0x00, 0x00, 0x00, 0x00, 0x00, 0x00, 0x00, 0x00, 0xFF, 0xFF, 0xFF, 0xFF, 0xFF, 0xFF, 0xFF, 0xFF,
0xFF, 0xFF, 0xFF, 0xFF, 0xFF, 0xFF, 0xFF, 0xFF, 0xFF, 0xFF, 0x00, 0x00, 0x00, 0x00, 0x00, 0x00,
0x00, 0x00, 0x00, 0x00, 0x00, 0x00, 0x00, 0x00, 0x00, 0x00, 0x00, 0x00, 0x00, 0x00, 0x00, 0x00,
0x00, 0x00, 0x00, 0x00, 0x00, 0x00, 0x00, 0x00, 0xFF, 0xFF, 0xFF, 0xFF, 0xFF, 0xFF, 0xFF, 0xFF,
0xFF, 0x00, 0x8F, 0xF4, 0x00, 0xC5, 0xD4, 0x7B, 0xFF, 0x77, 0x90, 0x8D, 0x02, 0x00, 0x00, 0x00,
0x00, 0x00, 0x00, 0x00, 0x00, 0x00, 0x00, 0x00, 0x06, 0x5B, 0xC8, 0x00, 0x00, 0x00, 0x00, 0x00,
0x00, 0x00, 0x00, 0x00, 0x18, 0x7F, 0xE7, 0xFF, 0xFF, 0x00, 0x00, 0x00, 0x00, 0x00, 0x00, 0x00,
0x36, 0xA4, 0xF9, 0xFF, 0xFF, 0xFF, 0xFF, 0x00, 0x00, 0x00, 0x00, 0x06, 0x5B, 0xC8, 0xFF, 0xFF,
0xFF, 0xFF, 0xF5, 0x9D, 0x34, 0x00, 0x00, 0x18, 0x7F, 0xE7, 0xFF, 0xFF, 0xFF, 0xFF, 0xD6, 0x6F,
0x10, 0x00, 0x00, 0x36, 0xA4, 0xF9, 0xFF, 0xFF, 0xFF, 0xFA, 0xA9, 0x40, 0x00, 0x00, 0x00, 0x00,
0x00, 0xFF, 0xFF, 0xFF, 0xFF, 0xE0, 0x7A, 0x17, 0x00, 0x00, 0x00, 0x00, 0x00, 0x00, 0x00, 0xFF,
0xFF, 0xFF, 0x97, 0x05, 0x00, 0x00, 0x00, 0x00, 0x00, 0x00, 0x00, 0x00, 0x00, 0xFF, 0xFF, 0xFF,
0xFF, 0xDF, 0x79, 0x16, 0x00, 0x00, 0x00, 0x00, 0x00, 0x00, 0x00, 0x37, 0xA5, 0xFA, 0xFF, 0xFF,
0xFF, 0xFA, 0xA8, 0x3F, 0x00, 0x00, 0x00, 0x00, 0x00, 0x00, 0x00, 0x18, 0x80, 0xE7, 0xFF, 0xFF,
0xFF, 0xFF, 0xD6, 0x6E, 0x10, 0x00, 0x00, 0x00, 0x00, 0x00, 0x00, 0x06, 0x5C, 0xC9, 0xFF, 0xFF,
0xFF, 0xFF, 0xF5, 0x9C, 0x34, 0x00, 0x00, 0x00, 0x00, 0x00, 0x00, 0x00, 0x37, 0xA5, 0xFA, 0xFF,
0xFF, 0xFF, 0xFF, 0x00, 0x00, 0x00, 0x00, 0x00, 0x00, 0x00, 0x00, 0x00, 0x18, 0x80, 0xE7, 0xFF,
0xFF, 0x00, 0x00, 0x00, 0x00, 0x00, 0x00, 0x00, 0x00, 0x00, 0x00, 0x00, 0x06, 0x5C, 0xC9, 0xFF,
0xFF, 0xFF, 0xFF, 0xFF, 0xFF, 0xFF, 0xFF, 0xFF, 0xFF, 0xFF, 0xFF, 0xFF, 0xFF, 0xFF, 0xFF, 0xFF,
0xFF, 0xFF, 0xFF, 0xFF, 0xFF, 0xFF, 0xFF, 0xFF, 0xFF, 0xFF, 0xFF, 0xFF, 0xFF, 0xFF, 0xFF, 0xFF,
0xFF, 0xFF, 0xFF, 0xFF, 0xFF, 0xFF, 0xFF, 0xFF, 0xFF, 0xFF, 0xFF, 0xFF, 0x00, 0x00, 0x00, 0x00,
0x00, 0x00, 0x00, 0x00, 0x00, 0x00, 0x00, 0x00, 0x00, 0x00, 0x00, 0x00, 0x00, 0x00, 0x00, 0x00,
0x00, 0x00, 0x00, 0x00, 0x00, 0x00, 0x00, 0x00, 0x00, 0x00, 0x00, 0x00, 0x00, 0x00, 0x00, 0x00,
0x00, 0x00, 0x00, 0x00, 0x00, 0x00, 0x00, 0x00, 0x00, 0xFF, 0xFF, 0xFF, 0xFF, 0xFF, 0xFF, 0xFF,
0xFF, 0xFF, 0xFF, 0xFF, 0xFF, 0xFF, 0xFF, 0xFF, 0xFF, 0xFF, 0xFF, 0xFF, 0xFF, 0xFF, 0xFF, 0xFF,
0xFF, 0xFF, 0xFF, 0xFF, 0xFF, 0xFF, 0xFF, 0xFF, 0xFF, 0xFF, 0xFF, 0xFF, 0xFF, 0xFF, 0xFF, 0xFF,
0xFF, 0xFF, 0xFF, 0xFF, 0xFF, 0xFF, 0xC9, 0x5B, 0x05, 0x00, 0x00, 0x00, 0x00, 0x00, 0x00, 0x00,
0x00, 0x00, 0x00, 0x00, 0xFF, 0xFF, 0xE7, 0x7F, 0x18, 0x00, 0x00, 0x00, 0x00, 0x00, 0x00, 0x00,
0x00, 0x00, 0xFF, 0xFF, 0xFF, 0xFF, 0xF9, 0xA4, 0x36, 0x00, 0x00, 0x00, 0x00, 0x00, 0x00, 0x00,
0x34, 0x9D, 0xF5, 0xFF, 0xFF, 0xFF, 0xFF, 0xC9, 0x5B, 0x05, 0x00, 0x00, 0x00, 0x00, 0x00, 0x00,
0x10, 0x6F, 0xD6, 0xFF, 0xFF, 0xFF, 0xFF, 0xE7, 0x7F, 0x18, 0x00, 0x00, 0x00, 0x00, 0x00, 0x00,
0x00, 0x40, 0xA9, 0xFA, 0xFF, 0xFF, 0xFF, 0xF9, 0xA4, 0x36, 0x00, 0x00, 0x00, 0x00, 0x00, 0x00,
0x00, 0x17, 0x7A, 0xE0, 0xFF, 0xFF, 0xFF, 0xFF, 0x00, 0x00, 0x00, 0x00, 0x00, 0x00, 0x00, 0x00,
0x00, 0x05, 0x97, 0xFF, 0xFF, 0xFF, 0x00, 0x00, 0x00, 0x00, 0x00, 0x00, 0x00, 0x17, 0x79, 0xE0,
0xFF, 0xFF, 0xFF, 0xFF, 0x00, 0x00, 0x00, 0x00, 0x00, 0x3F, 0xA8, 0xFA, 0xFF, 0xFF, 0xFF, 0xF9,
0xA5, 0x36, 0x00, 0x00, 0x10, 0x6E, 0xD6, 0xFF, 0xFF, 0xFF, 0xFF, 0xE7, 0x80, 0x18, 0x00, 0x00,
0x34, 0x9C, 0xF5, 0xFF, 0xFF, 0xFF, 0xFF, 0xC9, 0x5C, 0x06, 0x00, 0x00, 0x00, 0x00, 0xFF, 0xFF,
0xFF, 0xFF, 0xF9, 0xA5, 0x36, 0x00, 0x00, 0x00, 0x00, 0x00, 0x00, 0x00, 0xFF, 0xFF, 0xE7, 0x80,
0x18, 0x00, 0x00, 0x00, 0x00, 0x00, 0x00, 0x00, 0x00, 0x00, 0xC9, 0x5C, 0x06, 0x00, 0x00, 0x00,
0x00, 0x00, 0x00, 0x00, 0x00, 0x00, 0x00, 0x00, 0x00, 0x00, 0x00, 0x28, 0x8C, 0xCB, 0xEF, 0xFB,
0xEF, 0xD0, 0x95, 0x35, 0x00, 0x00, 0x00, 0x00, 0x01, 0x87, 0xFC, 0xFF, 0xFF, 0xFF, 0xFF, 0xFF,
0xFF, 0xFF, 0xFF, 0xA3, 0x0B, 0x00, 0x00, 0x91, 0xFF, 0xFF, 0xFF, 0xFF, 0xFF, 0xFF, 0xFF, 0xFF,
0xFF, 0xFF, 0xFF, 0xBF, 0x04, 0x39, 0xFF, 0xFF, 0xFF, 0xD0, 0x5C, 0x1F, 0x08, 0x20, 0x5A, 0xD3,
0xFF, 0xFF, 0xFF, 0x70, 0xA4, 0xFF, 0xFF, 0xC0, 0x0A, 0x00, 0x00, 0x00, 0x00, 0x00, 0x04, 0xAE,
0xFF, 0xFF, 0xD1, 0xE5, 0xFF, 0xFF, 0x37, 0x00, 0x00, 0x00, 0x00, 0x00, 0x00, 0x00, 0x1F, 0xFF,
0xFF, 0xF6, 0x00, 0x00, 0x00, 0x00, 0x00, 0x00, 0x00, 0x00, 0x00, 0x00, 0x00, 0x13, 0xFF, 0xFF,
0xE6, 0x00, 0x00, 0x00, 0x00, 0x00, 0x00, 0x00, 0x00, 0x00, 0x00, 0x00, 0x92, 0xFF, 0xFF, 0xA2,
0x00, 0x00, 0x00, 0x00, 0x00, 0x00, 0x00, 0x00, 0x00, 0x00, 0x83, 0xFF, 0xFF, 0xF8, 0x2B, 0x00,
0x00, 0x00, 0x00, 0x00, 0x00, 0x00, 0x00, 0x01, 0x95, 0xFF, 0xFF, 0xFE, 0x5E, 0x00, 0x00, 0x00,
0x00, 0x00, 0x00, 0x00, 0x00, 0x02, 0xA2, 0xFF, 0xFF, 0xFE, 0x6C, 0x00, 0x00, 0x00, 0x00, 0x00,
0x00, 0x00, 0x00, 0x00, 0x8A, 0xFF, 0xFF, 0xFE, 0x65, 0x00, 0x00, 0x00, 0x00, 0x00, 0x00, 0x00,
0x00, 0x00, 0x34, 0xFE, 0xFF, 0xFF, 0x64, 0x00, 0x00, 0x00, 0x00, 0x00, 0x00, 0x00, 0x00, 0x00,
0x00, 0x9F, 0xFF, 0xFF, 0xAD, 0x00, 0x00, 0x00, 0x00, 0x00, 0x00, 0x00, 0x00, 0x00, 0x00, 0x00,
0xDE, 0xFF, 0xFF, 0x41, 0x00, 0x00, 0x00, 0x00, 0x00, 0x00, 0x00, 0x00, 0x00, 0x00, 0x00, 0xF8,
0xFF, 0xFF, 0x15, 0x00, 0x00, 0x00, 0x00, 0x00, 0x00, 0x00, 0x00, 0x00, 0x00, 0x02, 0xFF, 0xFF,
0xFF, 0x06, 0x00, 0x00, 0x00, 0x00, 0x00, 0x00, 0x00, 0x00, 0x00, 0x00, 0x00, 0x00, 0x00, 0x00,
0x00, 0x00, 0x00, 0x00, 0x00, 0x00, 0x00, 0x00, 0x00, 0x00, 0x00, 0x00, 0x00, 0x00, 0x00, 0x00,
0x00, 0x00, 0x00, 0x00, 0x00, 0x00, 0x00, 0x00, 0x00, 0x00, 0x00, 0xFF, 0xFF, 0xFF, 0x00, 0x00,
0x00, 0x00, 0x00, 0x00, 0x00, 0x00, 0x00, 0x00, 0x00, 0x00, 0xFF, 0xFF, 0xFF, 0x00, 0x00, 0x00,
0x00, 0x00, 0x00, 0x00, 0x00, 0x00, 0x00, 0x00, 0x00, 0xFF, 0xFF, 0xFF, 0x00, 0x00, 0x00, 0x00,
0x00, 0x00, 0x00, 0x00, 0x00, 0x00, 0x00, 0x00, 0x00, 0x00, 0x02, 0x3F, 0x89, 0xBA, 0xE0, 0xF0,
0xFC, 0xF2, 0xDC, 0xB2, 0x75, 0x26, 0x00, 0x00, 0x00, 0x00, 0x00, 0x00, 0x00, 0x00, 0x00, 0x00,
0x00, 0x00, 0x00, 0x00, 0x05, 0x6B, 0xE3, 0xFF, 0xFF, 0xFF, 0xFF, 0xFF, 0xFF, 0xFF, 0xFF, 0xFF,
0xFF, 0xFF, 0xB9, 0x36, 0x00, 0x00, 0x00, 0x00, 0x00, 0x00, 0x00, 0x00, 0x00, 0x00, 0x00, 0x2B,
0xD5, 0xFF, 0xFF, 0xFF, 0xFF, 0xFF, 0xFF, 0xFF, 0xFF, 0xFF, 0xFF, 0xFF, 0xFF, 0xFF, 0xFF, 0xFD,
0x8C, 0x03, 0x00, 0x00, 0x00, 0x00, 0x00, 0x00, 0x00, 0x00, 0x48, 0xF5, 0xFF, 0xFF, 0xFF, 0xF2,
0xA1, 0x56, 0x25, 0x0D, 0x04, 0x12, 0x37, 0x74, 0xCB, 0xFF, 0xFF, 0xFF, 0xFF, 0xB1, 0x04, 0x00,
0x00, 0x00, 0x00, 0x00, 0x00, 0x3F, 0xF7, 0xFF, 0xFF, 0xF9, 0x84, 0x10, 0x00, 0x00, 0x00, 0x00,
0x00, 0x00, 0x00, 0x00, 0x00, 0x42, 0xD4, 0xFF, 0xFF, 0xFF, 0x97, 0x00, 0x00, 0x00, 0x00, 0x00,
0x15, 0xE7, 0xFF, 0xFF, 0xE2, 0x2F, 0x00, 0x00, 0x00, 0x00, 0x00, 0x00, 0x00, 0x00, 0x00, 0x00,
0x00, 0x00, 0x09, 0xA8, 0xFF, 0xFF, 0xFF, 0x49, 0x00, 0x00, 0x00, 0x00, 0xA8, 0xFF, 0xFF, 0xE5,
0x1D, 0x00, 0x00, 0x00, 0x3D, 0xB4, 0xF2, 0xED, 0xA9, 0x26, 0x00, 0x2C, 0xFF, 0xFF, 0xDE, 0x03,
0xBA, 0xFF, 0xFF, 0xD6, 0x01, 0x00, 0x00, 0x32, 0xFE, 0xFF, 0xFC, 0x37, 0x00, 0x00, 0x01, 0x88,
0xFE, 0xFF, 0xFF, 0xFF, 0xFF, 0xEF, 0x36, 0x85, 0xFF, 0xFF, 0x9D, 0x00, 0x1B, 0xF6, 0xFF, 0xFF,
0x47, 0x00, 0x00, 0xAC, 0xFF, 0xFF, 0x93, 0x00, 0x00, 0x00, 0x85, 0xFF, 0xFF, 0xFF, 0xFF, 0xFF,
0xFF, 0xFF, 0xDD, 0xDF, 0xFF, 0xFF, 0x5C, 0x00, 0x00, 0x97, 0xFF, 0xFF, 0x9A, 0x00, 0x16, 0xFA,
0xFF, 0xFA, 0x1B, 0x00, 0x00, 0x3E, 0xFE, 0xFF, 0xFF, 0x9F, 0x20, 0x13, 0x6F, 0xFA, 0xFF, 0xFF,
0xFF, 0xFF, 0x1C, 0x00, 0x00, 0x44, 0xFF, 0xFF, 0xD0, 0x00, 0x61, 0xFF, 0xFF, 0xB1, 0x00, 0x00,
0x00, 0xCA, 0xFF, 0xFF, 0x9F, 0x00, 0x00, 0x00, 0x00, 0x86, 0xFF, 0xFF, 0xFF, 0xDA, 0x00, 0x00,
0x00, 0x14, 0xFF, 0xFF, 0xF0, 0x00, 0xA2, 0xFF, 0xFF, 0x64, 0x00, 0x00, 0x3B, 0xFF, 0xFF, 0xED,
0x10, 0x00, 0x00, 0x00, 0x00, 0x27, 0xFF, 0xFF, 0xFF, 0x99, 0x00, 0x00, 0x00, 0x05, 0xFF, 0xFF,
0xFA, 0x00, 0xCE, 0xFF, 0xFF, 0x31, 0x00, 0x00, 0x92, 0xFF, 0xFF, 0x8F, 0x00, 0x00, 0x00, 0x00,
0x00, 0x08, 0xFF, 0xFF, 0xFF, 0x58, 0x00, 0x00, 0x00, 0x1D, 0xFF, 0xFF, 0xE6, 0x00, 0xED, 0xFF,
0xFF, 0x10, 0x00, 0x00, 0xCE, 0xFF, 0xFF, 0x42, 0x00, 0x00, 0x00, 0x00, 0x00, 0x13, 0xFF, 0xFF,
0xFF, 0x18, 0x00, 0x00, 0x00, 0x44, 0xFF, 0xFF, 0xC8, 0x00, 0xFA, 0xFF, 0xFF, 0x03, 0x00, 0x00,
0xF2, 0xFF, 0xFF, 0x12, 0x00, 0x00, 0x00, 0x00, 0x00, 0x42, 0xFF, 0xFF, 0xD6, 0x00, 0x00, 0x00,
0x00, 0x99, 0xFF, 0xFF, 0x84, 0x00, 0xF9, 0xFF, 0xFF, 0x0C, 0x00, 0x00, 0xFA, 0xFF, 0xFF, 0x08,
0x00, 0x00, 0x00, 0x00, 0x00, 0x91, 0xFF, 0xFF, 0x95, 0x00, 0x00, 0x00, 0x16, 0xF0, 0xFF, 0xFF,
0x32, 0x00, 0xE9, 0xFF, 0xFF, 0x25, 0x00, 0x00, 0xE5, 0xFF, 0xFF, 0x25, 0x00, 0x00, 0x00, 0x00,
0x17, 0xF1, 0xFF, 0xFF, 0x55, 0x00, 0x00, 0x00, 0xA6, 0xFF, 0xFF, 0xB1, 0x00, 0x00, 0xC4, 0xFF,
0xFF, 0x57, 0x00, 0x00, 0xBB, 0xFF, 0xFF, 0x80, 0x00, 0x00, 0x00, 0x05, 0xB8, 0xFF, 0xFF, 0xFF,
0x19, 0x00, 0x00, 0x88, 0xFF, 0xFF, 0xF3, 0x27, 0x00, 0x00, 0x8E, 0xFF, 0xFF, 0xA5, 0x00, 0x00,
0x6B, 0xFF, 0xFF, 0xF7, 0x63, 0x0E, 0x35, 0xC2, 0xFF, 0xFF, 0xFF, 0xFF, 0x34, 0x29, 0xAF, 0xFF,
0xFF, 0xFF, 0x56, 0x00, 0x00, 0x00, 0x46, 0xFF, 0xFF, 0xF6, 0x19, 0x00, 0x0B, 0xE4, 0xFF, 0xFF,
0xFF, 0xFF, 0xFF, 0xFF, 0xE9, 0xFC, 0xFF, 0xFF, 0xFF, 0xFF, 0xFF, 0xFF, 0xFE, 0x6B, 0x00, 0x00,
0x00, 0x00, 0x02, 0xE2, 0xFF, 0xFF, 0xA3, 0x00, 0x00, 0x43, 0xF6, 0xFF, 0xFF, 0xFF, 0xFF, 0xE5,
0x2E, 0xCE, 0xFF, 0xFF, 0xFF, 0xFF, 0xFF, 0xE7, 0x50, 0x00, 0x00, 0x00, 0x00, 0x00, 0x00, 0x5E,
0xFF, 0xFF, 0xFF, 0x6A, 0x00, 0x00, 0x31, 0xB3, 0xF0, 0xE7, 0x94, 0x15, 0x00, 0x2E, 0xC5, 0xF7,
0xEF, 0xC9, 0x74, 0x10, 0x00, 0x00, 0x70, 0xFF, 0xFF, 0xB9, 0x00, 0x00, 0xC2, 0xFF, 0xFF, 0xFE,
0x7D, 0x03, 0x00, 0x00, 0x00, 0x00, 0x00, 0x00, 0x00, 0x00, 0x00, 0x00, 0x00, 0x00, 0x00, 0x00,
0x04, 0x84, 0xFF, 0xFF, 0xF0, 0x22, 0x00, 0x00, 0x18, 0xDA, 0xFF, 0xFF, 0xFF, 0xCC, 0x4D, 0x02,
0x00, 0x00, 0x00, 0x00, 0x00, 0x00, 0x00, 0x00, 0x00, 0x00, 0x00, 0x48, 0xD0, 0xFF, 0xFF, 0xF8,
0x44, 0x00, 0x00, 0x00, 0x00, 0x1D, 0xD9, 0xFF, 0xFF, 0xFF, 0xFF, 0xE5, 0x97, 0x5B, 0x31, 0x12,
0x06, 0x04, 0x0E, 0x27, 0x4E, 0x89, 0xDB, 0xFF, 0xFF, 0xFF, 0xEB, 0x42, 0x00, 0x00, 0x00, 0x00,
0x00, 0x00, 0x0A, 0x92, 0xFE, 0xFF, 0xFF, 0xFF, 0xFF, 0xFF, 0xFF, 0xFF, 0xFF, 0xFF, 0xFF, 0xFF,
0xFF, 0xFF, 0xFF, 0xFF, 0xFF, 0xC2, 0x1B, 0x00, 0x00, 0x00, 0x00, 0x00, 0x00, 0x00, 0x00, 0x00,
0x30, 0x9B, 0xF4, 0xFF, 0xFF, 0xFF, 0xFF, 0xFF, 0xFF, 0xFF, 0xFF, 0xFF, 0xFF, 0xFF, 0xFF, 0xCA,
0x4D, 0x00, 0x00, 0x00, 0x00, 0x00, 0x00, 0x00, 0x00, 0x00, 0x00, 0x00, 0x00, 0x00, 0x0D, 0x4D,
0x84, 0xB9, 0xD7, 0xE8, 0xF8, 0xFB, 0xF1, 0xD9, 0xB3, 0x7D, 0x32, 0x00, 0x00, 0x00, 0x00, 0x00,
0x00, 0x00, 0x00, 0x00, 0x00, 0x00, 0x00, 0x00, 0x00, 0x00, 0x6E, 0xFF, 0xFF, 0xFF, 0x6D, 0x00,
0x00, 0x00, 0x00, 0x00, 0x00, 0x00, 0x00, 0x00, 0x00, 0x00, 0x00, 0x00, 0x00, 0x00, 0x00, 0xCA,
0xFF, 0xFF, 0xFF, 0xC9, 0x00, 0x00, 0x00, 0x00, 0x00, 0x00, 0x00, 0x00, 0x00, 0x00, 0x00, 0x00,
0x00, 0x00, 0x00, 0x26, 0xFF, 0xFF, 0xFF, 0xFF, 0xFF, 0x25, 0x00, 0x00, 0x00, 0x00, 0x00, 0x00,
0x00, 0x00, 0x00, 0x00, 0x00, 0x00, 0x00, 0x00, 0x82, 0xFF, 0xFF, 0xA8, 0xFF, 0xFF, 0x81, 0x00,
0x00, 0x00, 0x00, 0x00, 0x00, 0x00, 0x00, 0x00, 0x00, 0x00, 0x00, 0x00, 0x00, 0xDC, 0xFF, 0xF2,
0x12, 0xF3, 0xFF, 0xDC, 0x00, 0x00, 0x00, 0x00, 0x00, 0x00, 0x00, 0x00, 0x00, 0x00, 0x00, 0x00,
0x00, 0x39, 0xFF, 0xFF, 0xA3, 0x00, 0xA6, 0xFF, 0xFF, 0x38, 0x00, 0x00, 0x00, 0x00, 0x00, 0x00,
0x00, 0x00, 0x00, 0x00, 0x00, 0x00, 0x95, 0xFF, 0xFF, 0x4B, 0x00, 0x4D, 0xFF, 0xFF, 0x94, 0x00,
0x00, 0x00, 0x00, 0x00, 0x00, 0x00, 0x00, 0x00, 0x00, 0x00, 0x05, 0xEB, 0xFF, 0xEE, 0x05, 0x00,
0x05, 0xEE, 0xFF, 0xEB, 0x04, 0x00, 0x00, 0x00, 0x00, 0x00, 0x00, 0x00, 0x00, 0x00, 0x00, 0x4D,
0xFF, 0xFF, 0x9C, 0x00, 0x00, 0x00, 0x9D, 0xFF, 0xFF, 0x4C, 0x00, 0x00, 0x00, 0x00, 0x00, 0x00,
0x00, 0x00, 0x00, 0x00, 0xA9, 0xFF, 0xFF, 0x45, 0x00, 0x00, 0x00, 0x46, 0xFF, 0xFF, 0xA8, 0x00,
0x00, 0x00, 0x00, 0x00, 0x00, 0x00, 0x00, 0x00, 0x0D, 0xF6, 0xFF, 0xEA, 0x03, 0x00, 0x00, 0x00,
0x04, 0xEB, 0xFF, 0xF6, 0x0D, 0x00, 0x00, 0x00, 0x00, 0x00, 0x00, 0x00, 0x00, 0x60, 0xFF, 0xFF,
0x97, 0x00, 0x00, 0x00, 0x00, 0x00, 0x98, 0xFF, 0xFF, 0x5F, 0x00, 0x00, 0x00, 0x00, 0x00, 0x00,
0x00, 0x00, 0xBC, 0xFF, 0xFF, 0xFF, 0xFF, 0xFF, 0xFF, 0xFF, 0xFF, 0xFF, 0xFF, 0xFF, 0xBB, 0x00,
0x00, 0x00, 0x00, 0x00, 0x00, 0x00, 0x1A, 0xFD, 0xFF, 0xFF, 0xFF, 0xFF, 0xFF, 0xFF, 0xFF, 0xFF,
0xFF, 0xFF, 0xFF, 0xFD, 0x1A, 0x00, 0x00, 0x00, 0x00, 0x00, 0x00, 0x74, 0xFF, 0xFF, 0xFF, 0xFF,
0xFF, 0xFF, 0xFF, 0xFF, 0xFF, 0xFF, 0xFF, 0xFF, 0xFF, 0x73, 0x00, 0x00, 0x00, 0x00, 0x00, 0x00,
0xD0, 0xFF, 0xFF, 0x33, 0x00, 0x00, 0x00, 0x00, 0x00, 0x00, 0x00, 0x35, 0xFF, 0xFF, 0xCF, 0x00,
0x00, 0x00, 0x00, 0x00, 0x2A, 0xFF, 0xFF, 0xD2, 0x00, 0x00, 0x00, 0x00, 0x00, 0x00, 0x00, 0x00,
0x00, 0xD4, 0xFF, 0xFF, 0x2A, 0x00, 0x00, 0x00, 0x00, 0x87, 0xFF, 0xFF, 0x72, 0x00, 0x00, 0x00,
0x00, 0x00, 0x00, 0x00, 0x00, 0x00, 0x75, 0xFF, 0xFF, 0x86, 0x00, 0x00, 0x00, 0x01, 0xE1, 0xFF,
0xFB, 0x16, 0x00, 0x00, 0x00, 0x00, 0x00, 0x00, 0x00, 0x00, 0x00, 0x18, 0xFC, 0xFF, 0xE0, 0x01,
0x00, 0x00, 0x3F, 0xFF, 0xFF, 0xB1, 0x00, 0x00, 0x00, 0x00, 0x00, 0x00, 0x00, 0x00, 0x00, 0x00,
0x00, 0xB5, 0xFF, 0xFF, 0x3E, 0x00, 0x00, 0x9B, 0xFF, 0xFF, 0x50, 0x00, 0x00, 0x00, 0x00, 0x00,
0x00, 0x00, 0x00, 0x00, 0x00, 0x00, 0x55, 0xFF, 0xFF, 0x9A, 0x00, 0x07, 0xEF, 0xFF, 0xEA, 0x05,
0x00, 0x00, 0x00, 0x00, 0x00, 0x00, 0x00, 0x00, 0x00, 0x00, 0x00, 0x07, 0xED, 0xFF, 0xEE, 0x07,
0xFF, 0xFF, 0xFF, 0xFF, 0xFF, 0xFF, 0xFF, 0xFF, 0xFE, 0xF6, 0xDE, 0xB1, 0x61, 0x04, 0x00, 0x00,
0x00, 0xFF, 0xFF, 0xFF, 0xFF, 0xFF, 0xFF, 0xFF, 0xFF, 0xFF, 0xFF, 0xFF, 0xFF, 0xFF, 0xD4, 0x26,
0x00, 0x00, 0xFF, 0xFF, 0xFF, 0xFF, 0xFF, 0xFF, 0xFF, 0xFF, 0xFF, 0xFF, 0xFF, 0xFF, 0xFF, 0xFF,
0xDF, 0x12, 0x00, 0xFF, 0xFF, 0xFF, 0x00, 0x00, 0x00, 0x00, 0x00, 0x05, 0x13, 0x33, 0x8D, 0xFD,
0xFF, 0xFF, 0x84, 0x00, 0xFF, 0xFF, 0xFF, 0x00, 0x00, 0x00, 0x00, 0x00, 0x00, 0x00, 0x00, 0x00,
0x7A, 0xFF, 0xFF, 0xD9, 0x00, 0xFF, 0xFF, 0xFF, 0x00, 0x00, 0x00, 0x00, 0x00, 0x00, 0x00, 0x00,
0x00, 0x15, 0xFF, 0xFF, 0xF5, 0x00, 0xFF, 0xFF, 0xFF, 0x00, 0x00, 0x00, 0x00, 0x00, 0x00, 0x00,
0x00, 0x00, 0x11, 0xFF, 0xFF, 0xD6, 0x00, 0xFF, 0xFF, 0xFF, 0x00, 0x00, 0x00, 0x00, 0x00, 0x00,
0x00, 0x00, 0x00, 0x6F, 0xFF, 0xFF, 0x76, 0x00, 0xFF, 0xFF, 0xFF, 0x00, 0x00, 0x00, 0x00, 0x00,
0x02, 0x0F, 0x33, 0x90, 0xFD, 0xFF, 0xC0, 0x08, 0x00, 0xFF, 0xFF, 0xFF, 0xFF, 0xFF, 0xFF, 0xFF,
0xFF, 0xFF, 0xFF, 0xFF, 0xFF, 0xFC, 0x90, 0x0C, 0x00, 0x00, 0xFF, 0xFF, 0xFF, 0xFF, 0xFF, 0xFF,
0xFF, 0xFF, 0xFF, 0xFF, 0xFF, 0xFF, 0xFD, 0xAC, 0x34, 0x00, 0x00, 0xFF, 0xFF, 0xFF, 0xFF, 0xFF,
0xFF, 0xFF, 0xFF, 0xFF, 0xFF, 0xFF, 0xFF, 0xFF, 0xFF, 0xFA, 0x57, 0x00, 0xFF, 0xFF, 0xFF, 0x00,
0x00, 0x00, 0x00, 0x00, 0x02, 0x0B, 0x25, 0x5F, 0xD2, 0xFF, 0xFF, 0xFC, 0x32, 0xFF, 0xFF, 0xFF,
0x00, 0x00, 0x00, 0x00, 0x00, 0x00, 0x00, 0x00, 0x00, 0x08, 0xBF, 0xFF, 0xFF, 0xA8, 0xFF, 0xFF,
0xFF, 0x00, 0x00, 0x00, 0x00, 0x00, 0x00, 0x00, 0x00, 0x00, 0x00, 0x33, 0xFF, 0xFF, 0xE8, 0xFF,
0xFF, 0xFF, 0x00, 0x00, 0x00, 0x00, 0x00, 0x00, 0x00, 0x00, 0x00, 0x00, 0x09, 0xFF, 0xFF, 0xF9,
0xFF, 0xFF, 0xFF, 0x00, 0x00, 0x00, 0x00, 0x00, 0x00, 0x00, 0x00, 0x00, 0x00, 0x2D, 0xFF, 0xFF,
0xE2, 0xFF, 0xFF, 0xFF, 0x00, 0x00, 0x00, 0x00, 0x00, 0x00, 0x00, 0x00, 0x00, 0x01, 0xAD, 0xFF,
0xFF, 0xA6, 0xFF, 0xFF, 0xFF, 0x00, 0x00, 0x00, 0x00, 0x00, 0x00, 0x03, 0x15, 0x4D, 0xBF, 0xFF,
0xFF, 0xFF, 0x3F, 0xFF, 0xFF, 0xFF, 0xFF, 0xFF, 0xFF, 0xFF, 0xFF, 0xFF, 0xFF, 0xFF, 0xFF, 0xFF,
0xFF, 0xFF, 0x9E, 0x00, 0xFF, 0xFF, 0xFF, 0xFF, 0xFF, 0xFF, 0xFF, 0xFF, 0xFF, 0xFF, 0xFF, 0xFF,
0xFF, 0xFE, 0x98, 0x04, 0x00, 0xFF, 0xFF, 0xFF, 0xFF, 0xFF, 0xFF, 0xFF, 0xFF, 0xFE, 0xF5, 0xE6,
0xC0, 0x86, 0x2B, 0x00, 0x00, 0x00, 0x00, 0x00, 0x00, 0x00, 0x00, 0x07, 0x58, 0xA5, 0xD7, 0xF3,
0xFB, 0xEB, 0xC3, 0x81, 0x1E, 0x00, 0x00, 0x00, 0x00, 0x00, 0x00, 0x00, 0x00, 0x01, 0x64, 0xE8,
0xFF, 0xFF, 0xFF, 0xFF, 0xFF, 0xFF, 0xFF, 0xFF, 0xFA, 0x83, 0x03, 0x00, 0x00, 0x00, 0x00, 0x00,
0x07, 0xAA, 0xFF, 0xFF, 0xFF, 0xFF, 0xFF, 0xFF, 0xFF, 0xFF, 0xFF, 0xFF, 0xFF, 0xFF, 0xB2, 0x05,
0x00, 0x00, 0x00, 0x00, 0xA7, 0xFF, 0xFF, 0xFF, 0xD4, 0x6B, 0x2B, 0x0B, 0x0A, 0x29, 0x64, 0xD6,
0xFF, 0xFF, 0xFF, 0x8F, 0x00, 0x00, 0x00, 0x5D, 0xFF, 0xFF, 0xFF, 0x92, 0x02, 0x00, 0x00, 0x00,
0x00, 0x00, 0x00, 0x03, 0x99, 0xFF, 0xFF, 0xFD, 0x2D, 0x00, 0x04, 0xE2, 0xFF, 0xFF, 0x92, 0x00,
0x00, 0x00, 0x00, 0x00, 0x00, 0x00, 0x00, 0x00, 0x03, 0xC8, 0xFF, 0xFF, 0xA1, 0x00, 0x50, 0xFF,
0xFF, 0xE9, 0x0E, 0x00, 0x00, 0x00, 0x00, 0x00, 0x00, 0x00, 0x00, 0x00, 0x00, 0x44, 0xFD, 0xD7,
0x95, 0x00, 0x9B, 0xFF, 0xFF, 0x8B, 0x00, 0x00, 0x00, 0x00, 0x00, 0x00, 0x00, 0x00, 0x00, 0x00,
0x00, 0x01, 0x0C, 0x00, 0x00, 0x00, 0xCE, 0xFF, 0xFF, 0x46, 0x00, 0x00, 0x00, 0x00, 0x00, 0x00,
0x00, 0x00, 0x00, 0x00, 0x00, 0x00, 0x00, 0x00, 0x00, 0x00, 0xEE, 0xFF, 0xFF, 0x1D, 0x00, 0x00,
0x00, 0x00, 0x00, 0x00, 0x00, 0x00, 0x00, 0x00, 0x00, 0x00, 0x00, 0x00, 0x00, 0x00, 0xFB, 0xFF,
0xFF, 0x07, 0x00, 0x00, 0x00, 0x00, 0x00, 0x00, 0x00, 0x00, 0x00, 0x00, 0x00, 0x00, 0x00, 0x00,
0x00, 0x00, 0xF8, 0xFF, 0xFF, 0x0E, 0x00, 0x00, 0x00, 0x00, 0x00, 0x00, 0x00, 0x00, 0x00, 0x00,
0x00, 0x00, 0x00, 0x00, 0x00, 0x00, 0xE5, 0xFF, 0xFF, 0x25, 0x00, 0x00, 0x00, 0x00, 0x00, 0x00,
0x00, 0x00, 0x00, 0x00, 0x00, 0x00, 0x00, 0x00, 0x00, 0x00, 0xBF, 0xFF, 0xFF, 0x4E, 0x00, 0x00,
0x00, 0x00, 0x00, 0x00, 0x00, 0x00, 0x00, 0x00, 0x00, 0x00, 0x00, 0x01, 0x00, 0x00, 0x84, 0xFF,
0xFF, 0x9C, 0x00, 0x00, 0x00, 0x00, 0x00, 0x00, 0x00, 0x00, 0x00, 0x00, 0x00, 0x00, 0x2E, 0xED,
0xB5, 0x75, 0x36, 0xFF, 0xFF, 0xEE, 0x15, 0x00, 0x00, 0x00, 0x00, 0x00, 0x00, 0x00, 0x00, 0x00,
0x00, 0x00, 0x93, 0xFF, 0xFF, 0xB4, 0x00, 0xD0, 0xFF, 0xFF, 0xA9, 0x00, 0x00, 0x00, 0x00, 0x00,
0x00, 0x00, 0x00, 0x00, 0x00, 0x33, 0xF9, 0xFF, 0xFF, 0x54, 0x00, 0x4C, 0xFF, 0xFF, 0xFF, 0xA7,
0x0C, 0x00, 0x00, 0x00, 0x00, 0x00, 0x00, 0x00, 0x38, 0xE8, 0xFF, 0xFF, 0xD1, 0x01, 0x00, 0x00,
0xA0, 0xFF, 0xFF, 0xFF, 0xE6, 0x89, 0x39, 0x18, 0x05, 0x16, 0x49, 0xA4, 0xFD, 0xFF, 0xFF, 0xF7,
0x2F, 0x00, 0x00, 0x00, 0x07, 0xB3, 0xFF, 0xFF, 0xFF, 0xFF, 0xFF, 0xFF, 0xFF, 0xFF, 0xFF, 0xFF,
0xFF, 0xFF, 0xF7, 0x4C, 0x00, 0x00, 0x00, 0x00, 0x00, 0x02, 0x78, 0xF2, 0xFF, 0xFF, 0xFF, 0xFF,
0xFF, 0xFF, 0xFF, 0xFF, 0xFF, 0xCE, 0x31, 0x00, 0x00, 0x00, 0x00, 0x00, 0x00, 0x00, 0x00, 0x12,
0x67, 0xAD, 0xD9, 0xF2, 0xFC, 0xF1, 0xD5, 0x9D, 0x47, 0x01, 0x00, 0x00, 0x00, 0x00, 0xFF, 0xFF,
0xFF, 0xFF, 0xFF, 0xFF, 0xFF, 0xFF, 0xFD, 0xF6, 0xE5, 0xC6, 0x86, 0x2F, 0x00, 0x00, 0x00, 0x00,
0x00, 0xFF, 0xFF, 0xFF, 0xFF, 0xFF, 0xFF, 0xFF, 0xFF, 0xFF, 0xFF, 0xFF, 0xFF, 0xFF, 0xFF, 0xA8,
0x17, 0x00, 0x00, 0x00, 0xFF, 0xFF, 0xFF, 0xFF, 0xFF, 0xFF, 0xFF, 0xFF, 0xFF, 0xFF, 0xFF, 0xFF,
0xFF, 0xFF, 0xFF, 0xDB, 0x18, 0x00, 0x00, 0xFF, 0xFF, 0xFF, 0x00, 0x00, 0x00, 0x00, 0x00, 0x04,
0x0D, 0x24, 0x53, 0xB6, 0xFF, 0xFF, 0xFF, 0xD4, 0x09, 0x00, 0xFF, 0xFF, 0xFF, 0x00, 0x00, 0x00,
0x00, 0x00, 0x00, 0x00, 0x00, 0x00, 0x00, 0x61, 0xFC, 0xFF, 0xFF, 0x78, 0x00, 0xFF, 0xFF, 0xFF,
0x00, 0x00, 0x00, 0x00, 0x00, 0x00, 0x00, 0x00, 0x00, 0x00, 0x00, 0x71, 0xFF, 0xFF, 0xEF, 0x0E,
0xFF, 0xFF, 0xFF, 0x00, 0x00, 0x00, 0x00, 0x00, 0x00, 0x00, 0x00, 0x00, 0x00, 0x00, 0x02, 0xD3,
0xFF, 0xFF, 0x53, 0xFF, 0xFF, 0xFF, 0x00, 0x00, 0x00, 0x00, 0x00, 0x00, 0x00, 0x00, 0x00, 0x00,
0x00, 0x00, 0x72, 0xFF, 0xFF, 0x9A, 0xFF, 0xFF, 0xFF, 0x00, 0x00, 0x00, 0x00, 0x00, 0x00, 0x00,
0x00, 0x00, 0x00, 0x00, 0x00, 0x36, 0xFF, 0xFF, 0xCD, 0xFF, 0xFF, 0xFF, 0x00, 0x00, 0x00, 0x00,
0x00, 0x00, 0x00, 0x00, 0x00, 0x00, 0x00, 0x00, 0x12, 0xFF, 0xFF, 0xE2, 0xFF, 0xFF, 0xFF, 0x00,
0x00, 0x00, 0x00, 0x00, 0x00, 0x00, 0x00, 0x00, 0x00, 0x00, 0x00, 0x04, 0xFF, 0xFF, 0xF7, 0xFF,
0xFF, 0xFF, 0x00, 0x00, 0x00, 0x00, 0x00, 0x00, 0x00, 0x00, 0x00, 0x00, 0x00, 0x00, 0x0C, 0xFF,
0xFF, 0xF5, 0xFF, 0xFF, 0xFF, 0x00, 0x00, 0x00, 0x00, 0x00, 0x00, 0x00, 0x00, 0x00, 0x00, 0x00,
0x00, 0x1E, 0xFF, 0xFF, 0xE5, 0xFF, 0xFF, 0xFF, 0x00, 0x00, 0x00, 0x00, 0x00, 0x00, 0x00, 0x00,
0x00, 0x00, 0x00, 0x00, 0x44, 0xFF, 0xFF, 0xC9, 0xFF, 0xFF, 0xFF, 0x00, 0x00, 0x00, 0x00, 0x00,
0x00, 0x00, 0x00, 0x00, 0x00, 0x00, 0x00, 0x83, 0xFF, 0xFF, 0x92, 0xFF, 0xFF, 0xFF, 0x00, 0x00,
0x00, 0x00, 0x00, 0x00, 0x00, 0x00, 0x00, 0x00, 0x00, 0x06, 0xE2, 0xFF, 0xFF, 0x50, 0xFF, 0xFF,
0xFF, 0x00, 0x00, 0x00, 0x00, 0x00, 0x00, 0x00, 0x00, 0x00, 0x00, 0x00, 0x78, 0xFF, 0xFF, 0xE8,
0x05, 0xFF, 0xFF, 0xFF, 0x00, 0x00, 0x00, 0x00, 0x00, 0x00, 0x00, 0x00, 0x00, 0x00, 0x5D, 0xFD,
0xFF, 0xFF, 0x71, 0x00, 0xFF, 0xFF, 0xFF, 0x00, 0x00, 0x00, 0x00, 0x00, 0x05, 0x11, 0x2D, 0x60,
0xBD, 0xFF, 0xFF, 0xFF, 0xC9, 0x03, 0x00, 0xFF, 0xFF, 0xFF, 0xFF, 0xFF, 0xFF, 0xFF, 0xFF, 0xFF,
0xFF, 0xFF, 0xFF, 0xFF, 0xFF, 0xFF, 0xD8, 0x17, 0x00, 0x00, 0xFF, 0xFF, 0xFF, 0xFF, 0xFF, 0xFF,
0xFF, 0xFF, 0xFF, 0xFF, 0xFF, 0xFF, 0xFF, 0xFD, 0xA1, 0x0F, 0x00, 0x00, 0x00, 0xFF, 0xFF, 0xFF,
0xFF, 0xFF, 0xFF, 0xFF, 0xFF, 0xFD, 0xF2, 0xDD, 0xB4, 0x77, 0x23, 0x00, 0x00, 0x00, 0x00, 0x00,
0xFF, 0xFF, 0xFF, 0xFF, 0xFF, 0xFF, 0xFF, 0xFF, 0xFF, 0xFF, 0xFF, 0xFF, 0xFF, 0xFF, 0xFF, 0x00,
0xFF, 0xFF, 0xFF, 0xFF, 0xFF, 0xFF, 0xFF, 0xFF, 0xFF, 0xFF, 0xFF, 0xFF, 0xFF, 0xFF, 0xFF, 0x00,
0xFF, 0xFF, 0xFF, 0xFF, 0xFF, 0xFF, 0xFF, 0xFF, 0xFF, 0xFF, 0xFF, 0xFF, 0xFF, 0xFF, 0xFF, 0x00,
0xFF, 0xFF, 0xFF, 0x00, 0x00, 0x00, 0x00, 0x00, 0x00, 0x00, 0x00, 0x00, 0x00, 0x00, 0x00, 0x00,
0xFF, 0xFF, 0xFF, 0x00, 0x00, 0x00, 0x00, 0x00, 0x00, 0x00, 0x00, 0x00, 0x00, 0x00, 0x00, 0x00,
0xFF, 0xFF, 0xFF, 0x00, 0x00, 0x00, 0x00, 0x00, 0x00, 0x00, 0x00, 0x00, 0x00, 0x00, 0x00, 0x00,
0xFF, 0xFF, 0xFF, 0x00, 0x00, 0x00, 0x00, 0x00, 0x00, 0x00, 0x00, 0x00, 0x00, 0x00, 0x00, 0x00,
0xFF, 0xFF, 0xFF, 0x00, 0x00, 0x00, 0x00, 0x00, 0x00, 0x00, 0x00, 0x00, 0x00, 0x00, 0x00, 0x00,
0xFF, 0xFF, 0xFF, 0x00, 0x00, 0x00, 0x00, 0x00, 0x00, 0x00, 0x00, 0x00, 0x00, 0x00, 0x00, 0x00,
0xFF, 0xFF, 0xFF, 0xFF, 0xFF, 0xFF, 0xFF, 0xFF, 0xFF, 0xFF, 0xFF, 0xFF, 0xFF, 0xFF, 0x00, 0x00,
0xFF, 0xFF, 0xFF, 0xFF, 0xFF, 0xFF, 0xFF, 0xFF, 0xFF, 0xFF, 0xFF, 0xFF, 0xFF, 0xFF, 0x00, 0x00,
0xFF, 0xFF, 0xFF, 0xFF, 0xFF, 0xFF, 0xFF, 0xFF, 0xFF, 0xFF, 0xFF, 0xFF, 0xFF, 0xFF, 0x00, 0x00,
0xFF, 0xFF, 0xFF, 0x00, 0x00, 0x00, 0x00, 0x00, 0x00, 0x00, 0x00, 0x00, 0x00, 0x00, 0x00, 0x00,
0xFF, 0xFF, 0xFF, 0x00, 0x00, 0x00, 0x00, 0x00, 0x00, 0x00, 0x00, 0x00, 0x00, 0x00, 0x00, 0x00,
0xFF, 0xFF, 0xFF, 0x00, 0x00, 0x00, 0x00, 0x00, 0x00, 0x00, 0x00, 0x00, 0x00, 0x00, 0x00, 0x00,
0xFF, 0xFF, 0xFF, 0x00, 0x00, 0x00, 0x00, 0x00, 0x00, 0x00, 0x00, 0x00, 0x00, 0x00, 0x00, 0x00,
0xFF, 0xFF, 0xFF, 0x00, 0x00, 0x00, 0x00, 0x00, 0x00, 0x00, 0x00, 0x00, 0x00, 0x00, 0x00, 0x00,
0xFF, 0xFF, 0xFF, 0x00, 0x00, 0x00, 0x00, 0x00, 0x00, 0x00, 0x00, 0x00, 0x00, 0x00, 0x00, 0x00,
0xFF, 0xFF, 0xFF, 0x00, 0x00, 0x00, 0x00, 0x00, 0x00, 0x00, 0x00, 0x00, 0x00, 0x00, 0x00, 0x00,
0xFF, 0xFF, 0xFF, 0xFF, 0xFF, 0xFF, 0xFF, 0xFF, 0xFF, 0xFF, 0xFF, 0xFF, 0xFF, 0xFF, 0xFF, 0xFF,
0xFF, 0xFF, 0xFF, 0xFF, 0xFF, 0xFF, 0xFF, 0xFF, 0xFF, 0xFF, 0xFF, 0xFF, 0xFF, 0xFF, 0xFF, 0xFF,
0xFF, 0xFF, 0xFF, 0xFF, 0xFF, 0xFF, 0xFF, 0xFF, 0xFF, 0xFF, 0xFF, 0xFF, 0xFF, 0xFF, 0xFF, 0xFF,
0xFF, 0xFF, 0xFF, 0xFF, 0xFF, 0xFF, 0xFF, 0xFF, 0xFF, 0xFF, 0xFF, 0xFF, 0xFF, 0xFF, 0xFF, 0xFF,
0xFF, 0xFF, 0xFF, 0xFF, 0xFF, 0xFF, 0xFF, 0xFF, 0xFF, 0xFF, 0xFF, 0xFF, 0xFF, 0xFF, 0xFF, 0xFF,
0xFF, 0xFF, 0xFF, 0xFF, 0xFF, 0xFF, 0xFF, 0xFF, 0xFF, 0xFF, 0xFF, 0xFF, 0xFF, 0xFF, 0xFF, 0xFF,
0x00, 0x00, 0x00, 0x00, 0x00, 0x00, 0x00, 0x00, 0x00, 0x00, 0x00, 0x00, 0xFF, 0xFF, 0xFF, 0x00,
0x00, 0x00, 0x00, 0x00, 0x00, 0x00, 0x00, 0x00, 0x00, 0x00, 0x00, 0xFF, 0xFF, 0xFF, 0x00, 0x00,
0x00, 0x00, 0x00, 0x00, 0x00, 0x00, 0x00, 0x00, 0x00, 0x00, 0xFF, 0xFF, 0xFF, 0x00, 0x00, 0x00,
0x00, 0x00, 0x00, 0x00, 0x00, 0x00, 0x00, 0x00, 0x00, 0xFF, 0xFF, 0xFF, 0x00, 0x00, 0x00, 0x00,
0x00, 0x00, 0x00, 0x00, 0x00, 0x00, 0x00, 0x00, 0xFF, 0xFF, 0xFF, 0x00, 0x00, 0x00, 0x00, 0x00,
0x00, 0x00, 0x00, 0x00, 0x00, 0x00, 0x00, 0xFF, 0xFF, 0xFF, 0xFF, 0xFF, 0xFF, 0xFF, 0xFF, 0xFF,
0xFF, 0xFF, 0xFF, 0xFF, 0x00, 0x00, 0xFF, 0xFF, 0xFF, 0xFF, 0xFF, 0xFF, 0xFF, 0xFF, 0xFF, 0xFF,
0xFF, 0xFF, 0xFF, 0x00, 0x00, 0xFF, 0xFF, 0xFF, 0xFF, 0xFF, 0xFF, 0xFF, 0xFF, 0xFF, 0xFF, 0xFF,
0xFF, 0xFF, 0x00, 0x00, 0xFF, 0xFF, 0xFF, 0x00, 0x00, 0x00, 0x00, 0x00, 0x00, 0x00, 0x00, 0x00,
0x00, 0x00, 0x00, 0xFF, 0xFF, 0xFF, 0x00, 0x00, 0x00, 0x00, 0x00, 0x00, 0x00, 0x00, 0x00, 0x00,
0x00, 0x00, 0xFF, 0xFF, 0xFF, 0x00, 0x00, 0x00, 0x00, 0x00, 0x00, 0x00, 0x00, 0x00, 0x00, 0x00,
0x00, 0xFF, 0xFF, 0xFF, 0x00, 0x00, 0x00, 0x00, 0x00, 0x00, 0x00, 0x00, 0x00, 0x00, 0x00, 0x00,
0xFF, 0xFF, 0xFF, 0x00, 0x00, 0x00, 0x00, 0x00, 0x00, 0x00, 0x00, 0x00, 0x00, 0x00, 0x00, 0xFF,
0xFF, 0xFF, 0x00, 0x00, 0x00, 0x00, 0x00, 0x00, 0x00, 0x00, 0x00, 0x00, 0x00, 0x00, 0xFF, 0xFF,
0xFF, 0x00, 0x00, 0x00, 0x00, 0x00, 0x00, 0x00, 0x00, 0x00, 0x00, 0x00, 0x00, 0xFF, 0xFF, 0xFF,
0x00, 0x00, 0x00, 0x00, 0x00, 0x00, 0x00, 0x00, 0x00, 0x00, 0x00, 0x00, 0xFF, 0xFF, 0xFF, 0x00,
0x00, 0x00, 0x00, 0x00, 0x00, 0x00, 0x00, 0x00, 0x00, 0x00, 0x00, 0xFF, 0xFF, 0xFF, 0x00, 0x00,
0x00, 0x00, 0x00, 0x00, 0x00, 0x00, 0x00, 0x00, 0x00, 0x00, 0x00, 0x00, 0x00, 0x00, 0x00, 0x02,
0x47, 0x95, 0xCA, 0xED, 0xFB, 0xEF, 0xD8, 0xA9, 0x5D, 0x0B, 0x00, 0x00, 0x00, 0x00, 0x00, 0x00,
0x00, 0x00, 0x4D, 0xDA, 0xFF, 0xFF, 0xFF, 0xFF, 0xFF, 0xFF, 0xFF, 0xFF, 0xFF, 0xE6, 0x5D, 0x00,
0x00, 0x00, 0x00, 0x00, 0x01, 0x8C, 0xFF, 0xFF, 0xFF, 0xFF, 0xFF, 0xFF, 0xFF, 0xFF, 0xFF, 0xFF,
0xFF, 0xFF, 0xFF, 0x7D, 0x00, 0x00, 0x00, 0x00, 0x83, 0xFF, 0xFF, 0xFF, 0xF3, 0x90, 0x44, 0x1A,
0x06, 0x11, 0x33, 0x7D, 0xEA, 0xFF, 0xFF, 0xFF, 0x4B, 0x00, 0x00, 0x38, 0xFE, 0xFF, 0xFF, 0xB8,
0x14, 0x00, 0x00, 0x00, 0x00, 0x00, 0x00, 0x00, 0x0E, 0xBC, 0xFF, 0xFF, 0xD9, 0x02, 0x00, 0xC2,
0xFF, 0xFF, 0xBD, 0x04, 0x00, 0x00, 0x00, 0x00, 0x00, 0x00, 0x00, 0x00, 0x00, 0x0E, 0xE6, 0xFF,
0xFF, 0x3E, 0x2D, 0xFF, 0xFF, 0xF6, 0x1D, 0x00, 0x00, 0x00, 0x00, 0x00, 0x00, 0x00, 0x00, 0x00,
0x00, 0x00, 0x73, 0xFF, 0xFB, 0x72, 0x80, 0xFF, 0xFF, 0xA4, 0x00, 0x00, 0x00, 0x00, 0x00, 0x00,
0x00, 0x00, 0x00, 0x00, 0x00, 0x00, 0x13, 0x49, 0x0C, 0x00, 0xBD, 0xFF, 0xFF, 0x54, 0x00, 0x00,
0x00, 0x00, 0x00, 0x00, 0x00, 0x00, 0x00, 0x00, 0x00, 0x00, 0x00, 0x00, 0x00, 0x00, 0xE5, 0xFF,
0xFF, 0x24, 0x00, 0x00, 0x00, 0x00, 0x00, 0x00, 0x00, 0x00, 0x00, 0x00, 0x00, 0x00, 0x00, 0x00,
0x00, 0x00, 0xF8, 0xFF, 0xFF, 0x0C, 0x00, 0x00, 0x00, 0x00, 0x00, 0x00, 0x00, 0x00, 0x00, 0x00,
0x00, 0x00, 0x00, 0x00, 0x00, 0x00, 0xFA, 0xFF, 0xFF, 0x0C, 0x00, 0x00, 0x00, 0x00, 0x00, 0x00,
0x00, 0xFF, 0xFF, 0xFF, 0xFF, 0xFF, 0xFF, 0xFF, 0xFF, 0xFF, 0xEB, 0xFF, 0xFF, 0x25, 0x00, 0x00,
0x00, 0x00, 0x00, 0x00, 0x00, 0xFF, 0xFF, 0xFF, 0xFF, 0xFF, 0xFF, 0xFF, 0xFF, 0xFF, 0xC5, 0xFF,
0xFF, 0x49, 0x00, 0x00, 0x00, 0x00, 0x00, 0x00, 0x00, 0xFF, 0xFF, 0xFF, 0xFF, 0xFF, 0xFF, 0xFF,
0xFF, 0xFF, 0x8B, 0xFF, 0xFF, 0x9F, 0x00, 0x00, 0x00, 0x00, 0x00, 0x00, 0x00, 0x00, 0x00, 0x00,
0x00, 0x00, 0x00, 0xFF, 0xFF, 0xFF, 0x39, 0xFF, 0xFF, 0xF2, 0x18, 0x00, 0x00, 0x00, 0x00, 0x00,
0x00, 0x00, 0x00, 0x00, 0x00, 0x00, 0x00, 0xFF, 0xFF, 0xFF, 0x00, 0xCB, 0xFF, 0xFF, 0xC1, 0x04,
0x00, 0x00, 0x00, 0x00, 0x00, 0x00, 0x00, 0x00, 0x00, 0x00, 0x00, 0xFF, 0xFF, 0xFF, 0x00, 0x3B,
0xFE, 0xFF, 0xFF, 0xC1, 0x22, 0x00, 0x00, 0x00, 0x00, 0x00, 0x00, 0x00, 0x00, 0x0D, 0x7F, 0xFF,
0xFF, 0xFF, 0x00, 0x00, 0x79, 0xFF, 0xFF, 0xFF, 0xF6, 0xA5, 0x4F, 0x23, 0x08, 0x0D, 0x24, 0x5A,
0xA0, 0xF4, 0xFF, 0xFF, 0xFF, 0xF2, 0x00, 0x00, 0x00, 0x76, 0xFD, 0xFF, 0xFF, 0xFF, 0xFF, 0xFF,
0xFF, 0xFF, 0xFF, 0xFF, 0xFF, 0xFF, 0xFF, 0xFF, 0xBA, 0x1E, 0x00, 0x00, 0x00, 0x00, 0x35, 0xC3,
0xFF, 0xFF, 0xFF, 0xFF, 0xFF, 0xFF, 0xFF, 0xFF, 0xFF, 0xFF, 0xC9, 0x52, 0x00, 0x00, 0x00, 0x00,
0x00, 0x00, 0x00, 0x00, 0x32, 0x84, 0xBF, 0xE7, 0xF9, 0xF5, 0xE0, 0xC0, 0x7F, 0x36, 0x00, 0x00,
0x00, 0x00, 0xFF, 0xFF, 0xFF, 0x00, 0x00, 0x00, 0x00, 0x00, 0x00, 0x00, 0x00, 0x00, 0x00, 0x00,
0x00, 0xFF, 0xFF, 0xFF, 0xFF, 0xFF, 0xFF, 0x00, 0x00, 0x00, 0x00, 0x00, 0x00, 0x00, 0x00, 0x00,
0x00, 0x00, 0x00, 0xFF, 0xFF, 0xFF, 0xFF, 0xFF, 0xFF, 0x00, 0x00, 0x00, 0x00, 0x00, 0x00, 0x00,
0x00, 0x00, 0x00, 0x00, 0x00, 0xFF, 0xFF, 0xFF, 0xFF, 0xFF, 0xFF, 0x00, 0x00, 0x00, 0x00, 0x00,
0x00, 0x00, 0x00, 0x00, 0x00, 0x00, 0x00, 0xFF, 0xFF, 0xFF, 0xFF, 0xFF, 0xFF, 0x00, 0x00, 0x00,
0x00, 0x00, 0x00, 0x00, 0x00, 0x00, 0x00, 0x00, 0x00, 0xFF, 0xFF, 0xFF, 0xFF, 0xFF, 0xFF, 0x00,
0x00, 0x00, 0x00, 0x00, 0x00, 0x00, 0x00, 0x00, 0x00, 0x00, 0x00, 0xFF, 0xFF, 0xFF, 0xFF, 0xFF,
0xFF, 0x00, 0x00, 0x00, 0x00, 0x00, 0x00, 0x00, 0x00, 0x00, 0x00, 0x00, 0x00, 0xFF, 0xFF, 0xFF,
0xFF, 0xFF, 0xFF, 0x00, 0x00, 0x00, 0x00, 0x00, 0x00, 0x00, 0x00, 0x00, 0x00, 0x00, 0x00, 0xFF,
0xFF, 0xFF, 0xFF, 0xFF, 0xFF, 0x00, 0x00, 0x00, 0x00, 0x00, 0x00, 0x00, 0x00, 0x00, 0x00, 0x00,
0x00, 0xFF, 0xFF, 0xFF, 0xFF, 0xFF, 0xFF, 0xFF, 0xFF, 0xFF, 0xFF, 0xFF, 0xFF, 0xFF, 0xFF, 0xFF,
0xFF, 0xFF, 0xFF, 0xFF, 0xFF, 0xFF, 0xFF, 0xFF, 0xFF, 0xFF, 0xFF, 0xFF, 0xFF, 0xFF, 0xFF, 0xFF,
0xFF, 0xFF, 0xFF, 0xFF, 0xFF, 0xFF, 0xFF, 0xFF, 0xFF, 0xFF, 0xFF, 0xFF, 0xFF, 0xFF, 0xFF, 0xFF,
0xFF, 0xFF, 0xFF, 0xFF, 0xFF, 0xFF, 0xFF, 0xFF, 0xFF, 0xFF, 0xFF, 0xFF, 0xFF, 0x00, 0x00, 0x00,
0x00, 0x00, 0x00, 0x00, 0x00, 0x00, 0x00, 0x00, 0x00, 0xFF, 0xFF, 0xFF, 0xFF, 0xFF, 0xFF, 0x00,
0x00, 0x00, 0x00, 0x00, 0x00, 0x00, 0x00, 0x00, 0x00, 0x00, 0x00, 0xFF, 0xFF, 0xFF, 0xFF, 0xFF,
0xFF, 0x00, 0x00, 0x00, 0x00, 0x00, 0x00, 0x00, 0x00, 0x00, 0x00, 0x00, 0x00, 0xFF, 0xFF, 0xFF,
0xFF, 0xFF, 0xFF, 0x00, 0x00, 0x00, 0x00, 0x00, 0x00, 0x00, 0x00, 0x00, 0x00, 0x00, 0x00, 0xFF,
0xFF, 0xFF, 0xFF, 0xFF, 0xFF, 0x00, 0x00, 0x00, 0x00, 0x00, 0x00, 0x00, 0x00, 0x00, 0x00, 0x00,
0x00, 0xFF, 0xFF, 0xFF, 0xFF, 0xFF, 0xFF, 0x00, 0x00, 0x00, 0x00, 0x00, 0x00, 0x00, 0x00, 0x00,
0x00, 0x00, 0x00, 0xFF, 0xFF, 0xFF, 0xFF, 0xFF, 0xFF, 0x00, 0x00, 0x00, 0x00, 0x00, 0x00, 0x00,
0x00, 0x00, 0x00, 0x00, 0x00, 0xFF, 0xFF, 0xFF, 0xFF, 0xFF, 0xFF, 0x00, 0x00, 0x00, 0x00, 0x00,
0x00, 0x00, 0x00, 0x00, 0x00, 0x00, 0x00, 0xFF, 0xFF, 0xFF, 0xFF, 0xFF, 0xFF, 0x00, 0x00, 0x00,
0x00, 0x00, 0x00, 0x00, 0x00, 0x00, 0x00, 0x00, 0x00, 0xFF, 0xFF, 0xFF, 0xFF, 0xFF, 0xFF, 0x00,
0x00, 0x00, 0x00, 0x00, 0x00, 0x00, 0x00, 0x00, 0x00, 0x00, 0x00, 0xFF, 0xFF, 0xFF, 0xFF, 0xFF,
0xFF, 0xFF, 0xFF, 0xFF, 0xFF, 0xFF, 0xFF, 0xFF, 0xFF, 0xFF, 0xFF, 0xFF, 0xFF, 0xFF, 0xFF, 0xFF,
0xFF, 0xFF, 0xFF, 0xFF, 0xFF, 0xFF, 0xFF, 0xFF, 0xFF, 0xFF, 0xFF, 0xFF, 0xFF, 0xFF, 0xFF, 0xFF,
0xFF, 0xFF, 0xFF, 0xFF, 0xFF, 0xFF, 0xFF, 0xFF, 0xFF, 0xFF, 0xFF, 0xFF, 0xFF, 0xFF, 0xFF, 0xFF,
0xFF, 0xFF, 0xFF, 0xFF, 0xFF, 0xFF, 0xFF, 0xFF, 0xFF, 0xFF, 0xFF, 0xFF, 0xFF, 0xFF, 0xFF, 0xFF,
0x00, 0x00, 0x00, 0x00, 0x00, 0x00, 0x00, 0x00, 0x00, 0xFF, 0xFF, 0xFF, 0x00, 0x00, 0x00, 0x00,
0x00, 0x00, 0x00, 0x00, 0x00, 0xFF, 0xFF, 0xFF, 0x00, 0x00, 0x00, 0x00, 0x00, 0x00, 0x00, 0x00,
0x00, 0xFF, 0xFF, 0xFF, 0x00, 0x00, 0x00, 0x00, 0x00, 0x00, 0x00, 0x00, 0x00, 0xFF, 0xFF, 0xFF,
0x00, 0x00, 0x00, 0x00, 0x00, 0x00, 0x00, 0x00, 0x00, 0xFF, 0xFF, 0xFF, 0x00, 0x00, 0x00, 0x00,
0x00, 0x00, 0x00, 0x00, 0x00, 0xFF, 0xFF, 0xFF, 0x00, 0x00, 0x00, 0x00, 0x00, 0x00, 0x00, 0x00,
0x00, 0xFF, 0xFF, 0xFF, 0x00, 0x00, 0x00, 0x00, 0x00, 0x00, 0x00, 0x00, 0x00, 0xFF, 0xFF, 0xFF,
0x00, 0x00, 0x00, 0x00, 0x00, 0x00, 0x00, 0x00, 0x00, 0xFF, 0xFF, 0xFF, 0x00, 0x00, 0x00, 0x00,
0x00, 0x00, 0x00, 0x00, 0x00, 0xFF, 0xFF, 0xFF, 0x00, 0x00, 0x00, 0x00, 0x00, 0x00, 0x00, 0x00,
0x00, 0xFF, 0xFF, 0xFF, 0x00, 0x00, 0x00, 0x00, 0x00, 0x00, 0x00, 0x00, 0x00, 0xFF, 0xFF, 0xFF,
0x00, 0x00, 0x00, 0x00, 0x00, 0x00, 0x00, 0x00, 0x00, 0xFF, 0xFF, 0xFF, 0x00, 0x00, 0x00, 0x00,
0x00, 0x00, 0x00, 0x00, 0x00, 0xFF, 0xFF, 0xFF, 0x00, 0x00, 0x00, 0x00, 0x00, 0x00, 0x00, 0x00,
0x01, 0xFF, 0xFF, 0xFF, 0xB0, 0xD1, 0xF0, 0x0A, 0x00, 0x00, 0x00, 0x00, 0x0B, 0xFF, 0xFF, 0xF9,
0xF2, 0xFF, 0xFF, 0x2C, 0x00, 0x00, 0x00, 0x00, 0x25, 0xFF, 0xFF, 0xE7, 0xCF, 0xFF, 0xFF, 0x7B,
0x00, 0x00, 0x00, 0x00, 0x71, 0xFF, 0xFF, 0xC1, 0x8C, 0xFF, 0xFF, 0xF6, 0x6A, 0x16, 0x10, 0x66,
0xF6, 0xFF, 0xFF, 0x7C, 0x21, 0xF5, 0xFF, 0xFF, 0xFF, 0xFF, 0xFF, 0xFF, 0xFF, 0xFF, 0xE7, 0x11,
0x00, 0x55, 0xF9, 0xFF, 0xFF, 0xFF, 0xFF, 0xFF, 0xFF, 0xE8, 0x3B, 0x00, 0x00, 0x00, 0x2A, 0x9D,
0xDF, 0xF8, 0xEF, 0xCF, 0x7F, 0x17, 0x00, 0x00, 0xFF, 0xFF, 0xFF, 0x00, 0x00, 0x00, 0x00, 0x00,
0x00, 0x00, 0x00, 0x00, 0x1B, 0xDB, 0xFF, 0xFF, 0x7F, 0x00, 0xFF, 0xFF, 0xFF, 0x00, 0x00, 0x00,
0x00, 0x00, 0x00, 0x00, 0x00, 0x1B, 0xDB, 0xFF, 0xFF, 0x7F, 0x00, 0x00, 0xFF, 0xFF, 0xFF, 0x00,
0x00, 0x00, 0x00, 0x00, 0x00, 0x00, 0x1B, 0xDB, 0xFF, 0xFF, 0x7F, 0x00, 0x00, 0x00, 0xFF, 0xFF,
0xFF, 0x00, 0x00, 0x00, 0x00, 0x00, 0x00, 0x1B, 0xDB, 0xFF, 0xFF, 0x7F, 0x00, 0x00, 0x00, 0x00,
0xFF, 0xFF, 0xFF, 0x00, 0x00, 0x00, 0x00, 0x00, 0x1B, 0xDB, 0xFF, 0xFF, 0x7F, 0x00, 0x00, 0x00,
0x00, 0x00, 0xFF, 0xFF, 0xFF, 0x00, 0x00, 0x00, 0x00, 0x1A, 0xDA, 0xFF, 0xFF, 0x7F, 0x00, 0x00,
0x00, 0x00, 0x00, 0x00, 0xFF, 0xFF, 0xFF, 0x00, 0x00, 0x00, 0x1A, 0xDA, 0xFF, 0xFF, 0x7F, 0x00,
0x00, 0x00, 0x00, 0x00, 0x00, 0x00, 0xFF, 0xFF, 0xFF, 0x00, 0x00, 0x1A, 0xDA, 0xFF, 0xFF, 0x7F,
0x00, 0x00, 0x00, 0x00, 0x00, 0x00, 0x00, 0x00, 0xFF, 0xFF, 0xFF, 0x00, 0x1A, 0xD9, 0xFF, 0xFF,
0x8A, 0x00, 0x00, 0x00, 0x00, 0x00, 0x00, 0x00, 0x00, 0x00, 0xFF, 0xFF, 0xFF, 0x1A, 0xD9, 0xFF,
0xFF, 0xFF, 0xBD, 0x02, 0x00, 0x00, 0x00, 0x00, 0x00, 0x00, 0x00, 0x00, 0xFF, 0xFF, 0xFF, 0xD9,
0xFF, 0xFF, 0xFF, 0xFF, 0xFF, 0x7D, 0x00, 0x00, 0x00, 0x00, 0x00, 0x00, 0x00, 0x00, 0xFF, 0xFF,
0xFF, 0xFF, 0xFF, 0x80, 0xA4, 0xFF, 0xFF, 0xFC, 0x3D, 0x00, 0x00, 0x00, 0x00, 0x00, 0x00, 0x00,
0xFF, 0xFF, 0xFF, 0xFF, 0x7F, 0x00, 0x0A, 0xD3, 0xFF, 0xFF, 0xE4, 0x13, 0x00, 0x00, 0x00, 0x00,
0x00, 0x00, 0xFF, 0xFF, 0xFF, 0x7F, 0x00, 0x00, 0x00, 0x26, 0xF2, 0xFF, 0xFF, 0xB4, 0x01, 0x00,
0x00, 0x00, 0x00, 0x00, 0xFF, 0xFF, 0xFF, 0x00, 0x00, 0x00, 0x00, 0x00, 0x53, 0xFF, 0xFF, 0xFF,
0x73, 0x00, 0x00, 0x00, 0x00, 0x00, 0xFF, 0xFF, 0xFF, 0x00, 0x00, 0x00, 0x00, 0x00, 0x00, 0x8E,
0xFF, 0xFF, 0xFA, 0x35, 0x00, 0x00, 0x00, 0x00, 0xFF, 0xFF, 0xFF, 0x00, 0x00, 0x00, 0x00, 0x00,
0x00, 0x04, 0xC3, 0xFF, 0xFF, 0xDE, 0x0F, 0x00, 0x00, 0x00, 0xFF, 0xFF, 0xFF, 0x00, 0x00, 0x00,
0x00, 0x00, 0x00, 0x00, 0x19, 0xE8, 0xFF, 0xFF, 0xAA, 0x00, 0x00, 0x00, 0xFF, 0xFF, 0xFF, 0x00,
0x00, 0x00, 0x00, 0x00, 0x00, 0x00, 0x00, 0x3F, 0xFC, 0xFF, 0xFF, 0x68, 0x00, 0x00, 0xFF, 0xFF,
0xFF, 0x00, 0x00, 0x00, 0x00, 0x00, 0x00, 0x00, 0x00, 0x00, 0x77, 0xFF, 0xFF, 0xF7, 0x2E, 0x00,
0xFF, 0xFF, 0xFF, 0x00, 0x00, 0x00, 0x00, 0x00, 0x00, 0x00, 0x00, 0x00, 0x01, 0xB0, 0xFF, 0xFF,
0xD7, 0x0B, 0xFF, 0xFF, 0xFF, 0x00, 0x00, 0x00, 0x00, 0x00, 0x00, 0x00, 0x00, 0x00, 0x00, 0x0F,
0xDB, 0xFF, 0xFF, 0xA1, 0xFF, 0xFF, 0xFF, 0x00, 0x00, 0x00, 0x00, 0x00, 0x00, 0x00, 0x00, 0x00,
0x00, 0x00, 0xFF, 0xFF, 0xFF, 0x00, 0x00, 0x00, 0x00, 0x00, 0x00, 0x00, 0x00, 0x00, 0x00, 0x00,
0xFF, 0xFF, 0xFF, 0x00, 0x00, 0x00, 0x00, 0x00, 0x00, 0x00, 0x00, 0x00, 0x00, 0x00, 0xFF, 0xFF,
0xFF, 0x00, 0x00, 0x00, 0x00, 0x00, 0x00, 0x00, 0x00, 0x00, 0x00, 0x00, 0xFF, 0xFF, 0xFF, 0x00,
0x00, 0x00, 0x00, 0x00, 0x00, 0x00, 0x00, 0x00, 0x00, 0x00, 0xFF, 0xFF, 0xFF, 0x00, 0x00, 0x00,
0x00, 0x00, 0x00, 0x00, 0x00, 0x00, 0x00, 0x00, 0xFF, 0xFF, 0xFF, 0x00, 0x00, 0x00, 0x00, 0x00,
0x00, 0x00, 0x00, 0x00, 0x00, 0x00, 0xFF, 0xFF, 0xFF, 0x00, 0x00, 0x00, 0x00, 0x00, 0x00, 0x00,
0x00, 0x00, 0x00, 0x00, 0xFF, 0xFF, 0xFF, 0x00, 0x00, 0x00, 0x00, 0x00, 0x00, 0x00, 0x00, 0x00,
0x00, 0x00, 0xFF, 0xFF, 0xFF, 0x00, 0x00, 0x00, 0x00, 0x00, 0x00, 0x00, 0x00, 0x00, 0x00, 0x00,
0xFF, 0xFF, 0xFF, 0x00, 0x00, 0x00, 0x00, 0x00, 0x00, 0x00, 0x00, 0x00, 0x00, 0x00, 0xFF, 0xFF,
0xFF, 0x00, 0x00, 0x00, 0x00, 0x00, 0x00, 0x00, 0x00, 0x00, 0x00, 0x00, 0xFF, 0xFF, 0xFF, 0x00,
0x00, 0x00, 0x00, 0x00, 0x00, 0x00, 0x00, 0x00, 0x00, 0x00, 0xFF, 0xFF, 0xFF, 0x00, 0x00, 0x00,
0x00, 0x00, 0x00, 0x00, 0x00, 0x00, 0x00, 0x00, 0xFF, 0xFF, 0xFF, 0x00, 0x00, 0x00, 0x00, 0x00,
0x00, 0x00, 0x00, 0x00, 0x00, 0x00, 0xFF, 0xFF, 0xFF, 0x00, 0x00, 0x00, 0x00, 0x00, 0x00, 0x00,
0x00, 0x00, 0x00, 0x00, 0xFF, 0xFF, 0xFF, 0x00, 0x00, 0x00, 0x00, 0x00, 0x00, 0x00, 0x00, 0x00,
0x00, 0x00, 0xFF, 0xFF, 0xFF, 0x00, 0x00, 0x00, 0x00, 0x00, 0x00, 0x00, 0x00, 0x00, 0x00, 0x00,
0xFF, 0xFF, 0xFF, 0x00, 0x00, 0x00, 0x00, 0x00, 0x00, 0x00, 0x00, 0x00, 0x00, 0x00, 0xFF, 0xFF,
0xFF, 0xFF, 0xFF, 0xFF, 0xFF, 0xFF, 0xFF, 0xFF, 0xFF, 0xFF, 0xFF, 0xFF, 0xFF, 0xFF, 0xFF, 0xFF,
0xFF, 0xFF, 0xFF, 0xFF, 0xFF, 0xFF, 0xFF, 0xFF, 0xFF, 0xFF, 0xFF, 0xFF, 0xFF, 0xFF, 0xFF, 0xFF,
0xFF, 0xFF, 0xFF, 0xFF, 0xFF, 0xFF, 0xFF, 0xFF, 0xEF, 0xCD, 0xAB, 0x8A, 0x68, 0x04, 0x00, 0x00,
0x00, 0x00, 0x00, 0x00, 0x00, 0x00, 0x00, 0x04, 0x68, 0x8A, 0xAB, 0xCD, 0xEE, 0xFF, 0xFF, 0xFF,
0xFF, 0xFF, 0x43, 0x00, 0x00, 0x00, 0x00, 0x00, 0x00, 0x00, 0x00, 0x00, 0x44, 0xFF, 0xFF, 0xFF,
0xFF, 0xFF, 0xFF, 0xFF, 0xFF, 0xFF, 0xFF, 0x94, 0x00, 0x00, 0x00, 0x00, 0x00, 0x00, 0x00, 0x00,
0x00, 0x95, 0xFF, 0xFF, 0xFF, 0xFF, 0xFF, 0xFF, 0xFF, 0xFF, 0xDA, 0xFF, 0xE3, 0x01, 0x00, 0x00,
0x00, 0x00, 0x00, 0x00, 0x00, 0x01, 0xE4, 0xFF, 0xDF, 0xFF, 0xFF, 0xFF, 0xFF, 0xFF, 0xFF, 0x8D,
0xFF, 0xFF, 0x35, 0x00, 0x00, 0x00, 0x00, 0x00, 0x00, 0x00, 0x36, 0xFF, 0xFF, 0x92, 0xFF, 0xFF,
0xFF, 0xFF, 0xFF, 0xFF, 0x41, 0xFF, 0xFF, 0x85, 0x00, 0x00, 0x00, 0x00, 0x00, 0x00, 0x00, 0x87,
0xFF, 0xFF, 0x46, 0xFF, 0xFF, 0xFF, 0xFF, 0xFF, 0xFF, 0x04, 0xEF, 0xFF, 0xD6, 0x00, 0x00, 0x00,
0x00, 0x00, 0x00, 0x00, 0xD8, 0xFF, 0xF3, 0x06, 0xFF, 0xFF, 0xFF, 0xFF, 0xFF, 0xFF, 0x00, 0xA7,
0xFF, 0xFF, 0x27, 0x00, 0x00, 0x00, 0x00, 0x00, 0x28, 0xFF, 0xFF, 0xAD, 0x00, 0xFF, 0xFF, 0xFF,
0xFF, 0xFF, 0xFF, 0x00, 0x5B, 0xFF, 0xFF, 0x77, 0x00, 0x00, 0x00, 0x00, 0x00, 0x79, 0xFF, 0xFF,
0x60, 0x00, 0xFF, 0xFF, 0xFF, 0xFF, 0xFF, 0xFF, 0x00, 0x12, 0xFC, 0xFF, 0xC8, 0x00, 0x00, 0x00,
0x00, 0x00, 0xCA, 0xFF, 0xFD, 0x16, 0x00, 0xFF, 0xFF, 0xFF, 0xFF, 0xFF, 0xFF, 0x00, 0x00, 0xC1,
0xFF, 0xFE, 0x1A, 0x00, 0x00, 0x00, 0x1B, 0xFE, 0xFF, 0xC7, 0x00, 0x00, 0xFF, 0xFF, 0xFF, 0xFF,
0xFF, 0xFF, 0x00, 0x00, 0x75, 0xFF, 0xFF, 0x69, 0x00, 0x00, 0x00, 0x6B, 0xFF, 0xFF, 0x7B, 0x00,
0x00, 0xFF, 0xFF, 0xFF, 0xFF, 0xFF, 0xFF, 0x00, 0x00, 0x28, 0xFF, 0xFF, 0xB9, 0x00, 0x00, 0x00,
0xBC, 0xFF, 0xFF, 0x2E, 0x00, 0x00, 0xFF, 0xFF, 0xFF, 0xFF, 0xFF, 0xFF, 0x00, 0x00, 0x00, 0xDB,
0xFF, 0xFA, 0x10, 0x00, 0x11, 0xFB, 0xFF, 0xE1, 0x00, 0x00, 0x00, 0xFF, 0xFF, 0xFF, 0xFF, 0xFF,
0xFF, 0x00, 0x00, 0x00, 0x8F, 0xFF, 0xFF, 0x5B, 0x00, 0x5D, 0xFF, 0xFF, 0x95, 0x00, 0x00, 0x00,
0xFF, 0xFF, 0xFF, 0xFF, 0xFF, 0xFF, 0x00, 0x00, 0x00, 0x42, 0xFF, 0xFF, 0xA9, 0x00, 0xAB, 0xFF,
0xFF, 0x49, 0x00, 0x00, 0x00, 0xFF, 0xFF, 0xFF, 0xFF, 0xFF, 0xFF, 0x00, 0x00, 0x00, 0x05, 0xF0,
0xFF, 0xF0, 0x09, 0xF0, 0xFF, 0xF4, 0x08, 0x00, 0x00, 0x00, 0xFF, 0xFF, 0xFF, 0xFF, 0xFF, 0xFF,
0x00, 0x00, 0x00, 0x00, 0xA9, 0xFF, 0xFF, 0x7F, 0xFF, 0xFF, 0xB0, 0x00, 0x00, 0x00, 0x00, 0xFF,
0xFF, 0xFF, 0xFF, 0xFF, 0xFF, 0x00, 0x00, 0x00, 0x00, 0x5C, 0xFF, 0xFF, 0xF5, 0xFF, 0xFF, 0x63,
0x00, 0x00, 0x00, 0x00, 0xFF, 0xFF, 0xFF, 0xFF, 0xFF, 0xFF, 0x00, 0x00, 0x00, 0x00, 0x13, 0xFC,
0xFF, 0xFF, 0xFF, 0xFE, 0x18, 0x00, 0x00, 0x00, 0x00, 0xFF, 0xFF, 0xFF, 0xFF, 0xFF, 0xFF, 0x00,
0x00, 0x00, 0x00, 0x00, 0xC3, 0xFF, 0xFF, 0xFF, 0xCA, 0x00, 0x00, 0x00, 0x00, 0x00, 0xFF, 0xFF,
0xFF, 0xFF, 0xFF, 0xFF, 0x00, 0x00, 0x00, 0x00, 0x00, 0x76, 0xFF, 0xFF, 0xFF, 0x7E, 0x00, 0x00,
0x00, 0x00, 0x00, 0xFF, 0xFF, 0xFF, 0xFF, 0xFF, 0xFF, 0x87, 0x00, 0x00, 0x00, 0x00, 0x00, 0x00,
0x00, 0x00, 0x00, 0x00, 0x00, 0xFF, 0xFF, 0xFF, 0xFF, 0xFF, 0xFF, 0xFC, 0x34, 0x00, 0x00, 0x00,
0x00, 0x00, 0x00, 0x00, 0x00, 0x00, 0x00, 0xFF, 0xFF, 0xFF, 0xFF, 0xFF, 0xFF, 0xFF, 0xD3, 0x06,
0x00, 0x00, 0x00, 0x00, 0x00, 0x00, 0x00, 0x00, 0x00, 0xFF, 0xFF, 0xFF, 0xFF, 0xFF, 0xFF, 0xFF,
0xFF, 0x82, 0x00, 0x00, 0x00, 0x00, 0x00, 0x00, 0x00, 0x00, 0x00, 0xFF, 0xFF, 0xFF, 0xFF, 0xFF,
0xFF, 0xBF, 0xFF, 0xFB, 0x30, 0x00, 0x00, 0x00, 0x00, 0x00, 0x00, 0x00, 0x00, 0xFF, 0xFF, 0xFF,
0xFF, 0xFF, 0xFF, 0x22, 0xF5, 0xFF, 0xCF, 0x05, 0x00, 0x00, 0x00, 0x00, 0x00, 0x00, 0x00, 0xFF,
0xFF, 0xFF, 0xFF, 0xFF, 0xFF, 0x00, 0x6F, 0xFF, 0xFF, 0x7D, 0x00, 0x00, 0x00, 0x00, 0x00, 0x00,
0x00, 0xFF, 0xFF, 0xFF, 0xFF, 0xFF, 0xFF, 0x00, 0x02, 0xC4, 0xFF, 0xF9, 0x2C, 0x00, 0x00, 0x00,
0x00, 0x00, 0x00, 0xFF, 0xFF, 0xFF, 0xFF, 0xFF, 0xFF, 0x00, 0x00, 0x26, 0xF6, 0xFF, 0xCB, 0x03,
0x00, 0x00, 0x00, 0x00, 0x00, 0xFF, 0xFF, 0xFF, 0xFF, 0xFF, 0xFF, 0x00, 0x00, 0x00, 0x74, 0xFF,
0xFF, 0x78, 0x00, 0x00, 0x00, 0x00, 0x00, 0xFF, 0xFF, 0xFF, 0xFF, 0xFF, 0xFF, 0x00, 0x00, 0x00,
0x03, 0xC8, 0xFF, 0xF8, 0x29, 0x00, 0x00, 0x00, 0x00, 0xFF, 0xFF, 0xFF, 0xFF, 0xFF, 0xFF, 0x00,
0x00, 0x00, 0x00, 0x29, 0xF8, 0xFF, 0xC7, 0x02, 0x00, 0x00, 0x00, 0xFF, 0xFF, 0xFF, 0xFF, 0xFF,
0xFF, 0x00, 0x00, 0x00, 0x00, 0x00, 0x79, 0xFF, 0xFF, 0x73, 0x00, 0x00, 0x00, 0xFF, 0xFF, 0xFF,
0xFF, 0xFF, 0xFF, 0x00, 0x00, 0x00, 0x00, 0x00, 0x04, 0xCC, 0xFF, 0xF6, 0x25, 0x00, 0x00, 0xFF,
0xFF, 0xFF, 0xFF, 0xFF, 0xFF, 0x00, 0x00, 0x00, 0x00, 0x00, 0x00, 0x2D, 0xFA, 0xFF, 0xC3, 0x01,
0x00, 0xFF, 0xFF, 0xFF, 0xFF, 0xFF, 0xFF, 0x00, 0x00, 0x00, 0x00, 0x00, 0x00, 0x00, 0x7E, 0xFF,
0xFF, 0x6E, 0x00, 0xFF, 0xFF, 0xFF, 0xFF, 0xFF, 0xFF, 0x00, 0x00, 0x00, 0x00, 0x00, 0x00, 0x00,
0x05, 0xD0, 0xFF, 0xF4, 0x22, 0xFF, 0xFF, 0xFF, 0xFF, 0xFF, 0xFF, 0x00, 0x00, 0x00, 0x00, 0x00,
0x00, 0x00, 0x00, 0x31, 0xFB, 0xFF, 0xBE, 0xFF, 0xFF, 0xFF, 0xFF, 0xFF, 0xFF, 0x00, 0x00, 0x00,
0x00, 0x00, 0x00, 0x00, 0x00, 0x00, 0x83, 0xFF, 0xFF, 0xFF, 0xFF, 0xFF, 0xFF, 0xFF, 0xFF, 0x00,
0x00, 0x00, 0x00, 0x00, 0x00, 0x00, 0x00, 0x00, 0x06, 0xD3, 0xFF, 0xFF, 0xFF, 0xFF, 0xFF, 0xFF,
0xFF, 0x00, 0x00, 0x00, 0x00, 0x00, 0x00, 0x00, 0x00, 0x00, 0x00, 0x35, 0xFC, 0xFF, 0xFF, 0xFF,
0xFF, 0xFF, 0xFF, 0x00, 0x00, 0x00, 0x00, 0x00, 0x00, 0x00, 0x00, 0x00, 0x00, 0x00, 0x88, 0xFF,
0xFF, 0xFF, 0x00, 0x00, 0x00, 0x00, 0x00, 0x02, 0x4B, 0x96, 0xD1, 0xE9, 0xFA, 0xF0, 0xD1, 0x9A,
0x47, 0x01, 0x00, 0x00, 0x00, 0x00, 0x00, 0x00, 0x00, 0x00, 0x00, 0x45, 0xD2, 0xFF, 0xFF, 0xFF,
0xFF, 0xFF, 0xFF, 0xFF, 0xFF, 0xFF, 0xD4, 0x42, 0x00, 0x00, 0x00, 0x00, 0x00, 0x00, 0x00, 0x77,
0xFD, 0xFF, 0xFF, 0xFF, 0xFF, 0xFF, 0xFF, 0xFF, 0xFF, 0xFF, 0xFF, 0xFF, 0xFE, 0x7E, 0x00, 0x00,
0x00, 0x00, 0x00, 0x75, 0xFF, 0xFF, 0xFF, 0xF4, 0x92, 0x43, 0x15, 0x06, 0x1E, 0x43, 0x9F, 0xF6,
0xFF, 0xFF, 0xFF, 0x7A, 0x00, 0x00, 0x00, 0x3C, 0xFC, 0xFF, 0xFF, 0xB7, 0x17, 0x00, 0x00, 0x00,
0x00, 0x00, 0x00, 0x00, 0x1F, 0xCB, 0xFF, 0xFF, 0xFE, 0x39, 0x00, 0x00, 0xC3, 0xFF, 0xFF, 0xB3,
0x03, 0x00, 0x00, 0x00, 0x00, 0x00, 0x00, 0x00, 0x00, 0x00, 0x07, 0xCA, 0xFF, 0xFF, 0xC8, 0x00,
0x36, 0xFF, 0xFF, 0xF3, 0x12, 0x00, 0x00, 0x00, 0x00, 0x00, 0x00, 0x00, 0x00, 0x00, 0x00, 0x00,
0x27, 0xF7, 0xFF, 0xFF, 0x35, 0x80, 0xFF, 0xFF, 0x92, 0x00, 0x00, 0x00, 0x00, 0x00, 0x00, 0x00,
0x00, 0x00, 0x00, 0x00, 0x00, 0x00, 0xA9, 0xFF, 0xFF, 0x87, 0xBE, 0xFF, 0xFF, 0x4E, 0x00, 0x00,
0x00, 0x00, 0x00, 0x00, 0x00, 0x00, 0x00, 0x00, 0x00, 0x00, 0x00, 0x52, 0xFF, 0xFF, 0xC2, 0xDF,
0xFF, 0xFF, 0x1F, 0x00, 0x00, 0x00, 0x00, 0x00, 0x00, 0x00, 0x00, 0x00, 0x00, 0x00, 0x00, 0x00,
0x27, 0xFF, 0xFF, 0xE8, 0xF1, 0xFF, 0xFF, 0x0D, 0x00, 0x00, 0x00, 0x00, 0x00, 0x00, 0x00, 0x00,
0x00, 0x00, 0x00, 0x00, 0x00, 0x0E, 0xFF, 0xFF, 0xF8, 0xFB, 0xFF, 0xFF, 0x05, 0x00, 0x00, 0x00,
0x00, 0x00, 0x00, 0x00, 0x00, 0x00, 0x00, 0x00, 0x00, 0x00, 0x09, 0xFF, 0xFF, 0xF9, 0xEC, 0xFF,
0xFF, 0x18, 0x00, 0x00, 0x00, 0x00, 0x00, 0x00, 0x00, 0x00, 0x00, 0x00, 0x00, 0x00, 0x00, 0x1C,
0xFF, 0xFF, 0xE8, 0xC7, 0xFF, 0xFF, 0x44, 0x00, 0x00, 0x00, 0x00, 0x00, 0x00, 0x00, 0x00, 0x00,
0x00, 0x00, 0x00, 0x00, 0x4E, 0xFF, 0xFF, 0xC2, 0x8A, 0xFF, 0xFF, 0x8F, 0x00, 0x00, 0x00, 0x00,
0x00, 0x00, 0x00, 0x00, 0x00, 0x00, 0x00, 0x00, 0x00, 0x98, 0xFF, 0xFF, 0x89, 0x36, 0xFF, 0xFF,
0xF4, 0x16, 0x00, 0x00, 0x00, 0x00, 0x00, 0x00, 0x00, 0x00, 0x00, 0x00, 0x00, 0x1A, 0xF7, 0xFF,
0xFF, 0x37, 0x00, 0xC6, 0xFF, 0xFF, 0xBE, 0x05, 0x00, 0x00, 0x00, 0x00, 0x00, 0x00, 0x00, 0x00,
0x00, 0x05, 0xC2, 0xFF, 0xFF, 0xC9, 0x00, 0x00, 0x38, 0xFD, 0xFF, 0xFF, 0xBF, 0x18, 0x00, 0x00,
0x00, 0x00, 0x00, 0x00, 0x00, 0x18, 0xC1, 0xFF, 0xFF, 0xFE, 0x3A, 0x00, 0x00, 0x00, 0x75, 0xFF,
0xFF, 0xFF, 0xF4, 0x8E, 0x40, 0x14, 0x05, 0x14, 0x40, 0x8E, 0xF4, 0xFF, 0xFF, 0xFF, 0x7E, 0x00,
0x00, 0x00, 0x00, 0x00, 0x78, 0xFD, 0xFF, 0xFF, 0xFF, 0xFF, 0xFF, 0xFF, 0xFF, 0xFF, 0xFF, 0xFF,
0xFF, 0xFF, 0x84, 0x00, 0x00, 0x00, 0x00, 0x00, 0x00, 0x00, 0x3E, 0xD1, 0xFF, 0xFF, 0xFF, 0xFF,
0xFF, 0xFF, 0xFF, 0xFF, 0xFF, 0xD4, 0x44, 0x00, 0x00, 0x00, 0x00, 0x00, 0x00, 0x00, 0x00, 0x00,
0x01, 0x46, 0x9A, 0xD1, 0xF1, 0xFC, 0xF1, 0xD0, 0x97, 0x45, 0x01, 0x00, 0x00, 0x00, 0x00, 0x00,
0xFF, 0xFF, 0xFF, 0xFF, 0xFF, 0xFF, 0xFF, 0xFF, 0xFF, 0xFA, 0xEE, 0xD4, 0x9B, 0x48, 0x00, 0x00,
0x00, 0xFF, 0xFF, 0xFF, 0xFF, 0xFF, 0xFF, 0xFF, 0xFF, 0xFF, 0xFF, 0xFF, 0xFF, 0xFF, 0xFF, 0xBC,
0x10, 0x00, 0xFF, 0xFF, 0xFF, 0xFF, 0xFF, 0xFF, 0xFF, 0xFF, 0xFF, 0xFF, 0xFF, 0xFF, 0xFF, 0xFF,
0xFF, 0xC1, 0x01, 0xFF, 0xFF, 0xFF, 0x00, 0x00, 0x00, 0x00, 0x00, 0x00, 0x03, 0x0E, 0x38, 0xAC,
0xFF, 0xFF, 0xFF, 0x59, 0xFF, 0xFF, 0xFF, 0x00, 0x00, 0x00, 0x00, 0x00, 0x00, 0x00, 0x00, 0x00,
0x00, 0xA3, 0xFF, 0xFF, 0xB8, 0xFF, 0xFF, 0xFF, 0x00, 0x00, 0x00, 0x00, 0x00, 0x00, 0x00, 0x00,
0x00, 0x00, 0x29, 0xFF, 0xFF, 0xE8, 0xFF, 0xFF, 0xFF, 0x00, 0x00, 0x00, 0x00, 0x00, 0x00, 0x00,
0x00, 0x00, 0x00, 0x08, 0xFF, 0xFF, 0xF9, 0xFF, 0xFF, 0xFF, 0x00, 0x00, 0x00, 0x00, 0x00, 0x00,
0x00, 0x00, 0x00, 0x00, 0x2B, 0xFF, 0xFF, 0xE4, 0xFF, 0xFF, 0xFF, 0x00, 0x00, 0x00, 0x00, 0x00,
0x00, 0x00, 0x00, 0x00, 0x02, 0xAE, 0xFF, 0xFF, 0xA8, 0xFF, 0xFF, 0xFF, 0x00, 0x00, 0x00, 0x00,
0x00, 0x00, 0x08, 0x20, 0x55, 0xC3, 0xFF, 0xFF, 0xFF, 0x40, 0xFF, 0xFF, 0xFF, 0xFF, 0xFF, 0xFF,
0xFF, 0xFF, 0xFF, 0xFF, 0xFF, 0xFF, 0xFF, 0xFF, 0xFF, 0x9F, 0x00, 0xFF, 0xFF, 0xFF, 0xFF, 0xFF,
0xFF, 0xFF, 0xFF, 0xFF, 0xFF, 0xFF, 0xFF, 0xFF, 0xFF, 0x99, 0x06, 0x00, 0xFF, 0xFF, 0xFF, 0xFF,
0xFF, 0xFF, 0xFF, 0xFF, 0xFF, 0xF5, 0xE6, 0xC0, 0x89, 0x2A, 0x00, 0x00, 0x00, 0xFF, 0xFF, 0xFF,
0x00, 0x00, 0x00, 0x00, 0x00, 0x00, 0x00, 0x00, 0x00, 0x00, 0x00, 0x00, 0x00, 0x00, 0xFF, 0xFF,
0xFF, 0x00, 0x00, 0x00, 0x00, 0x00, 0x00, 0x00, 0x00, 0x00, 0x00, 0x00, 0x00, 0x00, 0x00, 0xFF,
0xFF, 0xFF, 0x00, 0x00, 0x00, 0x00, 0x00, 0x00, 0x00, 0x00, 0x00, 0x00, 0x00, 0x00, 0x00, 0x00,
0xFF, 0xFF, 0xFF, 0x00, 0x00, 0x00, 0x00, 0x00, 0x00, 0x00, 0x00, 0x00, 0x00, 0x00, 0x00, 0x00,
0x00, 0xFF, 0xFF, 0xFF, 0x00, 0x00, 0x00, 0x00, 0x00, 0x00, 0x00, 0x00, 0x00, 0x00, 0x00, 0x00,
0x00, 0x00, 0xFF, 0xFF, 0xFF, 0x00, 0x00, 0x00, 0x00, 0x00, 0x00, 0x00, 0x00, 0x00, 0x00, 0x00,
0x00, 0x00, 0x00, 0xFF, 0xFF, 0xFF, 0x00, 0x00, 0x00, 0x00, 0x00, 0x00, 0x00, 0x00, 0x00, 0x00,
0x00, 0x00, 0x00, 0x00, 0xFF, 0xFF, 0xFF, 0x00, 0x00, 0x00, 0x00, 0x00, 0x00, 0x00, 0x00, 0x00,
0x00, 0x00, 0x00, 0x00, 0x00, 0xFF, 0xFF, 0xFF, 0x00, 0x00, 0x00, 0x00, 0x00, 0x00, 0x00, 0x00,
0x00, 0x00, 0x00, 0x00, 0x00, 0x00, 0x00, 0x00, 0x00, 0x00, 0x00, 0x0C, 0x65, 0xB2, 0xE1, 0xF7,
0xF8, 0xE3, 0xB4, 0x69, 0x10, 0x00, 0x00, 0x00, 0x00, 0x00, 0x00, 0x00, 0x00, 0x00, 0x00, 0x69,
0xEC, 0xFF, 0xFF, 0xFF, 0xFF, 0xFF, 0xFF, 0xFF, 0xFF, 0xF0, 0x73, 0x02, 0x00, 0x00, 0x00, 0x00,
0x00, 0x00, 0x05, 0xA7, 0xFF, 0xFF, 0xFF, 0xFF, 0xFF, 0xFF, 0xFF, 0xFF, 0xFF, 0xFF, 0xFF, 0xFF,
0xB5, 0x0A, 0x00, 0x00, 0x00, 0x00, 0x00, 0x9B, 0xFF, 0xFF, 0xFF, 0xE0, 0x71, 0x2B, 0x0C, 0x10,
0x31, 0x7E, 0xE7, 0xFF, 0xFF, 0xFF, 0xB0, 0x01, 0x00, 0x00, 0x00, 0x4D, 0xFF, 0xFF, 0xFF, 0x9A,
0x07, 0x00, 0x00, 0x00, 0x00, 0x00, 0x00, 0x0B, 0xAD, 0xFF, 0xFF, 0xFF, 0x64, 0x00, 0x00, 0x00,
0xD4, 0xFF, 0xFF, 0x9F, 0x00, 0x00, 0x00, 0x00, 0x00, 0x00, 0x00, 0x00, 0x00, 0x01, 0xAF, 0xFF,
0xFF, 0xE6, 0x05, 0x00, 0x3E, 0xFF, 0xFF, 0xEB, 0x0A, 0x00, 0x00, 0x00, 0x00, 0x00, 0x00, 0x00,
0x00, 0x00, 0x00, 0x18, 0xF0, 0xFF, 0xFF, 0x52, 0x00, 0x8C, 0xFF, 0xFF, 0x88, 0x00, 0x00, 0x00,
0x00, 0x00, 0x00, 0x00, 0x00, 0x00, 0x00, 0x00, 0x00, 0x9C, 0xFF, 0xFF, 0x9E, 0x00, 0xC5, 0xFF,
0xFF, 0x45, 0x00, 0x00, 0x00, 0x00, 0x00, 0x00, 0x00, 0x00, 0x00, 0x00, 0x00, 0x00, 0x4B, 0xFF,
0xFF, 0xD0, 0x00, 0xE9, 0xFF, 0xFF, 0x19, 0x00, 0x00, 0x00, 0x00, 0x00, 0x00, 0x00, 0x00, 0x00,
0x00, 0x00, 0x00, 0x24, 0xFF, 0xFF, 0xF0, 0x00, 0xF9, 0xFF, 0xFF, 0x08, 0x00, 0x00, 0x00, 0x00,
0x00, 0x00, 0x00, 0x00, 0x00, 0x00, 0x00, 0x00, 0x0B, 0xFF, 0xFF, 0xFB, 0x00, 0xFA, 0xFF, 0xFF,
0x08, 0x00, 0x00, 0x00, 0x00, 0x00, 0x00, 0x00, 0x00, 0x00, 0x00, 0x00, 0x00, 0x0A, 0xFF, 0xFF,
0xED, 0x00, 0xEA, 0xFF, 0xFF, 0x1A, 0x00, 0x00, 0x00, 0x00, 0x00, 0x00, 0x00, 0x00, 0x00, 0x00,
0x00, 0x00, 0x1D, 0xFF, 0xFF, 0xD7, 0x00, 0xC6, 0xFF, 0xFF, 0x47, 0x00, 0x00, 0x00, 0x00, 0x00,
0x00, 0x00, 0x00, 0x00, 0x00, 0x00, 0x00, 0x4B, 0xFF, 0xFF, 0xAB, 0x00, 0x8E, 0xFF, 0xFF, 0x8C,
0x00, 0x00, 0x00, 0x00, 0x00, 0x00, 0x00, 0x00, 0x00, 0x00, 0x00, 0x00, 0x90, 0xFF, 0xFF, 0x62,
0x00, 0x41, 0xFF, 0xFF, 0xEE, 0x0D, 0x00, 0x00, 0x00, 0x00, 0x00, 0x42, 0x69, 0x0E, 0x00, 0x00,
0x12, 0xF1, 0xFF, 0xF3, 0x14, 0x00, 0x01, 0xD6, 0xFF, 0xFF, 0xA3, 0x00, 0x00, 0x00, 0x00, 0x00,
0xA8, 0xFF, 0xF4, 0x6F, 0x03, 0xA8, 0xFF, 0xFF, 0x7F, 0x00, 0x00, 0x00, 0x4E, 0xFF, 0xFF, 0xFF,
0x9B, 0x07, 0x00, 0x00, 0x00, 0x6F, 0xD4, 0xFF, 0xFF, 0xDF, 0xFF, 0xFF, 0xCB, 0x0A, 0x00, 0x00,
0x00, 0x00, 0x9A, 0xFF, 0xFF, 0xFF, 0xE0, 0x71, 0x2A, 0x0B, 0x0B, 0x2C, 0xC2, 0xFF, 0xFF, 0xFF,
0xEB, 0x16, 0x00, 0x00, 0x00, 0x00, 0x00, 0x04, 0xA6, 0xFF, 0xFF, 0xFF, 0xFF, 0xFF, 0xFF, 0xFF,
0xFF, 0xFF, 0xFF, 0xFF, 0xFF, 0xFF, 0xAE, 0x16, 0x00, 0x00, 0x00, 0x00, 0x00, 0x00, 0x6A, 0xEE,
0xFF, 0xFF, 0xFF, 0xFF, 0xFF, 0xFF, 0xFF, 0xFF, 0xFA, 0xFD, 0xFF, 0xFF, 0xEB, 0x6E, 0x07, 0x00,
0x00, 0x00, 0x00, 0x00, 0x0F, 0x69, 0xB6, 0xE5, 0xF9, 0xF8, 0xE2, 0xB7, 0x72, 0x18, 0x36, 0xD1,
0xFF, 0xFF, 0xFF, 0xBA, 0x00, 0x00, 0x00, 0x00, 0x00, 0x00, 0x00, 0x00, 0x00, 0x00, 0x00, 0x00,
0x00, 0x00, 0x00, 0x00, 0x04, 0x69, 0xD8, 0xF8, 0x2E, 0x00, 0x00, 0x00, 0x00, 0x00, 0x00, 0x00,
0x00, 0x00, 0x00, 0x00, 0x00, 0x00, 0x00, 0x00, 0x00, 0x00, 0x00, 0x01, 0x24, 0x00, 0xFF, 0xFF,
0xFF, 0xFF, 0xFF, 0xFF, 0xFF, 0xFF, 0xFF, 0xFF, 0xFC, 0xF2, 0xDB, 0xB1, 0x65, 0x04, 0x00, 0x00,
0x00, 0x00, 0xFF, 0xFF, 0xFF, 0xFF, 0xFF, 0xFF, 0xFF, 0xFF, 0xFF, 0xFF, 0xFF, 0xFF, 0xFF, 0xFF,
0xFF, 0xD6, 0x20, 0x00, 0x00, 0x00, 0xFF, 0xFF, 0xFF, 0xFF, 0xFF, 0xFF, 0xFF, 0xFF, 0xFF, 0xFF,
0xFF, 0xFF, 0xFF, 0xFF, 0xFF, 0xFF, 0xD6, 0x0B, 0x00, 0x00, 0xFF, 0xFF, 0xFF, 0x00, 0x00, 0x00,
0x00, 0x00, 0x00, 0x00, 0x04, 0x17, 0x46, 0xAB, 0xFF, 0xFF, 0xFF, 0x6C, 0x00, 0x00, 0xFF, 0xFF,
0xFF, 0x00, 0x00, 0x00, 0x00, 0x00, 0x00, 0x00, 0x00, 0x00, 0x00, 0x00, 0x86, 0xFF, 0xFF, 0xC9,
0x00, 0x00, 0xFF, 0xFF, 0xFF, 0x00, 0x00, 0x00, 0x00, 0x00, 0x00, 0x00, 0x00, 0x00, 0x00, 0x00,
0x11, 0xFF, 0xFF, 0xEE, 0x00, 0x00, 0xFF, 0xFF, 0xFF, 0x00, 0x00, 0x00, 0x00, 0x00, 0x00, 0x00,
0x00, 0x00, 0x00, 0x00, 0x1B, 0xFF, 0xFF, 0xF4, 0x00, 0x00, 0xFF, 0xFF, 0xFF, 0x00, 0x00, 0x00,
0x00, 0x00, 0x00, 0x00, 0x00, 0x00, 0x00, 0x01, 0x9C, 0xFF, 0xFF, 0xCB, 0x00, 0x00, 0xFF, 0xFF,
0xFF, 0x00, 0x00, 0x00, 0x00, 0x00, 0x00, 0x02, 0x0D, 0x24, 0x57, 0xBF, 0xFF, 0xFF, 0xFF, 0x6F,
0x00, 0x00, 0xFF, 0xFF, 0xFF, 0xFF, 0xFF, 0xFF, 0xFF, 0xFF, 0xFF, 0xFF, 0xFF, 0xFF, 0xFF, 0xFF,
0xFF, 0xFF, 0xC9, 0x06, 0x00, 0x00, 0xFF, 0xFF, 0xFF, 0xFF, 0xFF, 0xFF, 0xFF, 0xFF, 0xFF, 0xFF,
0xFF, 0xFF, 0xFF, 0xFF, 0xFF, 0xB3, 0x10, 0x00, 0x00, 0x00, 0xFF, 0xFF, 0xFF, 0xFF, 0xFF, 0xFF,
0xFF, 0xFF, 0xFF, 0xFF, 0xFF, 0xFD, 0xD7, 0x9A, 0x3D, 0x00, 0x00, 0x00, 0x00, 0x00, 0xFF, 0xFF,
0xFF, 0x00, 0x00, 0x00, 0x01, 0x0D, 0x55, 0xF5, 0xFF, 0xF5, 0x5F, 0x00, 0x00, 0x00, 0x00, 0x00,
0x00, 0x00, 0xFF, 0xFF, 0xFF, 0x00, 0x00, 0x00, 0x00, 0x00, 0x00, 0x57, 0xFF, 0xFF, 0xFF, 0x5D,
0x00, 0x00, 0x00, 0x00, 0x00, 0x00, 0xFF, 0xFF, 0xFF, 0x00, 0x00, 0x00, 0x00, 0x00, 0x00, 0x00,
0x82, 0xFF, 0xFF, 0xF7, 0x32, 0x00, 0x00, 0x00, 0x00, 0x00, 0xFF, 0xFF, 0xFF, 0x00, 0x00, 0x00,
0x00, 0x00, 0x00, 0x00, 0x01, 0xB5, 0xFF, 0xFF, 0xE1, 0x14, 0x00, 0x00, 0x00, 0x00, 0xFF, 0xFF,
0xFF, 0x00, 0x00, 0x00, 0x00, 0x00, 0x00, 0x00, 0x00, 0x16, 0xE9, 0xFF, 0xFF, 0xAD, 0x00, 0x00,
0x00, 0x00, 0xFF, 0xFF, 0xFF, 0x00, 0x00, 0x00, 0x00, 0x00, 0x00, 0x00, 0x00, 0x00, 0x50, 0xFF,
0xFF, 0xFF, 0x4C, 0x00, 0x00, 0x00, 0xFF, 0xFF, 0xFF, 0x00, 0x00, 0x00, 0x00, 0x00, 0x00, 0x00,
0x00, 0x00, 0x00, 0xA8, 0xFF, 0xFF, 0xE1, 0x0B, 0x00, 0x00, 0xFF, 0xFF, 0xFF, 0x00, 0x00, 0x00,
0x00, 0x00, 0x00, 0x00, 0x00, 0x00, 0x00, 0x15, 0xEB, 0xFF, 0xFF, 0x8C, 0x00, 0x00, 0xFF, 0xFF,
0xFF, 0x00, 0x00, 0x00, 0x00, 0x00, 0x00, 0x00, 0x00, 0x00, 0x00, 0x00, 0x5A, 0xFF, 0xFF, 0xFB,
0x30, 0x00, 0xFF, 0xFF, 0xFF, 0x00, 0x00, 0x00, 0x00, 0x00, 0x00, 0x00, 0x00, 0x00, 0x00, 0x00,
0x00, 0xB3, 0xFF, 0xFF, 0xC9, 0x02, 0x00, 0x00, 0x00, 0x00, 0x3E, 0x94, 0xD4, 0xEE, 0xF9, 0xE5,
0xC6, 0x81, 0x2A, 0x00, 0x00, 0x00, 0x00, 0x00, 0x00, 0x13, 0xB0, 0xFF, 0xFF, 0xFF, 0xFF, 0xFF,
0xFF, 0xFF, 0xFF, 0xFC, 0x94, 0x05, 0x00, 0x00, 0x00, 0x07, 0xC5, 0xFF, 0xFF, 0xFF, 0xFF, 0xFF,
0xFF, 0xFF, 0xFF, 0xFF, 0xFF, 0xFF, 0xA8, 0x00, 0x00, 0x00, 0x6B, 0xFF, 0xFF, 0xFF, 0x9D, 0x38,
0x0E, 0x03, 0x13, 0x43, 0xB0, 0xFF, 0xFF, 0xFF, 0x4E, 0x00, 0x00, 0xCB, 0xFF, 0xFF, 0x83, 0x00,
0x00, 0x00, 0x00, 0x00, 0x00, 0x01, 0xA3, 0xFF, 0xFF, 0xB9, 0x00, 0x00, 0xF2, 0xFF, 0xFF, 0x12,
0x00, 0x00, 0x00, 0x00, 0x00, 0x00, 0x00, 0x2A, 0xFF, 0xFF, 0xEA, 0x00, 0x00, 0xEA, 0xFF, 0xFF,
0x17, 0x00, 0x00, 0x00, 0x00, 0x00, 0x00, 0x00, 0x00, 0x00, 0x00, 0x00, 0x00, 0x00, 0xB0, 0xFF,
0xFF, 0x8E, 0x00, 0x00, 0x00, 0x00, 0x00, 0x00, 0x00, 0x00, 0x00, 0x00, 0x00, 0x00, 0x00, 0x36,
0xFA, 0xFF, 0xFF, 0xC1, 0x5B, 0x10, 0x00, 0x00, 0x00, 0x00, 0x00, 0x00, 0x00, 0x00, 0x00, 0x00,
0x00, 0x57, 0xF6, 0xFF, 0xFF, 0xFF, 0xFC, 0xCA, 0x8A, 0x48, 0x09, 0x00, 0x00, 0x00, 0x00, 0x00,
0x00, 0x00, 0x00, 0x24, 0xAC, 0xFB, 0xFF, 0xFF, 0xFF, 0xFF, 0xFF, 0xF5, 0xAA, 0x3F, 0x00, 0x00,
0x00, 0x00, 0x00, 0x00, 0x00, 0x00, 0x16, 0x65, 0xAD, 0xEF, 0xFF, 0xFF, 0xFF, 0xFF, 0xFF, 0xB0,
0x11, 0x00, 0x00, 0x00, 0x00, 0x00, 0x00, 0x00, 0x00, 0x00, 0x02, 0x34, 0x7D, 0xD9, 0xFF, 0xFF,
0xFF, 0xCF, 0x08, 0x00, 0x00, 0x00, 0x00, 0x00, 0x00, 0x00, 0x00, 0x00, 0x00, 0x00, 0x02, 0x63,
0xF4, 0xFF, 0xFF, 0x73, 0xF6, 0xFF, 0xFF, 0x19, 0x00, 0x00, 0x00, 0x00, 0x00, 0x00, 0x00, 0x00,
0x00, 0x54, 0xFF, 0xFF, 0xD1, 0xD5, 0xFF, 0xFF, 0x54, 0x00, 0x00, 0x00, 0x00, 0x00, 0x00, 0x00,
0x00, 0x00, 0x0C, 0xFF, 0xFF, 0xF4, 0x96, 0xFF, 0xFF, 0xC3, 0x01, 0x00, 0x00, 0x00, 0x00, 0x00,
0x00, 0x00, 0x00, 0x40, 0xFF, 0xFF, 0xDF, 0x34, 0xFF, 0xFF, 0xFF, 0x96, 0x06, 0x00, 0x00, 0x00,
0x00, 0x00, 0x00, 0x10, 0xD1, 0xFF, 0xFF, 0xA5, 0x00, 0x9E, 0xFF, 0xFF, 0xFF, 0xD7, 0x6E, 0x27,
0x0B, 0x0A, 0x29, 0x71, 0xE5, 0xFF, 0xFF, 0xFE, 0x30, 0x00, 0x08, 0xC9, 0xFF, 0xFF, 0xFF, 0xFF,
0xFF, 0xFF, 0xFF, 0xFF, 0xFF, 0xFF, 0xFF, 0xFF, 0x71, 0x00, 0x00, 0x00, 0x0A, 0x92, 0xFE, 0xFF,
0xFF, 0xFF, 0xFF, 0xFF, 0xFF, 0xFF, 0xFF, 0xEC, 0x60, 0x00, 0x00, 0x00, 0x00, 0x00, 0x00, 0x25,
0x78, 0xC0, 0xDC, 0xF3, 0xF6, 0xDE, 0xB6, 0x67, 0x11, 0x00, 0x00, 0x00, 0xFF, 0xFF, 0xFF, 0xFF,
0xFF, 0xFF, 0xFF, 0xFF, 0xFF, 0xFF, 0xFF, 0xFF, 0xFF, 0xFF, 0xFF, 0xFF, 0xFF, 0xFF, 0xFF, 0xFF,
0xFF, 0xFF, 0xFF, 0xFF, 0xFF, 0xFF, 0xFF, 0xFF, 0xFF, 0xFF, 0xFF, 0xFF, 0xFF, 0xFF, 0xFF, 0xFF,
0xFF, 0xFF, 0xFF, 0xFF, 0xFF, 0xFF, 0xFF, 0xFF, 0xFF, 0xFF, 0xFF, 0xFF, 0xFF, 0xFF, 0xFF, 0x00,
0x00, 0x00, 0x00, 0x00, 0x00, 0x00, 0xFF, 0xFF, 0xFF, 0x00, 0x00, 0x00, 0x00, 0x00, 0x00, 0x00,
0x00, 0x00, 0x00, 0x00, 0x00, 0x00, 0x00, 0xFF, 0xFF, 0xFF, 0x00, 0x00, 0x00, 0x00, 0x00, 0x00,
0x00, 0x00, 0x00, 0x00, 0x00, 0x00, 0x00, 0x00, 0xFF, 0xFF, 0xFF, 0x00, 0x00, 0x00, 0x00, 0x00,
0x00, 0x00, 0x00, 0x00, 0x00, 0x00, 0x00, 0x00, 0x00, 0xFF, 0xFF, 0xFF, 0x00, 0x00, 0x00, 0x00,
0x00, 0x00, 0x00, 0x00, 0x00, 0x00, 0x00, 0x00, 0x00, 0x00, 0xFF, 0xFF, 0xFF, 0x00, 0x00, 0x00,
0x00, 0x00, 0x00, 0x00, 0x00, 0x00, 0x00, 0x00, 0x00, 0x00, 0x00, 0xFF, 0xFF, 0xFF, 0x00, 0x00,
0x00, 0x00, 0x00, 0x00, 0x00, 0x00, 0x00, 0x00, 0x00, 0x00, 0x00, 0x00, 0xFF, 0xFF, 0xFF, 0x00,
0x00, 0x00, 0x00, 0x00, 0x00, 0x00, 0x00, 0x00, 0x00, 0x00, 0x00, 0x00, 0x00, 0xFF, 0xFF, 0xFF,
0x00, 0x00, 0x00, 0x00, 0x00, 0x00, 0x00, 0x00, 0x00, 0x00, 0x00, 0x00, 0x00, 0x00, 0xFF, 0xFF,
0xFF, 0x00, 0x00, 0x00, 0x00, 0x00, 0x00, 0x00, 0x00, 0x00, 0x00, 0x00, 0x00, 0x00, 0x00, 0xFF,
0xFF, 0xFF, 0x00, 0x00, 0x00, 0x00, 0x00, 0x00, 0x00, 0x00, 0x00, 0x00, 0x00, 0x00, 0x00, 0x00,
0xFF, 0xFF, 0xFF, 0x00, 0x00, 0x00, 0x00, 0x00, 0x00, 0x00, 0x00, 0x00, 0x00, 0x00, 0x00, 0x00,
0x00, 0xFF, 0xFF, 0xFF, 0x00, 0x00, 0x00, 0x00, 0x00, 0x00, 0x00, 0x00, 0x00, 0x00, 0x00, 0x00,
0x00, 0x00, 0xFF, 0xFF, 0xFF, 0x00, 0x00, 0x00, 0x00, 0x00, 0x00, 0x00, 0x00, 0x00, 0x00, 0x00,
0x00, 0x00, 0x00, 0xFF, 0xFF, 0xFF, 0x00, 0x00, 0x00, 0x00, 0x00, 0x00, 0x00, 0x00, 0x00, 0x00,
0x00, 0x00, 0x00, 0x00, 0xFF, 0xFF, 0xFF, 0x00, 0x00, 0x00, 0x00, 0x00, 0x00, 0x00, 0x00, 0x00,
0x00, 0x00, 0x00, 0x00, 0x00, 0xFF, 0xFF, 0xFF, 0x00, 0x00, 0x00, 0x00, 0x00, 0x00, 0x00, 0x00,
0x00, 0x00, 0x00, 0x00, 0x00, 0x00, 0xFF, 0xFF, 0xFF, 0x00, 0x00, 0x00, 0x00, 0x00, 0x00, 0x00,
0x00, 0x00, 0x00, 0x00, 0x00, 0x00, 0x00, 0xFF, 0xFF, 0xFF, 0x00, 0x00, 0x00, 0x00, 0x00, 0x00,
0x00, 0x00, 0x00, 0x00, 0x00, 0x00, 0x00, 0x00, 0xFF, 0xFF, 0xFF, 0x00, 0x00, 0x00, 0x00, 0x00,
0x00, 0x00, 0xFF, 0xFF, 0xFF, 0x00, 0x00, 0x00, 0x00, 0x00, 0x00, 0x00, 0x00, 0x00, 0x00, 0x00,
0x00, 0xFF, 0xFF, 0xFF, 0xFF, 0xFF, 0xFF, 0x00, 0x00, 0x00, 0x00, 0x00, 0x00, 0x00, 0x00, 0x00,
0x00, 0x00, 0x00, 0xFF, 0xFF, 0xFF, 0xFF, 0xFF, 0xFF, 0x00, 0x00, 0x00, 0x00, 0x00, 0x00, 0x00,
0x00, 0x00, 0x00, 0x00, 0x00, 0xFF, 0xFF, 0xFF, 0xFF, 0xFF, 0xFF, 0x00, 0x00, 0x00, 0x00, 0x00,
0x00, 0x00, 0x00, 0x00, 0x00, 0x00, 0x00, 0xFF, 0xFF, 0xFF, 0xFF, 0xFF, 0xFF, 0x00, 0x00, 0x00,
0x00, 0x00, 0x00, 0x00, 0x00, 0x00, 0x00, 0x00, 0x00, 0xFF, 0xFF, 0xFF, 0xFF, 0xFF, 0xFF, 0x00,
0x00, 0x00, 0x00, 0x00, 0x00, 0x00, 0x00, 0x00, 0x00, 0x00, 0x00, 0xFF, 0xFF, 0xFF, 0xFF, 0xFF,
0xFF, 0x00, 0x00, 0x00, 0x00, 0x00, 0x00, 0x00, 0x00, 0x00, 0x00, 0x00, 0x00, 0xFF, 0xFF, 0xFF,
0xFF, 0xFF, 0xFF, 0x00, 0x00, 0x00, 0x00, 0x00, 0x00, 0x00, 0x00, 0x00, 0x00, 0x00, 0x00, 0xFF,
0xFF, 0xFF, 0xFF, 0xFF, 0xFF, 0x00, 0x00, 0x00, 0x00, 0x00, 0x00, 0x00, 0x00, 0x00, 0x00, 0x00,
0x00, 0xFF, 0xFF, 0xFF, 0xFF, 0xFF, 0xFF, 0x00, 0x00, 0x00, 0x00, 0x00, 0x00, 0x00, 0x00, 0x00,
0x00, 0x00, 0x00, 0xFF, 0xFF, 0xFF, 0xFF, 0xFF, 0xFF, 0x00, 0x00, 0x00, 0x00, 0x00, 0x00, 0x00,
0x00, 0x00, 0x00, 0x00, 0x00, 0xFF, 0xFF, 0xFF, 0xFF, 0xFF, 0xFF, 0x00, 0x00, 0x00, 0x00, 0x00,
0x00, 0x00, 0x00, 0x00, 0x00, 0x00, 0x00, 0xFF, 0xFF, 0xFF, 0xFF, 0xFF, 0xFF, 0x01, 0x00, 0x00,
0x00, 0x00, 0x00, 0x00, 0x00, 0x00, 0x00, 0x00, 0x03, 0xFF, 0xFF, 0xFE, 0xF8, 0xFF, 0xFF, 0x09,
0x00, 0x00, 0x00, 0x00, 0x00, 0x00, 0x00, 0x00, 0x00, 0x00, 0x10, 0xFF, 0xFF, 0xF7, 0xE7, 0xFF,
0xFF, 0x21, 0x00, 0x00, 0x00, 0x00, 0x00, 0x00, 0x00, 0x00, 0x00, 0x00, 0x2B, 0xFF, 0xFF, 0xE6,
0xC7, 0xFF, 0xFF, 0x50, 0x00, 0x00, 0x00, 0x00, 0x00, 0x00, 0x00, 0x00, 0x00, 0x00, 0x5E, 0xFF,
0xFF, 0xC7, 0x94, 0xFF, 0xFF, 0xB4, 0x00, 0x00, 0x00, 0x00, 0x00, 0x00, 0x00, 0x00, 0x00, 0x00,
0xBA, 0xFF, 0xFF, 0x94, 0x46, 0xFF, 0xFF, 0xFF, 0x75, 0x00, 0x00, 0x00, 0x00, 0x00, 0x00, 0x00,
0x00, 0x67, 0xFF, 0xFF, 0xFF, 0x45, 0x01, 0xCD, 0xFF, 0xFF, 0xFF, 0xBB, 0x57, 0x1F, 0x07, 0x0A,
0x20, 0x53, 0xB2, 0xFF, 0xFF, 0xFF, 0xC6, 0x00, 0x00, 0x28, 0xEC, 0xFF, 0xFF, 0xFF, 0xFF, 0xFF,
0xFF, 0xFF, 0xFF, 0xFF, 0xFF, 0xFF, 0xFF, 0xE1, 0x1F, 0x00, 0x00, 0x00, 0x25, 0xC4, 0xFF, 0xFF,
0xFF, 0xFF, 0xFF, 0xFF, 0xFF, 0xFF, 0xFF, 0xFF, 0xB5, 0x19, 0x00, 0x00, 0x00, 0x00, 0x00, 0x00,
0x3F, 0x93, 0xCA, 0xEC, 0xFB, 0xFA, 0xEC, 0xC9, 0x8F, 0x37, 0x00, 0x00, 0x00, 0x00, 0x0F, 0xF8,
0xFF, 0xFF, 0x2B, 0x00, 0x00, 0x00, 0x00, 0x00, 0x00, 0x00, 0x00, 0x00, 0x00, 0x00, 0x2B, 0xFF,
0xFF, 0xF8, 0x0F, 0x00, 0xB1, 0xFF, 0xFF, 0x82, 0x00, 0x00, 0x00, 0x00, 0x00, 0x00, 0x00, 0x00,
0x00, 0x00, 0x00, 0x83, 0xFF, 0xFF, 0xB0, 0x00, 0x00, 0x59, 0xFF, 0xFF, 0xD9, 0x00, 0x00, 0x00,
0x00, 0x00, 0x00, 0x00, 0x00, 0x00, 0x00, 0x00, 0xDA, 0xFF, 0xFF, 0x58, 0x00, 0x00, 0x0B, 0xF5,
0xFF, 0xFF, 0x30, 0x00, 0x00, 0x00, 0x00, 0x00, 0x00, 0x00, 0x00, 0x00, 0x32, 0xFF, 0xFF, 0xF5,
0x0B, 0x00, 0x00, 0x00, 0xAA, 0xFF, 0xFF, 0x87, 0x00, 0x00, 0x00, 0x00, 0x00, 0x00, 0x00, 0x00,
0x00, 0x89, 0xFF, 0xFF, 0xA9, 0x00, 0x00, 0x00, 0x00, 0x52, 0xFF, 0xFF, 0xDD, 0x00, 0x00, 0x00,
0x00, 0x00, 0x00, 0x00, 0x00, 0x00, 0xDF, 0xFF, 0xFF, 0x51, 0x00, 0x00, 0x00, 0x00, 0x08, 0xF2,
0xFF, 0xFF, 0x35, 0x00, 0x00, 0x00, 0x00, 0x00, 0x00, 0x00, 0x37, 0xFF, 0xFF, 0xF1, 0x08, 0x00,
0x00, 0x00, 0x00, 0x00, 0xA3, 0xFF, 0xFF, 0x8C, 0x00, 0x00, 0x00, 0x00, 0x00, 0x00, 0x00, 0x8F,
0xFF, 0xFF, 0xA2, 0x00, 0x00, 0x00, 0x00, 0x00, 0x00, 0x4B, 0xFF, 0xFF, 0xE2, 0x01, 0x00, 0x00,
0x00, 0x00, 0x00, 0x01, 0xE4, 0xFF, 0xFF, 0x4A, 0x00, 0x00, 0x00, 0x00, 0x00, 0x00, 0x05, 0xEE,
0xFF, 0xFF, 0x3A, 0x00, 0x00, 0x00, 0x00, 0x00, 0x3D, 0xFF, 0xFF, 0xED, 0x05, 0x00, 0x00, 0x00,
0x00, 0x00, 0x00, 0x00, 0x9C, 0xFF, 0xFF, 0x91, 0x00, 0x00, 0x00, 0x00, 0x00, 0x94, 0xFF, 0xFF,
0x9B, 0x00, 0x00, 0x00, 0x00, 0x00, 0x00, 0x00, 0x00, 0x45, 0xFF, 0xFF, 0xE6, 0x02, 0x00, 0x00,
0x00, 0x03, 0xE8, 0xFF, 0xFF, 0x43, 0x00, 0x00, 0x00, 0x00, 0x00, 0x00, 0x00, 0x00, 0x03, 0xE9,
0xFF, 0xFF, 0x3F, 0x00, 0x00, 0x00, 0x43, 0xFF, 0xFF, 0xE9, 0x03, 0x00, 0x00, 0x00, 0x00, 0x00,
0x00, 0x00, 0x00, 0x00, 0x95, 0xFF, 0xFF, 0x96, 0x00, 0x00, 0x00, 0x9A, 0xFF, 0xFF, 0x94, 0x00,
0x00, 0x00, 0x00, 0x00, 0x00, 0x00, 0x00, 0x00, 0x00, 0x3E, 0xFF, 0xFF, 0xE9, 0x03, 0x00, 0x04,
0xEC, 0xFF, 0xFF, 0x3D, 0x00, 0x00, 0x00, 0x00, 0x00, 0x00, 0x00, 0x00, 0x00, 0x00, 0x01, 0xE3,
0xFF, 0xFF, 0x44, 0x00, 0x48, 0xFF, 0xFF, 0xE3, 0x01, 0x00, 0x00, 0x00, 0x00, 0x00, 0x00, 0x00,
0x00, 0x00, 0x00, 0x00, 0x8E, 0xFF, 0xFF, 0x96, 0x00, 0x9A, 0xFF, 0xFF, 0x8D, 0x00, 0x00, 0x00,
0x00, 0x00, 0x00, 0x00, 0x00, 0x00, 0x00, 0x00, 0x00, 0x37, 0xFF, 0xFF, 0xE3, 0x01, 0xE5, 0xFF,
0xFF, 0x36, 0x00, 0x00, 0x00, 0x00, 0x00, 0x00, 0x00, 0x00, 0x00, 0x00, 0x00, 0x00, 0x00, 0xDE,
0xFF, 0xFF, 0x65, 0xFF, 0xFF, 0xDD, 0x00, 0x00, 0x00, 0x00, 0x00, 0x00, 0x00, 0x00, 0x00, 0x00,
0x00, 0x00, 0x00, 0x00, 0x87, 0xFF, 0xFF, 0xEC, 0xFF, 0xFF, 0x86, 0x00, 0x00, 0x00, 0x00, 0x00,
0x00, 0x00, 0x00, 0x00, 0x00, 0x00, 0x00, 0x00, 0x00, 0x30, 0xFF, 0xFF, 0xFF, 0xFF, 0xFF, 0x2F,
0x00, 0x00, 0x00, 0x00, 0x00, 0x00, 0x00, 0x00, 0x00, 0x00, 0x00, 0x00, 0x00, 0x00, 0x00, 0xD7,
0xFF, 0xFF, 0xFF, 0xD7, 0x00, 0x00, 0x00, 0x00, 0x00, 0x00, 0x00, 0x00, 0xE2, 0xFF, 0xFF, 0x25,
0x00, 0x00, 0x00, 0x00, 0x00, 0x00, 0x00, 0x00, 0xE4, 0xFF, 0xFF, 0xFF, 0xE3, 0x00, 0x00, 0x00,
0x00, 0x00, 0x00, 0x00, 0x00, 0x27, 0xFF, 0xFF, 0xE1, 0xA5, 0xFF, 0xFF, 0x62, 0x00, 0x00, 0x00,
0x00, 0x00, 0x00, 0x00, 0x25, 0xFF, 0xFF, 0xFF, 0xFF, 0xFF, 0x23, 0x00, 0x00, 0x00, 0x00, 0x00,
0x00, 0x00, 0x63, 0xFF, 0xFF, 0xA4, 0x69, 0xFF, 0xFF, 0x9E, 0x00, 0x00, 0x00, 0x00, 0x00, 0x00,
0x00, 0x65, 0xFF, 0xFF, 0xF8, 0xFF, 0xFF, 0x63, 0x00, 0x00, 0x00, 0x00, 0x00, 0x00, 0x00, 0x9F,
0xFF, 0xFF, 0x68, 0x2C, 0xFF, 0xFF, 0xDB, 0x00, 0x00, 0x00, 0x00, 0x00, 0x00, 0x00, 0xA5, 0xFF,
0xFF, 0x95, 0xFF, 0xFF, 0xA3, 0x00, 0x00, 0x00, 0x00, 0x00, 0x00, 0x00, 0xDC, 0xFF, 0xFF, 0x2B,
0x01, 0xEE, 0xFF, 0xFF, 0x18, 0x00, 0x00, 0x00, 0x00, 0x00, 0x00, 0xE4, 0xFF, 0xFC, 0x1D, 0xFC,
0xFF, 0xE3, 0x00, 0x00, 0x00, 0x00, 0x00, 0x00, 0x17, 0xFF, 0xFF, 0xED, 0x01, 0x00, 0xB3, 0xFF,
0xFF, 0x54, 0x00, 0x00, 0x00, 0x00, 0x00, 0x25, 0xFF, 0xFF, 0xCC, 0x00, 0xCB, 0xFF, 0xFF, 0x23,
0x00, 0x00, 0x00, 0x00, 0x00, 0x54, 0xFF, 0xFF, 0xB2, 0x00, 0x00, 0x77, 0xFF, 0xFF, 0x90, 0x00,
0x00, 0x00, 0x00, 0x00, 0x65, 0xFF, 0xFF, 0x8C, 0x00, 0x8B, 0xFF, 0xFF, 0x63, 0x00, 0x00, 0x00,
0x00, 0x00, 0x91, 0xFF, 0xFF, 0x76, 0x00, 0x00, 0x3A, 0xFF, 0xFF, 0xCD, 0x00, 0x00, 0x00, 0x00,
0x00, 0xA5, 0xFF, 0xFF, 0x4C, 0x00, 0x4B, 0xFF, 0xFF, 0xA3, 0x00, 0x00, 0x00, 0x00, 0x00, 0xCD,
0xFF, 0xFF, 0x39, 0x00, 0x00, 0x06, 0xF7, 0xFF, 0xFC, 0x0C, 0x00, 0x00, 0x00, 0x00, 0xE4, 0xFF,
0xFC, 0x0F, 0x00, 0x0E, 0xFC, 0xFF, 0xE3, 0x00, 0x00, 0x00, 0x00, 0x0C, 0xFC, 0xFF, 0xF7, 0x06,
0x00, 0x00, 0x00, 0xC1, 0xFF, 0xFF, 0x45, 0x00, 0x00, 0x00, 0x25, 0xFF, 0xFF, 0xCB, 0x00, 0x00,
0x00, 0xCB, 0xFF, 0xFF, 0x23, 0x00, 0x00, 0x00, 0x46, 0xFF, 0xFF, 0xC0, 0x00, 0x00, 0x00, 0x00,
0x85, 0xFF, 0xFF, 0x82, 0x00, 0x00, 0x00, 0x65, 0xFF, 0xFF, 0x8B, 0x00, 0x00, 0x00, 0x8B, 0xFF,
0xFF, 0x63, 0x00, 0x00, 0x00, 0x82, 0xFF, 0xFF, 0x83, 0x00, 0x00, 0x00, 0x00, 0x48, 0xFF, 0xFF,
0xBE, 0x00, 0x00, 0x00, 0xA5, 0xFF, 0xFF, 0x4B, 0x00, 0x00, 0x00, 0x4A, 0xFF, 0xFF, 0xA3, 0x00,
0x00, 0x00, 0xBE, 0xFF, 0xFF, 0x47, 0x00, 0x00, 0x00, 0x00, 0x0E, 0xFD, 0xFF, 0xF5, 0x05, 0x00,
0x00, 0xE4, 0xFF, 0xFC, 0x0E, 0x00, 0x00, 0x00, 0x0D, 0xFC, 0xFF, 0xE3, 0x00, 0x00, 0x05, 0xF5,
0xFF, 0xFC, 0x0E, 0x00, 0x00, 0x00, 0x00, 0x00, 0xCF, 0xFF, 0xFF, 0x37, 0x00, 0x25, 0xFF, 0xFF,
0xCA, 0x00, 0x00, 0x00, 0x00, 0x00, 0xCA, 0xFF, 0xFF, 0x23, 0x00, 0x37, 0xFF, 0xFF, 0xCE, 0x00,
0x00, 0x00, 0x00, 0x00, 0x00, 0x92, 0xFF, 0xFF, 0x74, 0x00, 0x65, 0xFF, 0xFF, 0x8A, 0x00, 0x00,
0x00, 0x00, 0x00, 0x8A, 0xFF, 0xFF, 0x63, 0x00, 0x73, 0xFF, 0xFF, 0x91, 0x00, 0x00, 0x00, 0x00,
0x00, 0x00, 0x56, 0xFF, 0xFF, 0xB0, 0x00, 0xA5, 0xFF, 0xFF, 0x49, 0x00, 0x00, 0x00, 0x00, 0x00,
0x4A, 0xFF, 0xFF, 0xA3, 0x00, 0xB0, 0xFF, 0xFF, 0x55, 0x00, 0x00, 0x00, 0x00, 0x00, 0x00, 0x19,
0xFF, 0xFF, 0xEC, 0x01, 0xE4, 0xFF, 0xFC, 0x0D, 0x00, 0x00, 0x00, 0x00, 0x00, 0x0D, 0xFB, 0xFF,
0xE3, 0x01, 0xEB, 0xFF, 0xFF, 0x19, 0x00, 0x00, 0x00, 0x00, 0x00, 0x00, 0x00, 0xDD, 0xFF, 0xFF,
0x4E, 0xFF, 0xFF, 0xC9, 0x00, 0x00, 0x00, 0x00, 0x00, 0x00, 0x00, 0xC9, 0xFF, 0xFF, 0x4E, 0xFF,
0xFF, 0xDC, 0x00, 0x00, 0x00, 0x00, 0x00, 0x00, 0x00, 0x00, 0xA0, 0xFF, 0xFF, 0xCB, 0xFF, 0xFF,
0x88, 0x00, 0x00, 0x00, 0x00, 0x00, 0x00, 0x00, 0x89, 0xFF, 0xFF, 0xCA, 0xFF, 0xFF, 0x9F, 0x00,
0x00, 0x00, 0x00, 0x00, 0x00, 0x00, 0x00, 0x64, 0xFF, 0xFF, 0xFF, 0xFF, 0xFF, 0x48, 0x00, 0x00,
0x00, 0x00, 0x00, 0x00, 0x00, 0x49, 0xFF, 0xFF, 0xFF, 0xFF, 0xFF, 0x63, 0x00, 0x00, 0x00, 0x00,
0x00, 0x00, 0x00, 0x00, 0x27, 0xFF, 0xFF, 0xFF, 0xFF, 0xFB, 0x0C, 0x00, 0x00, 0x00, 0x00, 0x00,
0x00, 0x00, 0x0C, 0xFB, 0xFF, 0xFF, 0xFF, 0xFF, 0x26, 0x00, 0x00, 0x00, 0x00, 0x00, 0x00, 0x00,
0x00, 0x00, 0xE9, 0xFF, 0xFF, 0xFF, 0xC8, 0x00, 0x00, 0x00, 0x00, 0x00, 0x00, 0x00, 0x00, 0x00,
0xC8, 0xFF, 0xFF, 0xFF, 0xE9, 0x00, 0x00, 0x00, 0x00, 0x00, 0x00, 0xA9, 0xFF, 0xFF, 0xD8, 0x09,
0x00, 0x00, 0x00, 0x00, 0x00, 0x00, 0x00, 0x08, 0xD7, 0xFF, 0xFF, 0xA8, 0x00, 0x00, 0x13, 0xE7,
0xFF, 0xFF, 0x90, 0x00, 0x00, 0x00, 0x00, 0x00, 0x00, 0x00, 0x8E, 0xFF, 0xFF, 0xE7, 0x13, 0x00,
0x00, 0x00, 0x4D, 0xFF, 0xFF, 0xFE, 0x40, 0x00, 0x00, 0x00, 0x00, 0x00, 0x3E, 0xFD, 0xFF, 0xFF,
0x4C, 0x00, 0x00, 0x00, 0x00, 0x00, 0x9F, 0xFF, 0xFF, 0xDF, 0x0C, 0x00, 0x00, 0x00, 0x0C, 0xDE,
0xFF, 0xFF, 0x9E, 0x00, 0x00, 0x00, 0x00, 0x00, 0x00, 0x0E, 0xE1, 0xFF, 0xFF, 0x9A, 0x00, 0x00,
0x00, 0x9A, 0xFF, 0xFF, 0xE1, 0x0E, 0x00, 0x00, 0x00, 0x00, 0x00, 0x00, 0x00, 0x43, 0xFE, 0xFF,
0xFF, 0x48, 0x00, 0x45, 0xFF, 0xFF, 0xFE, 0x43, 0x00, 0x00, 0x00, 0x00, 0x00, 0x00, 0x00, 0x00,
0x00, 0x94, 0xFF, 0xFF, 0xD9, 0x00, 0xB9, 0xFF, 0xFF, 0x93, 0x00, 0x00, 0x00, 0x00, 0x00, 0x00,
0x00, 0x00, 0x00, 0x00, 0x0A, 0xDB, 0xFF, 0xFF, 0x70, 0xFE, 0xFF, 0xDB, 0x0A, 0x00, 0x00, 0x00,
0x00, 0x00, 0x00, 0x00, 0x00, 0x00, 0x00, 0x00, 0x3A, 0xFD, 0xFF, 0xFE, 0xFF, 0xFD, 0x3A, 0x00,
0x00, 0x00, 0x00, 0x00, 0x00, 0x00, 0x00, 0x00, 0x00, 0x00, 0x00, 0x00, 0x8A, 0xFF, 0xFF, 0xFF,
0x89, 0x00, 0x00, 0x00, 0x00, 0x00, 0x00, 0x00, 0x00, 0x00, 0x00, 0x00, 0x00, 0x00, 0x00, 0x39,
0xFF, 0xFF, 0xFF, 0x38, 0x00, 0x00, 0x00, 0x00, 0x00, 0x00, 0x00, 0x00, 0x00, 0x00, 0x00, 0x00,
0x00, 0x07, 0xD3, 0xFF, 0xFF, 0xFF, 0xD3, 0x07, 0x00, 0x00, 0x00, 0x00, 0x00, 0x00, 0x00, 0x00,
0x00, 0x00, 0x00, 0x00, 0x8A, 0xFF, 0xFF, 0xDC, 0xFF, 0xFF, 0x89, 0x00, 0x00, 0x00, 0x00, 0x00,
0x00, 0x00, 0x00, 0x00, 0x00, 0x00, 0x3A, 0xFD, 0xFF, 0xF3, 0x15, 0xEB, 0xFF, 0xFD, 0x39, 0x00,
0x00, 0x00, 0x00, 0x00, 0x00, 0x00, 0x00, 0x00, 0x0A, 0xDB, 0xFF, 0xFF, 0x9F, 0x00, 0x9A, 0xFF,
0xFF, 0xDA, 0x0A, 0x00, 0x00, 0x00, 0x00, 0x00, 0x00, 0x00, 0x00, 0x94, 0xFF, 0xFF, 0xE3, 0x0F,
0x00, 0x11, 0xE5, 0xFF, 0xFF, 0x93, 0x00, 0x00, 0x00, 0x00, 0x00, 0x00, 0x00, 0x43, 0xFE, 0xFF,
0xFF, 0x46, 0x00, 0x00, 0x00, 0x48, 0xFF, 0xFF, 0xFE, 0x42, 0x00, 0x00, 0x00, 0x00, 0x00, 0x0E,
0xE1, 0xFF, 0xFF, 0x97, 0x00, 0x00, 0x00, 0x00, 0x00, 0x9B, 0xFF, 0xFF, 0xE1, 0x0E, 0x00, 0x00,
0x00, 0x00, 0x9F, 0xFF, 0xFF, 0xDD, 0x0B, 0x00, 0x00, 0x00, 0x00, 0x00, 0x0D, 0xDF, 0xFF, 0xFF,
0x9E, 0x00, 0x00, 0x00, 0x4C, 0xFF, 0xFF, 0xFD, 0x3D, 0x00, 0x00, 0x00, 0x00, 0x00, 0x00, 0x00,
0x40, 0xFE, 0xFF, 0xFF, 0x4C, 0x00, 0x13, 0xE7, 0xFF, 0xFF, 0x8D, 0x00, 0x00, 0x00, 0x00, 0x00,
0x00, 0x00, 0x00, 0x00, 0x91, 0xFF, 0xFF, 0xE7, 0x12, 0xA9, 0xFF, 0xFF, 0xD6, 0x08, 0x00, 0x00,
0x00, 0x00, 0x00, 0x00, 0x00, 0x00, 0x00, 0x09, 0xD9, 0xFF, 0xFF, 0xA8, 0xAF, 0xFF, 0xFF, 0x63,
0x00, 0x00, 0x00, 0x00, 0x00, 0x00, 0x00, 0x00, 0x00, 0x00, 0x10, 0xE8, 0xFF, 0xFF, 0xAE, 0x1C,
0xF2, 0xFF, 0xF4, 0x26, 0x00, 0x00, 0x00, 0x00, 0x00, 0x00, 0x00, 0x00, 0x00, 0x9A, 0xFF, 0xFF,
0xF2, 0x1B, 0x00, 0x6D, 0xFF, 0xFF, 0xCD, 0x06, 0x00, 0x00, 0x00, 0x00, 0x00, 0x00, 0x00, 0x3C,
0xFE, 0xFF, 0xFF, 0x6C, 0x00, 0x00, 0x02, 0xC9, 0xFF, 0xFF, 0x8B, 0x00, 0x00, 0x00, 0x00, 0x00,
0x00, 0x06, 0xD6, 0xFF, 0xFF, 0xC8, 0x02, 0x00, 0x00, 0x00, 0x2E, 0xFB, 0xFF, 0xFE, 0x44, 0x00,
0x00, 0x00, 0x00, 0x00, 0x7E, 0xFF, 0xFF, 0xFB, 0x2E, 0x00, 0x00, 0x00, 0x00, 0x00, 0x88, 0xFF,
0xFF, 0xE6, 0x14, 0x00, 0x00, 0x00, 0x26, 0xF8, 0xFF, 0xFF, 0x87, 0x00, 0x00, 0x00, 0x00, 0x00,
0x00, 0x09, 0xDD, 0xFF, 0xFF, 0xB2, 0x00, 0x00, 0x00, 0xBA, 0xFF, 0xFF, 0xDD, 0x09, 0x00, 0x00,
0x00, 0x00, 0x00, 0x00, 0x00, 0x46, 0xFF, 0xFF, 0xFF, 0x49, 0x00, 0x28, 0xFF, 0xFF, 0xFF, 0x46,
0x00, 0x00, 0x00, 0x00, 0x00, 0x00, 0x00, 0x00, 0x00, 0xA4, 0xFF, 0xFF, 0xA4, 0x00, 0x91, 0xFF,
0xFF, 0xA3, 0x00, 0x00, 0x00, 0x00, 0x00, 0x00, 0x00, 0x00, 0x00, 0x00, 0x15, 0xED, 0xFF, 0xF9,
0x3D, 0xF7, 0xFF, 0xED, 0x15, 0x00, 0x00, 0x00, 0x00, 0x00, 0x00, 0x00, 0x00, 0x00, 0x00, 0x00,
0x61, 0xFF, 0xFF, 0xF6, 0xFF, 0xFF, 0x60, 0x00, 0x00, 0x00, 0x00, 0x00, 0x00, 0x00, 0x00, 0x00,
0x00, 0x00, 0x00, 0x00, 0xBF, 0xFF, 0xFF, 0xFF, 0xBE, 0x00, 0x00, 0x00, 0x00, 0x00, 0x00, 0x00,
0x00, 0x00, 0x00, 0x00, 0x00, 0x00, 0x00, 0x26, 0xFF, 0xFF, 0xFF, 0x25, 0x00, 0x00, 0x00, 0x00,
0x00, 0x00, 0x00, 0x00, 0x00, 0x00, 0x00, 0x00, 0x00, 0x00, 0x00, 0xFF, 0xFF, 0xFF, 0x00, 0x00,
0x00, 0x00, 0x00, 0x00, 0x00, 0x00, 0x00, 0x00, 0x00, 0x00, 0x00, 0x00, 0x00, 0x00, 0xFF, 0xFF,
0xFF, 0x00, 0x00, 0x00, 0x00, 0x00, 0x00, 0x00, 0x00, 0x00, 0x00, 0x00, 0x00, 0x00, 0x00, 0x00,
0x00, 0xFF, 0xFF, 0xFF, 0x00, 0x00, 0x00, 0x00, 0x00, 0x00, 0x00, 0x00, 0x00, 0x00, 0x00, 0x00,
0x00, 0x00, 0x00, 0x00, 0xFF, 0xFF, 0xFF, 0x00, 0x00, 0x00, 0x00, 0x00, 0x00, 0x00, 0x00, 0x00,
0x00, 0x00, 0x00, 0x00, 0x00, 0x00, 0x00, 0xFF, 0xFF, 0xFF, 0x00, 0x00, 0x00, 0x00, 0x00, 0x00,
0x00, 0x00, 0x00, 0x00, 0x00, 0x00, 0x00, 0x00, 0x00, 0x00, 0xFF, 0xFF, 0xFF, 0x00, 0x00, 0x00,
0x00, 0x00, 0x00, 0x00, 0x00, 0x00, 0x00, 0x00, 0x00, 0x00, 0x00, 0x00, 0x00, 0xFF, 0xFF, 0xFF,
0x00, 0x00, 0x00, 0x00, 0x00, 0x00, 0x00, 0x00, 0x00, 0x00, 0x00, 0x00, 0x00, 0x00, 0x00, 0x00,
0xFF, 0xFF, 0xFF, 0x00, 0x00, 0x00, 0x00, 0x00, 0x00, 0x00, 0x00, 0x00, 0x00, 0x00, 0x00, 0x00,
0x00, 0x00, 0x00, 0xFF, 0xFF, 0xFF, 0x00, 0x00, 0x00, 0x00, 0x00, 0x00, 0x00, 0x00, 0x00, 0xFF,
0xFF, 0xFF, 0xFF, 0xFF, 0xFF, 0xFF, 0xFF, 0xFF, 0xFF, 0xFF, 0xFF, 0xFF, 0xFF, 0xFF, 0x00, 0x00,
0xFF, 0xFF, 0xFF, 0xFF, 0xFF, 0xFF, 0xFF, 0xFF, 0xFF, 0xFF, 0xFF, 0xFF, 0xFF, 0xFF, 0xFF, 0x00,
0x00, 0xFF, 0xFF, 0xFF, 0xFF, 0xFF, 0xFF, 0xFF, 0xFF, 0xFF, 0xFF, 0xFF, 0xFF, 0xFF, 0xFF, 0xFF,
0x00, 0x00, 0x00, 0x00, 0x00, 0x00, 0x00, 0x00, 0x00, 0x00, 0x00, 0x00, 0x19, 0xE7, 0xFF, 0xFF,
0x9B, 0x00, 0x00, 0x00, 0x00, 0x00, 0x00, 0x00, 0x00, 0x00, 0x00, 0x00, 0x04, 0xC3, 0xFF, 0xFF,
0xCD, 0x08, 0x00, 0x00, 0x00, 0x00, 0x00, 0x00, 0x00, 0x00, 0x00, 0x00, 0x00, 0x90, 0xFF, 0xFF,
0xED, 0x20, 0x00, 0x00, 0x00, 0x00, 0x00, 0x00, 0x00, 0x00, 0x00, 0x00, 0x00, 0x57, 0xFF, 0xFF,
0xFD, 0x49, 0x00, 0x00, 0x00, 0x00, 0x00, 0x00, 0x00, 0x00, 0x00, 0x00, 0x00, 0x2A, 0xF3, 0xFF,
0xFF, 0x7F, 0x00, 0x00, 0x00, 0x00, 0x00, 0x00, 0x00, 0x00, 0x00, 0x00, 0x00, 0x0D, 0xD8, 0xFF,
0xFF, 0xB6, 0x02, 0x00, 0x00, 0x00, 0x00, 0x00, 0x00, 0x00, 0x00, 0x00, 0x00, 0x00, 0xAC, 0xFF,
0xFF, 0xDF, 0x12, 0x00, 0x00, 0x00, 0x00, 0x00, 0x00, 0x00, 0x00, 0x00, 0x00, 0x00, 0x75, 0xFF,
0xFF, 0xF7, 0x32, 0x00, 0x00, 0x00, 0x00, 0x00, 0x00, 0x00, 0x00, 0x00, 0x00, 0x00, 0x3F, 0xFC,
0xFF, 0xFF, 0x63, 0x00, 0x00, 0x00, 0x00, 0x00, 0x00, 0x00, 0x00, 0x00, 0x00, 0x00, 0x1A, 0xE8,
0xFF, 0xFF, 0x9B, 0x00, 0x00, 0x00, 0x00, 0x00, 0x00, 0x00, 0x00, 0x00, 0x00, 0x00, 0x05, 0xC5,
0xFF, 0xFF, 0xCC, 0x07, 0x00, 0x00, 0x00, 0x00, 0x00, 0x00, 0x00, 0x00, 0x00, 0x00, 0x00, 0x92,
0xFF, 0xFF, 0xED, 0x20, 0x00, 0x00, 0x00, 0x00, 0x00, 0x00, 0x00, 0x00, 0x00, 0x00, 0x00, 0x59,
0xFF, 0xFF, 0xFD, 0x48, 0x00, 0x00, 0x00, 0x00, 0x00, 0x00, 0x00, 0x00, 0x00, 0x00, 0x00, 0x2B,
0xF4, 0xFF, 0xFF, 0x7F, 0x00, 0x00, 0x00, 0x00, 0x00, 0x00, 0x00, 0x00, 0x00, 0x00, 0x00, 0x0E,
0xD9, 0xFF, 0xFF, 0xB6, 0x02, 0x00, 0x00, 0x00, 0x00, 0x00, 0x00, 0x00, 0x00, 0x00, 0x00, 0x00,
0xAE, 0xFF, 0xFF, 0xDE, 0x11, 0x00, 0x00, 0x00, 0x00, 0x00, 0x00, 0x00, 0x00, 0x00, 0x00, 0x00,
0x00, 0xFF, 0xFF, 0xFF, 0xFF, 0xFF, 0xFF, 0xFF, 0xFF, 0xFF, 0xFF, 0xFF, 0xFF, 0xFF, 0xFF, 0xFF,
0xFF, 0xFF, 0xFF, 0xFF, 0xFF, 0xFF, 0xFF, 0xFF, 0xFF, 0xFF, 0xFF, 0xFF, 0xFF, 0xFF, 0xFF, 0xFF,
0xFF, 0xFF, 0xFF, 0xFF, 0xFF, 0xFF, 0xFF, 0xFF, 0xFF, 0xFF, 0xFF, 0xFF, 0xFF, 0xFF, 0xFF, 0xFF,
0xFF, 0xFF, 0xFF, 0xFF, 0xFF, 0xFF, 0xFF, 0xFF, 0xFF, 0xFF, 0xFF, 0xFF, 0xFF, 0xFF, 0xFF, 0xFF,
0xFF, 0xFF, 0xFF, 0xFF, 0xFF, 0xFF, 0xFF, 0xFF, 0xFF, 0x00, 0x00, 0x00, 0xFF, 0xFF, 0xFF, 0x00,
0x00, 0x00, 0xFF, 0xFF, 0xFF, 0x00, 0x00, 0x00, 0xFF, 0xFF, 0xFF, 0x00, 0x00, 0x00, 0xFF, 0xFF,
0xFF, 0x00, 0x00, 0x00, 0xFF, 0xFF, 0xFF, 0x00, 0x00, 0x00, 0xFF, 0xFF, 0xFF, 0x00, 0x00, 0x00,
0xFF, 0xFF, 0xFF, 0x00, 0x00, 0x00, 0xFF, 0xFF, 0xFF, 0x00, 0x00, 0x00, 0xFF, 0xFF, 0xFF, 0x00,
0x00, 0x00, 0xFF, 0xFF, 0xFF, 0x00, 0x00, 0x00, 0xFF, 0xFF, 0xFF, 0x00, 0x00, 0x00, 0xFF, 0xFF,
0xFF, 0x00, 0x00, 0x00, 0xFF, 0xFF, 0xFF, 0x00, 0x00, 0x00, 0xFF, 0xFF, 0xFF, 0x00, 0x00, 0x00,
0xFF, 0xFF, 0xFF, 0x00, 0x00, 0x00, 0xFF, 0xFF, 0xFF, 0x00, 0x00, 0x00, 0xFF, 0xFF, 0xFF, 0x00,
0x00, 0x00, 0xFF, 0xFF, 0xFF, 0x00, 0x00, 0x00, 0xFF, 0xFF, 0xFF, 0x00, 0x00, 0x00, 0xFF, 0xFF,
0xFF, 0x00, 0x00, 0x00, 0xFF, 0xFF, 0xFF, 0x00, 0x00, 0x00, 0xFF, 0xFF, 0xFF, 0xFF, 0xFF, 0xFF,
0xFF, 0xFF, 0xFF, 0xFF, 0xFF, 0xFF, 0xFF, 0xFF, 0xFF, 0xFF, 0xFF, 0xFF, 0x01, 0xEB, 0xFF, 0x22,
0x00, 0x00, 0x00, 0x00, 0x00, 0x00, 0xA8, 0xFF, 0x68, 0x00, 0x00, 0x00, 0x00, 0x00, 0x00, 0x62,
0xFF, 0xAE, 0x00, 0x00, 0x00, 0x00, 0x00, 0x00, 0x1C, 0xFF, 0xF0, 0x03, 0x00, 0x00, 0x00, 0x00,
0x00, 0x00, 0xD6, 0xFF, 0x3A, 0x00, 0x00, 0x00, 0x00, 0x00, 0x00, 0x90, 0xFF, 0x7F, 0x00, 0x00,
0x00, 0x00, 0x00, 0x00, 0x4B, 0xFF, 0xC5, 0x00, 0x00, 0x00, 0x00, 0x00, 0x00, 0x0B, 0xF9, 0xFB,
0x0F, 0x00, 0x00, 0x00, 0x00, 0x00, 0x00, 0xBF, 0xFF, 0x51, 0x00, 0x00, 0x00, 0x00, 0x00, 0x00,
0x79, 0xFF, 0x97, 0x00, 0x00, 0x00, 0x00, 0x00, 0x00, 0x33, 0xFF, 0xDD, 0x00, 0x00, 0x00, 0x00,
0x00, 0x00, 0x01, 0xEB, 0xFF, 0x22, 0x00, 0x00, 0x00, 0x00, 0x00, 0x00, 0xA8, 0xFF, 0x68, 0x00,
0x00, 0x00, 0x00, 0x00, 0x00, 0x62, 0xFF, 0xAE, 0x00, 0x00, 0x00, 0x00, 0x00, 0x00, 0x1C, 0xFF,
0xF0, 0x03, 0x00, 0x00, 0x00, 0x00, 0x00, 0x00, 0xD6, 0xFF, 0x3A, 0x00, 0x00, 0x00, 0x00, 0x00,
0x00, 0x90, 0xFF, 0x7F, 0x00, 0x00, 0x00, 0x00, 0x00, 0x00, 0x4B, 0xFF, 0xC5, 0x00, 0x00, 0x00,
0x00, 0x00, 0x00, 0x0B, 0xF9, 0xFB, 0x0F, 0x00, 0x00, 0x00, 0x00, 0x00, 0x00, 0xBF, 0xFF, 0x51,
0x00, 0x00, 0x00, 0x00, 0x00, 0x00, 0x79, 0xFF, 0x97, 0x00, 0x00, 0x00, 0x00, 0x00, 0x00, 0x33,
0xFF, 0xDD, 0xFF, 0xFF, 0xFF, 0xFF, 0xFF, 0xFF, 0xFF, 0xFF, 0xFF, 0xFF, 0xFF, 0xFF, 0xFF, 0xFF,
0xFF, 0xFF, 0xFF, 0xFF, 0x00, 0x00, 0x00, 0xFF, 0xFF, 0xFF, 0x00, 0x00, 0x00, 0xFF, 0xFF, 0xFF,
0x00, 0x00, 0x00, 0xFF, 0xFF, 0xFF, 0x00, 0x00, 0x00, 0xFF, 0xFF, 0xFF, 0x00, 0x00, 0x00, 0xFF,
0xFF, 0xFF, 0x00, 0x00, 0x00, 0xFF, 0xFF, 0xFF, 0x00, 0x00, 0x00, 0xFF, 0xFF, 0xFF, 0x00, 0x00,
0x00, 0xFF, 0xFF, 0xFF, 0x00, 0x00, 0x00, 0xFF, 0xFF, 0xFF, 0x00, 0x00, 0x00, 0xFF, 0xFF, 0xFF,
0x00, 0x00, 0x00, 0xFF, 0xFF, 0xFF, 0x00, 0x00, 0x00, 0xFF, 0xFF, 0xFF, 0x00, 0x00, 0x00, 0xFF,
0xFF, 0xFF, 0x00, 0x00, 0x00, 0xFF, 0xFF, 0xFF, 0x00, 0x00, 0x00, 0xFF, 0xFF, 0xFF, 0x00, 0x00,
0x00, 0xFF, 0xFF, 0xFF, 0x00, 0x00, 0x00, 0xFF, 0xFF, 0xFF, 0x00, 0x00, 0x00, 0xFF, 0xFF, 0xFF,
0x00, 0x00, 0x00, 0xFF, 0xFF, 0xFF, 0x00, 0x00, 0x00, 0xFF, 0xFF, 0xFF, 0x00, 0x00, 0x00, 0xFF,
0xFF, 0xFF, 0x00, 0x00, 0x00, 0xFF, 0xFF, 0xFF, 0xFF, 0xFF, 0xFF, 0xFF, 0xFF, 0xFF, 0xFF, 0xFF,
0xFF, 0xFF, 0xFF, 0xFF, 0xFF, 0xFF, 0xFF, 0xFF, 0xFF, 0xFF, 0x00, 0x00, 0x00, 0x00, 0x35, 0xFF,
0xFF, 0x35, 0x00, 0x00, 0x00, 0x00, 0x00, 0x00, 0x00, 0x00, 0xA0, 0xFF, 0xFF, 0x9F, 0x00, 0x00,
0x00, 0x00, 0x00, 0x00, 0x00, 0x13, 0xF7, 0xFF, 0xFF, 0xF7, 0x12, 0x00, 0x00, 0x00, 0x00, 0x00,
0x00, 0x76, 0xFF, 0xD4, 0xD5, 0xFF, 0x74, 0x00, 0x00, 0x00, 0x00, 0x00, 0x02, 0xDD, 0xFF, 0x7F,
0x80, 0xFF, 0xDD, 0x02, 0x00, 0x00, 0x00, 0x00, 0x4B, 0xFF, 0xFF, 0x2A, 0x2B, 0xFF, 0xFF, 0x4A,
0x00, 0x00, 0x00, 0x00, 0xB6, 0xFF, 0xD4, 0x00, 0x00, 0xD5, 0xFF, 0xB4, 0x00, 0x00, 0x00, 0x22,
0xFD, 0xFF, 0x7F, 0x00, 0x00, 0x80, 0xFF, 0xFD, 0x21, 0x00, 0x00, 0x8B, 0xFF, 0xFF, 0x2A, 0x00,
0x00, 0x2B, 0xFF, 0xFF, 0x8A, 0x00, 0x08, 0xED, 0xFF, 0xD4, 0x00, 0x00, 0x00, 0x00, 0xD5, 0xFF,
0xEC, 0x08, 0x60, 0xFF, 0xFF, 0x7F, 0x00, 0x00, 0x00, 0x00, 0x80, 0xFF, 0xFF, 0x5F, 0xCB, 0xFF,
0xFF, 0x2A, 0x00, 0x00, 0x00, 0x00, 0x2B, 0xFF, 0xFF, 0xCA, 0xFF, 0xFF, 0xFF, 0xFF, 0xFF, 0xFF,
0xFF, 0xFF, 0xFF, 0xFF, 0xFF, 0xFF, 0xFF, 0xFF, 0xFF, 0xFF, 0xFF, 0xFF, 0xFF, 0xFF, 0xFF, 0xFF,
0xFF, 0xFF, 0xFF, 0xFF, 0xFF, 0xFF, 0xFF, 0xFF, 0xFF, 0xFF, 0xFF, 0xFF, 0xFF, 0xFF, 0xFF, 0xFF,
0xFF, 0xFF, 0xFF, 0xFF, 0xFF, 0xFF, 0xFF, 0xFF, 0xFF, 0xFF, 0xFF, 0xFF, 0xFF, 0xFF, 0xFF, 0xFF,
0xA0, 0xFF, 0xFF, 0x3F, 0x00, 0x0A, 0xD5, 0xFF, 0xBF, 0x00, 0x00, 0x2B, 0xF5, 0xFF, 0x3F, 0x00,
0x00, 0x60, 0xFF, 0xBF, 0x00, 0x00, 0x08, 0x66, 0xB1, 0xE2, 0xF5, 0xF6, 0xE3, 0xAD, 0x54, 0x01,
0x00, 0x00, 0x00, 0x32, 0xE3, 0xFF, 0xFF, 0xFF, 0xFF, 0xFF, 0xFF, 0xFF, 0xFF, 0xB3, 0x05, 0x00,
0x15, 0xEE, 0xFF, 0xFF, 0xFF, 0xFF, 0xFF, 0xFF, 0xFF, 0xFF, 0xFF, 0xFF, 0x70, 0x00, 0x89, 0xFF,
0xFF, 0xE7, 0x57, 0x17, 0x06, 0x19, 0x52, 0xD8, 0xFF, 0xFF, 0xCB, 0x00, 0xDB, 0xFF, 0xFF, 0x40,
0x00, 0x00, 0x00, 0x00, 0x00, 0x32, 0xFF, 0xFF, 0xF2, 0x00, 0x00, 0x00, 0x00, 0x00, 0x00, 0x00,
0x00, 0x00, 0x00, 0x09, 0xFF, 0xFF, 0xFD, 0x00, 0x00, 0x00, 0x00, 0x00, 0x00, 0x19, 0x67, 0xB5,
0xEE, 0xFF, 0xFF, 0xFF, 0xFF, 0x00, 0x00, 0x00, 0x4F, 0xB3, 0xEE, 0xFF, 0xFF, 0xFF, 0xFF, 0xF9,
0xFF, 0xFF, 0xFF, 0x00, 0x03, 0xA6, 0xFF, 0xFF, 0xFF, 0xF0, 0xB4, 0x58, 0x13, 0x02, 0xFF, 0xFF,
0xFF, 0x00, 0x6F, 0xFF, 0xFF, 0xC8, 0x2E, 0x00, 0x00, 0x00, 0x00, 0x12, 0xFF, 0xFF, 0xFF, 0x01,
0xD5, 0xFF, 0xFF, 0x1A, 0x00, 0x00, 0x00, 0x00, 0x00, 0x44, 0xFF, 0xFF, 0xFF, 0x04, 0xF8, 0xFF,
0xFF, 0x20, 0x00, 0x00, 0x00, 0x00, 0x0C, 0xCE, 0xFF, 0xFF, 0xFF, 0x0C, 0xE8, 0xFF, 0xFF, 0xC5,
0x34, 0x09, 0x16, 0x58, 0xD7, 0xFF, 0xFF, 0xFF, 0xFF, 0x1C, 0x99, 0xFF, 0xFF, 0xFF, 0xFF, 0xFF,
0xFF, 0xFF, 0xFF, 0xFF, 0xFF, 0xFF, 0xFF, 0x3C, 0x16, 0xDC, 0xFF, 0xFF, 0xFF, 0xFF, 0xFF, 0xFF,
0xFA, 0x69, 0xD5, 0xFF, 0xFF, 0x75, 0x00, 0x12, 0x8B, 0xD9, 0xF8, 0xF5, 0xD5, 0x91, 0x22, 0x00,
0x58, 0xFF, 0xFF, 0xCE, 0xFF, 0xFF, 0xFF, 0x00, 0x00, 0x00, 0x00, 0x00, 0x00, 0x00, 0x00, 0x00,
0x00, 0x00, 0xFF, 0xFF, 0xFF, 0x00, 0x00, 0x00, 0x00, 0x00, 0x00, 0x00, 0x00, 0x00, 0x00, 0x00,
0xFF, 0xFF, 0xFF, 0x00, 0x00, 0x00, 0x00, 0x00, 0x00, 0x00, 0x00, 0x00, 0x00, 0x00, 0xFF, 0xFF,
0xFF, 0x00, 0x00, 0x00, 0x00, 0x00, 0x00, 0x00, 0x00, 0x00, 0x00, 0x00, 0xFF, 0xFF, 0xFF, 0x00,
0x00, 0x00, 0x00, 0x00, 0x00, 0x00, 0x00, 0x00, 0x00, 0x00, 0xFF, 0xFF, 0xFF, 0x00, 0x00, 0x00,
0x00, 0x00, 0x00, 0x00, 0x00, 0x00, 0x00, 0x00, 0xFF, 0xFF, 0xFF, 0x00, 0x10, 0x8C, 0xE1, 0xF7,
0xDF, 0x9B, 0x30, 0x00, 0x00, 0x00, 0xFF, 0xFF, 0xFF, 0x16, 0xD4, 0xFF, 0xFF, 0xFF, 0xFF, 0xFF,
0xFD, 0x7E, 0x00, 0x00, 0xFF, 0xFF, 0xFF, 0xB5, 0xFF, 0xFF, 0xFF, 0xFF, 0xFF, 0xFF, 0xFF, 0xFF,
0x69, 0x00, 0xFF, 0xFF, 0xFF, 0xFF, 0xE5, 0x5C, 0x10, 0x0C, 0x4E, 0xDB, 0xFF, 0xFF, 0xF3, 0x11,
0xFF, 0xFF, 0xFF, 0xEB, 0x1F, 0x00, 0x00, 0x00, 0x00, 0x14, 0xE2, 0xFF, 0xFF, 0x70, 0xFF, 0xFF,
0xFF, 0x70, 0x00, 0x00, 0x00, 0x00, 0x00, 0x00, 0x68, 0xFF, 0xFF, 0xB8, 0xFF, 0xFF, 0xFF, 0x24,
0x00, 0x00, 0x00, 0x00, 0x00, 0x00, 0x23, 0xFF, 0xFF, 0xE6, 0xFF, 0xFF, 0xFF, 0x06, 0x00, 0x00,
0x00, 0x00, 0x00, 0x00, 0x07, 0xFF, 0xFF, 0xF9, 0xFF, 0xFF, 0xFF, 0x05, 0x00, 0x00, 0x00, 0x00,
0x00, 0x00, 0x09, 0xFF, 0xFF, 0xF2, 0xFF, 0xFF, 0xFF, 0x1E, 0x00, 0x00, 0x00, 0x00, 0x00, 0x00,
0x27, 0xFF, 0xFF, 0xDF, 0xFF, 0xFF, 0xFF, 0x5C, 0x00, 0x00, 0x00, 0x00, 0x00, 0x00, 0x72, 0xFF,
0xFF, 0xAD, 0xFF, 0xFF, 0xFF, 0xDB, 0x11, 0x00, 0x00, 0x00, 0x00, 0x1D, 0xEA, 0xFF, 0xFF, 0x65,
0xFF, 0xFF, 0xFF, 0xFD, 0xD5, 0x49, 0x0C, 0x0F, 0x5A, 0xE4, 0xFF, 0xFF, 0xE9, 0x09, 0xFF, 0xFF,
0xFF, 0x95, 0xFF, 0xFF, 0xFF, 0xFF, 0xFF, 0xFF, 0xFF, 0xFE, 0x4B, 0x00, 0xFF, 0xFF, 0xFF, 0x0E,
0xCA, 0xFF, 0xFF, 0xFF, 0xFF, 0xFF, 0xF6, 0x59, 0x00, 0x00, 0xFF, 0xFF, 0xFF, 0x00, 0x0E, 0x8B,
0xE1, 0xF8, 0xDD, 0x95, 0x20, 0x00, 0x00, 0x00, 0x00, 0x00, 0x00, 0x25, 0x8B, 0xD2, 0xF2, 0xF5,
0xD3, 0x87, 0x16, 0x00, 0x00, 0x00, 0x00, 0x6D, 0xFB, 0xFF, 0xFF, 0xFF, 0xFF, 0xFF, 0xFF, 0xEC,
0x39, 0x00, 0x00, 0x6A, 0xFF, 0xFF, 0xFF, 0xFF, 0xFF, 0xFF, 0xFF, 0xFF, 0xFF, 0xEC, 0x17, 0x17,
0xF1, 0xFF, 0xFF, 0xCD, 0x44, 0x0A, 0x11, 0x59, 0xEB, 0xFF, 0xFF, 0x8A, 0x6D, 0xFF, 0xFF, 0xD7,
0x0B, 0x00, 0x00, 0x00, 0x00, 0x41, 0xFF, 0xFF, 0xDE, 0xB8, 0xFF, 0xFF, 0x5E, 0x00, 0x00, 0x00,
0x00, 0x00, 0x00, 0x00, 0x00, 0x00, 0xDD, 0xFF, 0xFF, 0x1F, 0x00, 0x00, 0x00, 0x00, 0x00, 0x00,
0x00, 0x00, 0x00, 0xF4, 0xFF, 0xFF, 0x06, 0x00, 0x00, 0x00, 0x00, 0x00, 0x00, 0x00, 0x00, 0x00,
0xF8, 0xFF, 0xFF, 0x06, 0x00, 0x00, 0x00, 0x00, 0x00, 0x00, 0x00, 0x00, 0x00, 0xE8, 0xFF, 0xFF,
0x1E, 0x00, 0x00, 0x00, 0x00, 0x00, 0x00, 0x00, 0x00, 0x00, 0xBF, 0xFF, 0xFF, 0x59, 0x00, 0x00,
0x00, 0x00, 0x00, 0x26, 0xFF, 0xFF, 0xE4, 0x7E, 0xFF, 0xFF, 0xCC, 0x05, 0x00, 0x00, 0x00, 0x00,
0x8E, 0xFF, 0xFF, 0xA4, 0x1B, 0xFA, 0xFF, 0xFF, 0xBD, 0x34, 0x07, 0x20, 0x87, 0xFE, 0xFF, 0xFF,
0x40, 0x00, 0x77, 0xFF, 0xFF, 0xFF, 0xFF, 0xFF, 0xFF, 0xFF, 0xFF, 0xFF, 0xA8, 0x00, 0x00, 0x00,
0x86, 0xFE, 0xFF, 0xFF, 0xFF, 0xFF, 0xFF, 0xFF, 0xB7, 0x09, 0x00, 0x00, 0x00, 0x00, 0x35, 0xA1,
0xE1, 0xF8, 0xF0, 0xC0, 0x5E, 0x02, 0x00, 0x00, 0x00, 0x00, 0x00, 0x00, 0x00, 0x00, 0x00, 0x00,
0x00, 0x00, 0x00, 0xFF, 0xFF, 0xFF, 0x00, 0x00, 0x00, 0x00, 0x00, 0x00, 0x00, 0x00, 0x00, 0x00,
0x00, 0xFF, 0xFF, 0xFF, 0x00, 0x00, 0x00, 0x00, 0x00, 0x00, 0x00, 0x00, 0x00, 0x00, 0x00, 0xFF,
0xFF, 0xFF, 0x00, 0x00, 0x00, 0x00, 0x00, 0x00, 0x00, 0x00, 0x00, 0x00, 0x00, 0xFF, 0xFF, 0xFF,
0x00, 0x00, 0x00, 0x00, 0x00, 0x00, 0x00, 0x00, 0x00, 0x00, 0x00, 0xFF, 0xFF, 0xFF, 0x00, 0x00,
0x00, 0x00, 0x00, 0x00, 0x00, 0x00, 0x00, 0x00, 0x00, 0xFF, 0xFF, 0xFF, 0x00, 0x00, 0x00, 0x2A,
0x9A, 0xD7, 0xF6, 0xDE, 0x8A, 0x10, 0x00, 0xFF, 0xFF, 0xFF, 0x00, 0x00, 0x6F, 0xFD, 0xFF, 0xFF,
0xFF, 0xFF, 0xFF, 0xD3, 0x16, 0xFF, 0xFF, 0xFF, 0x00, 0x65, 0xFF, 0xFF, 0xFF, 0xFF, 0xFF, 0xFF,
0xFF, 0xFF, 0xB3, 0xFF, 0xFF, 0xFF, 0x12, 0xED, 0xFF, 0xFF, 0xD4, 0x49, 0x0B, 0x10, 0x57, 0xE2,
0xFF, 0xFF, 0xFF, 0xFF, 0x69, 0xFF, 0xFF, 0xDD, 0x0F, 0x00, 0x00, 0x00, 0x00, 0x1B, 0xE9, 0xFF,
0xFF, 0xFF, 0xB4, 0xFF, 0xFF, 0x63, 0x00, 0x00, 0x00, 0x00, 0x00, 0x00, 0x72, 0xFF, 0xFF, 0xFF,
0xDD, 0xFF, 0xFF, 0x21, 0x00, 0x00, 0x00, 0x00, 0x00, 0x00, 0x2A, 0xFF, 0xFF, 0xFF, 0xF4, 0xFF,
0xFF, 0x07, 0x00, 0x00, 0x00, 0x00, 0x00, 0x00, 0x0B, 0xFF, 0xFF, 0xFF, 0xF4, 0xFF, 0xFF, 0x08,
0x00, 0x00, 0x00, 0x00, 0x00, 0x00, 0x05, 0xFF, 0xFF, 0xFF, 0xDC, 0xFF, 0xFF, 0x25, 0x00, 0x00,
0x00, 0x00, 0x00, 0x00, 0x1E, 0xFF, 0xFF, 0xFF, 0xB1, 0xFF, 0xFF, 0x6F, 0x00, 0x00, 0x00, 0x00,
0x00, 0x00, 0x62, 0xFF, 0xFF, 0xFF, 0x60, 0xFF, 0xFF, 0xE8, 0x1B, 0x00, 0x00, 0x00, 0x00, 0x10,
0xDD, 0xFF, 0xFF, 0xFF, 0x0D, 0xE4, 0xFF, 0xFF, 0xE2, 0x58, 0x0E, 0x0B, 0x4C, 0xD7, 0xFC, 0xFF,
0xFF, 0xFF, 0x00, 0x4D, 0xFE, 0xFF, 0xFF, 0xFF, 0xFF, 0xFF, 0xFF, 0xFF, 0x95, 0xFF, 0xFF, 0xFF,
0x00, 0x00, 0x58, 0xF9, 0xFF, 0xFF, 0xFF, 0xFF, 0xFF, 0xCE, 0x0F, 0xFF, 0xFF, 0xFF, 0x00, 0x00,
0x00, 0x21, 0x92, 0xD6, 0xF5, 0xE1, 0x8D, 0x10, 0x00, 0xFF, 0xFF, 0xFF, 0x00, 0x00, 0x00, 0x00,
0x55, 0xBA, 0xEE, 0xF4, 0xCF, 0x7A, 0x0C, 0x00, 0x00, 0x00, 0x00, 0x00, 0x17, 0xBE, 0xFF, 0xFF,
0xFF, 0xFF, 0xFF, 0xFF, 0xE3, 0x33, 0x00, 0x00, 0x00, 0x18, 0xDF, 0xFF, 0xFF, 0xFF, 0xFF, 0xFF,
0xFF, 0xFF, 0xFF, 0xF3, 0x2B, 0x00, 0x00, 0xC3, 0xFF, 0xFF, 0xDA, 0x51, 0x0E, 0x0A, 0x45, 0xCD,
0xFF, 0xFF, 0xD5, 0x02, 0x4C, 0xFF, 0xFF, 0xDC, 0x12, 0x00, 0x00, 0x00, 0x00, 0x0A, 0xD5, 0xFF,
0xFF, 0x54, 0xA3, 0xFF, 0xFF, 0x58, 0x00, 0x00, 0x00, 0x00, 0x00, 0x00, 0x57, 0xFF, 0xFF, 0xA4,
0xDD, 0xFF, 0xFF, 0x12, 0x00, 0x00, 0x00, 0x00, 0x00, 0x00, 0x1A, 0xFF, 0xFF, 0xDB, 0xF4, 0xFF,
0xFF, 0xFF, 0xFF, 0xFF, 0xFF, 0xFF, 0xFF, 0xFF, 0xFF, 0xFF, 0xFF, 0xF1, 0xF8, 0xFF, 0xFF, 0xFF,
0xFF, 0xFF, 0xFF, 0xFF, 0xFF, 0xFF, 0xFF, 0xFF, 0xFF, 0xFD, 0xE3, 0xFF, 0xFF, 0x12, 0x00, 0x00,
0x00, 0x00, 0x00, 0x00, 0x00, 0x00, 0x00, 0x00, 0xB0, 0xFF, 0xFF, 0x54, 0x00, 0x00, 0x00, 0x00,
0x00, 0x00, 0x00, 0x00, 0x00, 0x00, 0x5D, 0xFF, 0xFF, 0xD7, 0x10, 0x00, 0x00, 0x00, 0x00, 0x00,
0x64, 0xFF, 0xFF, 0xBA, 0x03, 0xD4, 0xFF, 0xFF, 0xD9, 0x55, 0x11, 0x07, 0x27, 0x86, 0xFC, 0xFF,
0xFF, 0x4C, 0x00, 0x25, 0xEA, 0xFF, 0xFF, 0xFF, 0xFF, 0xFF, 0xFF, 0xFF, 0xFF, 0xFF, 0xA3, 0x00,
0x00, 0x00, 0x22, 0xCB, 0xFF, 0xFF, 0xFF, 0xFF, 0xFF, 0xFF, 0xFE, 0x94, 0x04, 0x00, 0x00, 0x00,
0x00, 0x02, 0x5C, 0xBA, 0xED, 0xF9, 0xDF, 0x9E, 0x34, 0x00, 0x00, 0x00, 0x00, 0x00, 0x00, 0x2A,
0xA0, 0xE2, 0xF9, 0xF0, 0xCA, 0x10, 0x00, 0x00, 0x38, 0xF5, 0xFF, 0xFF, 0xFF, 0xFF, 0xF7, 0x01,
0x00, 0x00, 0xC1, 0xFF, 0xFF, 0xFF, 0xFF, 0xFF, 0xD5, 0x00, 0x00, 0x00, 0xF1, 0xFF, 0xFF, 0x85,
0x12, 0x06, 0x10, 0x00, 0x00, 0x00, 0xFE, 0xFF, 0xFF, 0x0D, 0x00, 0x00, 0x00, 0x00, 0x00, 0x00,
0xFF, 0xFF, 0xFF, 0x00, 0x00, 0x00, 0x00, 0x00, 0xFF, 0xFF, 0xFF, 0xFF, 0xFF, 0xFF, 0xFF, 0xFF,
0x00, 0x00, 0xFF, 0xFF, 0xFF, 0xFF, 0xFF, 0xFF, 0xFF, 0xFF, 0x00, 0x00, 0xFF, 0xFF, 0xFF, 0xFF,
0xFF, 0xFF, 0xFF, 0xFF, 0x00, 0x00, 0x00, 0x00, 0xFF, 0xFF, 0xFF, 0x00, 0x00, 0x00, 0x00, 0x00,
0x00, 0x00, 0xFF, 0xFF, 0xFF, 0x00, 0x00, 0x00, 0x00, 0x00, 0x00, 0x00, 0xFF, 0xFF, 0xFF, 0x00,
0x00, 0x00, 0x00, 0x00, 0x00, 0x00, 0xFF, 0xFF, 0xFF, 0x00, 0x00, 0x00, 0x00, 0x00, 0x00, 0x00,
0xFF, 0xFF, 0xFF, 0x00, 0x00, 0x00, 0x00, 0x00, 0x00, 0x00, 0xFF, 0xFF, 0xFF, 0x00, 0x00, 0x00,
0x00, 0x00, 0x00, 0x00, 0xFF, 0xFF, 0xFF, 0x00, 0x00, 0x00, 0x00, 0x00, 0x00, 0x00, 0xFF, 0xFF,
0xFF, 0x00, 0x00, 0x00, 0x00, 0x00, 0x00, 0x00, 0xFF, 0xFF, 0xFF, 0x00, 0x00, 0x00, 0x00, 0x00,
0x00, 0x00, 0xFF, 0xFF, 0xFF, 0x00, 0x00, 0x00, 0x00, 0x00, 0x00, 0x00, 0xFF, 0xFF, 0xFF, 0x00,
0x00, 0x00, 0x00, 0x00, 0x00, 0x00, 0xFF, 0xFF, 0xFF, 0x00, 0x00, 0x00, 0x00, 0x00, 0x00, 0x00,
0xFF, 0xFF, 0xFF, 0x00, 0x00, 0x00, 0x00, 0x00, 0x00, 0x00, 0x00, 0x38, 0xA8, 0xE6, 0xFA, 0xE8,
0xAA, 0x38, 0x00, 0xFF, 0xFF, 0xFF, 0x00, 0x00, 0x6F, 0xFE, 0xFF, 0xFF, 0xFF, 0xFF, 0xFF, 0xFE,
0x77, 0xFF, 0xFF, 0xFF, 0x00, 0x5C, 0xFF, 0xFF, 0xFF, 0xFF, 0xFF, 0xFF, 0xFF, 0xFF, 0xFF, 0xFF,
0xFF, 0xFF, 0x0D, 0xE7, 0xFF, 0xFF, 0xDB, 0x50, 0x0C, 0x10, 0x59, 0xE4, 0xFF, 0xFF, 0xFF, 0xFF,
0x62, 0xFF, 0xFF, 0xE3, 0x15, 0x00, 0x00, 0x00, 0x00, 0x1D, 0xEA, 0xFF, 0xFF, 0xFF, 0xAD, 0xFF,
0xFF, 0x68, 0x00, 0x00, 0x00, 0x00, 0x00, 0x00, 0x70, 0xFF, 0xFF, 0xFF, 0xDB, 0xFF, 0xFF, 0x21,
0x00, 0x00, 0x00, 0x00, 0x00, 0x00, 0x26, 0xFF, 0xFF, 0xFF, 0xF2, 0xFF, 0xFF, 0x06, 0x00, 0x00,
0x00, 0x00, 0x00, 0x00, 0x08, 0xFF, 0xFF, 0xFF, 0xF8, 0xFF, 0xFF, 0x08, 0x00, 0x00, 0x00, 0x00,
0x00, 0x00, 0x08, 0xFF, 0xFF, 0xFF, 0xE4, 0xFF, 0xFF, 0x24, 0x00, 0x00, 0x00, 0x00, 0x00, 0x00,
0x24, 0xFF, 0xFF, 0xFF, 0xB4, 0xFF, 0xFF, 0x68, 0x00, 0x00, 0x00, 0x00, 0x00, 0x00, 0x68, 0xFF,
0xFF, 0xFF, 0x67, 0xFF, 0xFF, 0xE0, 0x12, 0x00, 0x00, 0x00, 0x00, 0x12, 0xE1, 0xFF, 0xFF, 0xFF,
0x0C, 0xEA, 0xFF, 0xFF, 0xD8, 0x4D, 0x0C, 0x0C, 0x4E, 0xD9, 0xFF, 0xFF, 0xFF, 0xFF, 0x00, 0x58,
0xFF, 0xFF, 0xFF, 0xFF, 0xFF, 0xFF, 0xFF, 0xFF, 0xFF, 0xFF, 0xFF, 0xFF, 0x00, 0x00, 0x73, 0xFC,
0xFF, 0xFF, 0xFF, 0xFF, 0xFF, 0xFE, 0x7A, 0xFF, 0xFF, 0xF8, 0x00, 0x00, 0x00, 0x32, 0xA1, 0xE1,
0xF8, 0xEB, 0xB0, 0x3C, 0x08, 0xFF, 0xFF, 0xEA, 0x00, 0x00, 0x00, 0x00, 0x00, 0x00, 0x00, 0x00,
0x00, 0x00, 0x27, 0xFF, 0xFF, 0xCF, 0xF7, 0xFF, 0xFF, 0x31, 0x00, 0x00, 0x00, 0x00, 0x00, 0x00,
0xA0, 0xFF, 0xFF, 0x9D, 0xCF, 0xFF, 0xFF, 0xDF, 0x5D, 0x1B, 0x05, 0x14, 0x40, 0xAE, 0xFF, 0xFF,
0xFF, 0x46, 0x63, 0xFF, 0xFF, 0xFF, 0xFF, 0xFF, 0xFF, 0xFF, 0xFF, 0xFF, 0xFF, 0xFF, 0x9E, 0x00,
0x00, 0x84, 0xFD, 0xFF, 0xFF, 0xFF, 0xFF, 0xFF, 0xFF, 0xFF, 0xFE, 0x92, 0x07, 0x00, 0x00, 0x00,
0x2B, 0x8F, 0xCF, 0xF1, 0xFB, 0xE9, 0xCF, 0x8C, 0x30, 0x00, 0x00, 0x00, 0xFF, 0xFF, 0xFF, 0x00,
0x00, 0x00, 0x00, 0x00, 0x00, 0x00, 0x00, 0x00, 0x00, 0xFF, 0xFF, 0xFF, 0x00, 0x00, 0x00, 0x00,
0x00, 0x00, 0x00, 0x00, 0x00, 0x00, 0xFF, 0xFF, 0xFF, 0x00, 0x00, 0x00, 0x00, 0x00, 0x00, 0x00,
0x00, 0x00, 0x00, 0xFF, 0xFF, 0xFF, 0x00, 0x00, 0x00, 0x00, 0x00, 0x00, 0x00, 0x00, 0x00, 0x00,
0xFF, 0xFF, 0xFF, 0x00, 0x00, 0x00, 0x00, 0x00, 0x00, 0x00, 0x00, 0x00, 0x00, 0xFF, 0xFF, 0xFF,
0x00, 0x00, 0x00, 0x00, 0x00, 0x00, 0x00, 0x00, 0x00, 0x00, 0xFF, 0xFF, 0xFF, 0x00, 0x08, 0x78,
0xD5, 0xF7, 0xE8, 0xB9, 0x54, 0x00, 0x00, 0xFF, 0xFF, 0xFF, 0x12, 0xCB, 0xFF, 0xFF, 0xFF, 0xFF,
0xFF, 0xFF, 0xA1, 0x00, 0xFF, 0xFF, 0xFF, 0xBA, 0xFF, 0xFF, 0xFF, 0xFF, 0xFF, 0xFF, 0xFF, 0xFF,
0x5E, 0xFF, 0xFF, 0xFF, 0xFF, 0xCB, 0x48, 0x0E, 0x1A, 0x6B, 0xF4, 0xFF, 0xFF, 0xBD, 0xFF, 0xFF,
0xFF, 0xCD, 0x08, 0x00, 0x00, 0x00, 0x00, 0x6B, 0xFF, 0xFF, 0xE9, 0xFF, 0xFF, 0xFF, 0x52, 0x00,
0x00, 0x00, 0x00, 0x00, 0x1A, 0xFF, 0xFF, 0xFA, 0xFF, 0xFF, 0xFF, 0x19, 0x00, 0x00, 0x00, 0x00,
0x00, 0x03, 0xFF, 0xFF, 0xFF, 0xFF, 0xFF, 0xFF, 0x06, 0x00, 0x00, 0x00, 0x00, 0x00, 0x00, 0xFF,
0xFF, 0xFF, 0xFF, 0xFF, 0xFF, 0x00, 0x00, 0x00, 0x00, 0x00, 0x00, 0x00, 0xFF, 0xFF, 0xFF, 0xFF,
0xFF, 0xFF, 0x00, 0x00, 0x00, 0x00, 0x00, 0x00, 0x00, 0xFF, 0xFF, 0xFF, 0xFF, 0xFF, 0xFF, 0x00,
0x00, 0x00, 0x00, 0x00, 0x00, 0x00, 0xFF, 0xFF, 0xFF, 0xFF, 0xFF, 0xFF, 0x00, 0x00, 0x00, 0x00,
0x00, 0x00, 0x00, 0xFF, 0xFF, 0xFF, 0xFF, 0xFF, 0xFF, 0x00, 0x00, 0x00, 0x00, 0x00, 0x00, 0x00,
0xFF, 0xFF, 0xFF, 0xFF, 0xFF, 0xFF, 0x00, 0x00, 0x00, 0x00, 0x00, 0x00, 0x00, 0xFF, 0xFF, 0xFF,
0xFF, 0xFF, 0xFF, 0x00, 0x00, 0x00, 0x00, 0x00, 0x00, 0x00, 0xFF, 0xFF, 0xFF, 0xFF, 0xFF, 0xFF,
0x00, 0x00, 0x00, 0x00, 0x00, 0x00, 0x00, 0xFF, 0xFF, 0xFF, 0xFF, 0xFF, 0xFF, 0xFF, 0xFF, 0xFF,
0xFF, 0xFF, 0xFF, 0x00, 0x00, 0x00, 0x00, 0x00, 0x00, 0x00, 0x00, 0x00, 0xFF, 0xFF, 0xFF, 0xFF,
0xFF, 0xFF, 0xFF, 0xFF, 0xFF, 0xFF, 0xFF, 0xFF, 0xFF, 0xFF, 0xFF, 0xFF, 0xFF, 0xFF, 0xFF, 0xFF,
0xFF, 0xFF, 0xFF, 0xFF, 0xFF, 0xFF, 0xFF, 0xFF, 0xFF, 0xFF, 0xFF, 0xFF, 0xFF, 0xFF, 0xFF, 0xFF,
0xFF, 0xFF, 0xFF, 0xFF, 0xFF, 0xFF, 0xFF, 0xFF, 0xFF, 0xFF, 0xFF, 0xFF, 0x00, 0x00, 0x00, 0x00,
0xFF, 0xFF, 0xFF, 0x00, 0x00, 0x00, 0x00, 0xFF, 0xFF, 0xFF, 0x00, 0x00, 0x00, 0x00, 0xFF, 0xFF,
0xFF, 0x00, 0x00, 0x00, 0x00, 0x00, 0x00, 0x00, 0x00, 0x00, 0x00, 0x00, 0x00, 0x00, 0x00, 0x00,
0x00, 0x00, 0x00, 0x00, 0x00, 0x00, 0x00, 0x00, 0x00, 0x00, 0xFF, 0xFF, 0xFF, 0x00, 0x00, 0x00,
0x00, 0xFF, 0xFF, 0xFF, 0x00, 0x00, 0x00, 0x00, 0xFF, 0xFF, 0xFF, 0x00, 0x00, 0x00, 0x00, 0xFF,
0xFF, 0xFF, 0x00, 0x00, 0x00, 0x00, 0xFF, 0xFF, 0xFF, 0x00, 0x00, 0x00, 0x00, 0xFF, 0xFF, 0xFF,
0x00, 0x00, 0x00, 0x00, 0xFF, 0xFF, 0xFF, 0x00, 0x00, 0x00, 0x00, 0xFF, 0xFF, 0xFF, 0x00, 0x00,
0x00, 0x00, 0xFF, 0xFF, 0xFF, 0x00, 0x00, 0x00, 0x00, 0xFF, 0xFF, 0xFF, 0x00, 0x00, 0x00, 0x00,
0xFF, 0xFF, 0xFF, 0x00, 0x00, 0x00, 0x00, 0xFF, 0xFF, 0xFF, 0x00, 0x00, 0x00, 0x00, 0xFF, 0xFF,
0xFF, 0x00, 0x00, 0x00, 0x00, 0xFF, 0xFF, 0xFF, 0x00, 0x00, 0x00, 0x00, 0xFF, 0xFF, 0xFF, 0x00,
0x00, 0x00, 0x00, 0xFF, 0xFF, 0xFF, 0x00, 0x00, 0x00, 0x04, 0xFF, 0xFF, 0xFE, 0x00, 0x00, 0x00,
0x19, 0xFF, 0xFF, 0xF5, 0x00, 0x13, 0x08, 0x7E, 0xFF, 0xFF, 0xDC, 0x00, 0xDD, 0xFF, 0xFF, 0xFF,
0xFF, 0xA5, 0x1A, 0xFF, 0xFF, 0xFF, 0xFF, 0xF8, 0x33, 0x35, 0xDA, 0xF9, 0xF2, 0xBC, 0x3B, 0x00,
0xFF, 0xFF, 0xFF, 0x00, 0x00, 0x00, 0x00, 0x00, 0x00, 0x00, 0x00, 0x00, 0x00, 0xFF, 0xFF, 0xFF,
0x00, 0x00, 0x00, 0x00, 0x00, 0x00, 0x00, 0x00, 0x00, 0x00, 0xFF, 0xFF, 0xFF, 0x00, 0x00, 0x00,
0x00, 0x00, 0x00, 0x00, 0x00, 0x00, 0x00, 0xFF, 0xFF, 0xFF, 0x00, 0x00, 0x00, 0x00, 0x00, 0x00,
0x00, 0x00, 0x00, 0x00, 0xFF, 0xFF, 0xFF, 0x00, 0x00, 0x00, 0x00, 0x00, 0x00, 0x00, 0x00, 0x00,
0x00, 0xFF, 0xFF, 0xFF, 0x00, 0x00, 0x00, 0x00, 0x00, 0x00, 0x00, 0x00, 0x00, 0x00, 0xFF, 0xFF,
0xFF, 0x00, 0x00, 0x00, 0x00, 0x00, 0x0C, 0xBC, 0xF1, 0xDD, 0x7B, 0xFF, 0xFF, 0xFF, 0x00, 0x00,
0x00, 0x00, 0x13, 0xC9, 0xFF, 0xFF, 0xA2, 0x04, 0xFF, 0xFF, 0xFF, 0x00, 0x00, 0x00, 0x1A, 0xD4,
0xFF, 0xFF, 0x92, 0x01, 0x00, 0xFF, 0xFF, 0xFF, 0x00, 0x00, 0x23, 0xDF, 0xFF, 0xFF, 0x80, 0x00,
0x00, 0x00, 0xFF, 0xFF, 0xFF, 0x00, 0x2E, 0xE7, 0xFF, 0xFE, 0x6D, 0x00, 0x00, 0x00, 0x00, 0xFF,
0xFF, 0xFF, 0x3A, 0xEF, 0xFF, 0xFB, 0x5C, 0x00, 0x00, 0x00, 0x00, 0x00, 0xFF, 0xFF, 0xFF, 0xF5,
0xFF, 0xFF, 0xE5, 0x0C, 0x00, 0x00, 0x00, 0x00, 0x00, 0xFF, 0xFF, 0xFF, 0xFF, 0xFF, 0xFF, 0xFF,
0x92, 0x00, 0x00, 0x00, 0x00, 0x00, 0xFF, 0xFF, 0xFF, 0xE2, 0x57, 0xF0, 0xFF, 0xFD, 0x38, 0x00,
0x00, 0x00, 0x00, 0xFF, 0xFF, 0xFF, 0x11, 0x00, 0x68, 0xFF, 0xFF, 0xD3, 0x05, 0x00, 0x00, 0x00,
0xFF, 0xFF, 0xFF, 0x00, 0x00, 0x01, 0xC4, 0xFF, 0xFF, 0x7D, 0x00, 0x00, 0x00, 0xFF, 0xFF, 0xFF,
0x00, 0x00, 0x00, 0x29, 0xF9, 0xFF, 0xF8, 0x27, 0x00, 0x00, 0xFF, 0xFF, 0xFF, 0x00, 0x00, 0x00,
0x00, 0x81, 0xFF, 0xFF, 0xC2, 0x01, 0x00, 0xFF, 0xFF, 0xFF, 0x00, 0x00, 0x00, 0x00, 0x07, 0xD7,
0xFF, 0xFF, 0x67, 0x00, 0xFF, 0xFF, 0xFF, 0x00, 0x00, 0x00, 0x00, 0x00, 0x3D, 0xFE, 0xFF, 0xF0,
0x1A, 0xFF, 0xFF, 0xFF, 0x00, 0x00, 0x00, 0x00, 0x00, 0x00, 0x99, 0xFF, 0xFF, 0xAE, 0xFF, 0xFF,
0xFF, 0xFF, 0xFF, 0xFF, 0xFF, 0xFF, 0xFF, 0xFF, 0xFF, 0xFF, 0xFF, 0xFF, 0xFF, 0xFF, 0xFF, 0xFF,
0xFF, 0xFF, 0xFF, 0xFF, 0xFF, 0xFF, 0xFF, 0xFF, 0xFF, 0xFF, 0xFF, 0xFF, 0xFF, 0xFF, 0xFF, 0xFF,
0xFF, 0xFF, 0xFF, 0xFF, 0xFF, 0xFF, 0xFF, 0xFF, 0xFF, 0xFF, 0xFF, 0xFF, 0xFF, 0xFF, 0xFF, 0xFF,
0xFF, 0xFF, 0xFF, 0xFF, 0xFF, 0xFF, 0xFF, 0xFF, 0xFF, 0xFF, 0xFF, 0xFF, 0xFF, 0xFF, 0xFF, 0xFF,
0xFF, 0xFF, 0xFF, 0x00, 0x08, 0x7A, 0xD9, 0xF5, 0xD4, 0x6B, 0x02, 0x00, 0x00, 0x1A, 0x97, 0xE1,
0xF9, 0xDD, 0x8E, 0x11, 0x00, 0xFF, 0xFF, 0xFF, 0x09, 0xBD, 0xFF, 0xFF, 0xFF, 0xFF, 0xFF, 0x8D,
0x00, 0x27, 0xE4, 0xFF, 0xFF, 0xFF, 0xFF, 0xFF, 0xD7, 0x0D, 0xFF, 0xFF, 0xFF, 0x8E, 0xFF, 0xFF,
0xFF, 0xFF, 0xFF, 0xFF, 0xFF, 0x30, 0xD7, 0xFF, 0xFF, 0xFF, 0xFF, 0xFF, 0xFF, 0xFF, 0x81, 0xFF,
0xFF, 0xFF, 0xFB, 0xB3, 0x30, 0x0A, 0x3A, 0xDD, 0xFF, 0xFF, 0xE7, 0xFF, 0xA2, 0x26, 0x07, 0x3B,
0xDC, 0xFF, 0xFF, 0xCF, 0xFF, 0xFF, 0xFF, 0xC1, 0x02, 0x00, 0x00, 0x00, 0x50, 0xFF, 0xFF, 0xFF,
0xAC, 0x00, 0x00, 0x00, 0x00, 0x46, 0xFF, 0xFF, 0xF3, 0xFF, 0xFF, 0xFF, 0x51, 0x00, 0x00, 0x00,
0x00, 0x17, 0xFF, 0xFF, 0xFF, 0x3D, 0x00, 0x00, 0x00, 0x00, 0x10, 0xFF, 0xFF, 0xFF, 0xFF, 0xFF,
0xFF, 0x1D, 0x00, 0x00, 0x00, 0x00, 0x01, 0xFF, 0xFF, 0xFF, 0x0E, 0x00, 0x00, 0x00, 0x00, 0x02,
0xFF, 0xFF, 0xFF, 0xFF, 0xFF, 0xFF, 0x0A, 0x00, 0x00, 0x00, 0x00, 0x00, 0xFF, 0xFF, 0xFF, 0x00,
0x00, 0x00, 0x00, 0x00, 0x00, 0xFF, 0xFF, 0xFF, 0xFF, 0xFF, 0xFF, 0x00, 0x00, 0x00, 0x00, 0x00,
0x00, 0xFF, 0xFF, 0xFF, 0x00, 0x00, 0x00, 0x00, 0x00, 0x00, 0xFF, 0xFF, 0xFF, 0xFF, 0xFF, 0xFF,
0x00, 0x00, 0x00, 0x00, 0x00, 0x00, 0xFF, 0xFF, 0xFF, 0x00, 0x00, 0x00, 0x00, 0x00, 0x00, 0xFF,
0xFF, 0xFF, 0xFF, 0xFF, 0xFF, 0x00, 0x00, 0x00, 0x00, 0x00, 0x00, 0xFF, 0xFF, 0xFF, 0x00, 0x00,
0x00, 0x00, 0x00, 0x00, 0xFF, 0xFF, 0xFF, 0xFF, 0xFF, 0xFF, 0x00, 0x00, 0x00, 0x00, 0x00, 0x00,
0xFF, 0xFF, 0xFF, 0x00, 0x00, 0x00, 0x00, 0x00, 0x00, 0xFF, 0xFF, 0xFF, 0xFF, 0xFF, 0xFF, 0x00,
0x00, 0x00, 0x00, 0x00, 0x00, 0xFF, 0xFF, 0xFF, 0x00, 0x00, 0x00, 0x00, 0x00, 0x00, 0xFF, 0xFF,
0xFF, 0xFF, 0xFF, 0xFF, 0x00, 0x00, 0x00, 0x00, 0x00, 0x00, 0xFF, 0xFF, 0xFF, 0x00, 0x00, 0x00,
0x00, 0x00, 0x00, 0xFF, 0xFF, 0xFF, 0xFF, 0xFF, 0xFF, 0x00, 0x00, 0x00, 0x00, 0x00, 0x00, 0xFF,
0xFF, 0xFF, 0x00, 0x00, 0x00, 0x00, 0x00, 0x00, 0xFF, 0xFF, 0xFF, 0xFF, 0xFF, 0xFF, 0x00, 0x00,
0x00, 0x00, 0x00, 0x00, 0xFF, 0xFF, 0xFF, 0x00, 0x00, 0x00, 0x00, 0x00, 0x00, 0xFF, 0xFF, 0xFF,
0xFF, 0xFF, 0xFF, 0x00, 0x24, 0x97, 0xDC, 0xF6, 0xEE, 0xBF, 0x5E, 0x01, 0x00, 0xFF, 0xFF, 0xFF,
0x53, 0xF7, 0xFF, 0xFF, 0xFF, 0xFF, 0xFF, 0xFF, 0xB1, 0x03, 0xFF, 0xFF, 0xFF, 0xFA, 0xFF, 0xFF,
0xFF, 0xFF, 0xFF, 0xFF, 0xFF, 0xFF, 0x65, 0xFF, 0xFF, 0xFF, 0xFF, 0xC5, 0x42, 0x0A, 0x12, 0x67,
0xF4, 0xFF, 0xFF, 0xC3, 0xFF, 0xFF, 0xFF, 0xC7, 0x05, 0x00, 0x00, 0x00, 0x00, 0x6A, 0xFF, 0xFF,
0xEF, 0xFF, 0xFF, 0xFF, 0x51, 0x00, 0x00, 0x00, 0x00, 0x00, 0x1E, 0xFF, 0xFF, 0xFB, 0xFF, 0xFF,
0xFF, 0x19, 0x00, 0x00, 0x00, 0x00, 0x00, 0x06, 0xFF, 0xFF, 0xFF, 0xFF, 0xFF, 0xFF, 0x05, 0x00,
0x00, 0x00, 0x00, 0x00, 0x00, 0xFF, 0xFF, 0xFF, 0xFF, 0xFF, 0xFF, 0x00, 0x00, 0x00, 0x00, 0x00,
0x00, 0x00, 0xFF, 0xFF, 0xFF, 0xFF, 0xFF, 0xFF, 0x00, 0x00, 0x00, 0x00, 0x00, 0x00, 0x00, 0xFF,
0xFF, 0xFF, 0xFF, 0xFF, 0xFF, 0x00, 0x00, 0x00, 0x00, 0x00, 0x00, 0x00, 0xFF, 0xFF, 0xFF, 0xFF,
0xFF, 0xFF, 0x00, 0x00, 0x00, 0x00, 0x00, 0x00, 0x00, 0xFF, 0xFF, 0xFF, 0xFF, 0xFF, 0xFF, 0x00,
0x00, 0x00, 0x00, 0x00, 0x00, 0x00, 0xFF, 0xFF, 0xFF, 0xFF, 0xFF, 0xFF, 0x00, 0x00, 0x00, 0x00,
0x00, 0x00, 0x00, 0xFF, 0xFF, 0xFF, 0xFF, 0xFF, 0xFF, 0x00, 0x00, 0x00, 0x00, 0x00, 0x00, 0x00,
0xFF, 0xFF, 0xFF, 0xFF, 0xFF, 0xFF, 0x00, 0x00, 0x00, 0x00, 0x00, 0x00, 0x00, 0xFF, 0xFF, 0xFF,
0x00, 0x00, 0x00, 0x12, 0x7A, 0xCA, 0xF3, 0xF1, 0xC5, 0x6A, 0x04, 0x00, 0x00, 0x00, 0x00, 0x00,
0x63, 0xEF, 0xFF, 0xFF, 0xFF, 0xFF, 0xFF, 0xFF, 0xD2, 0x21, 0x00, 0x00, 0x00, 0x60, 0xFF, 0xFF,
0xFF, 0xFF, 0xFF, 0xFF, 0xFF, 0xFF, 0xFF, 0xE8, 0x1F, 0x00, 0x12, 0xF2, 0xFF, 0xFF, 0xDB, 0x50,
0x0D, 0x0D, 0x51, 0xDD, 0xFF, 0xFF, 0xCB, 0x01, 0x76, 0xFF, 0xFF, 0xE4, 0x15, 0x00, 0x00, 0x00,
0x00, 0x17, 0xE5, 0xFF, 0xFF, 0x56, 0xBA, 0xFF, 0xFF, 0x6A, 0x00, 0x00, 0x00, 0x00, 0x00, 0x00,
0x6B, 0xFF, 0xFF, 0xAC, 0xE4, 0xFF, 0xFF, 0x23, 0x00, 0x00, 0x00, 0x00, 0x00, 0x00, 0x23, 0xFF,
0xFF, 0xE2, 0xF7, 0xFF, 0xFF, 0x07, 0x00, 0x00, 0x00, 0x00, 0x00, 0x00, 0x07, 0xFF, 0xFF, 0xF8,
0xF6, 0xFF, 0xFF, 0x07, 0x00, 0x00, 0x00, 0x00, 0x00, 0x00, 0x0A, 0xFF, 0xFF, 0xEF, 0xE2, 0xFF,
0xFF, 0x23, 0x00, 0x00, 0x00, 0x00, 0x00, 0x00, 0x27, 0xFF, 0xFF, 0xD8, 0xB1, 0xFF, 0xFF, 0x6A,
0x00, 0x00, 0x00, 0x00, 0x00, 0x00, 0x6D, 0xFF, 0xFF, 0xB2, 0x64, 0xFF, 0xFF, 0xE4, 0x15, 0x00,
0x00, 0x00, 0x00, 0x15, 0xE5, 0xFF, 0xFF, 0x62, 0x07, 0xE1, 0xFF, 0xFF, 0xDB, 0x4F, 0x0C, 0x0D,
0x50, 0xDB, 0xFF, 0xFF, 0xEF, 0x11, 0x00, 0x36, 0xF7, 0xFF, 0xFF, 0xFF, 0xFF, 0xFF, 0xFF, 0xFF,
0xFF, 0xFE, 0x58, 0x00, 0x00, 0x00, 0x38, 0xE3, 0xFF, 0xFF, 0xFF, 0xFF, 0xFF, 0xFF, 0xEA, 0x53,
0x00, 0x00, 0x00, 0x00, 0x00, 0x0B, 0x76, 0xCB, 0xF3, 0xED, 0xC1, 0x67, 0x0D, 0x00, 0x00, 0x00,
0xFF, 0xFF, 0xFF, 0x00, 0x0A, 0x80, 0xDB, 0xF9, 0xE7, 0xAB, 0x3C, 0x00, 0x00, 0x00, 0xFF, 0xFF,
0xFF, 0x08, 0xBE, 0xFF, 0xFF, 0xFF, 0xFF, 0xFF, 0xFF, 0x7C, 0x00, 0x00, 0xFF, 0xFF, 0xFF, 0x87,
0xFF, 0xFF, 0xFF, 0xFF, 0xFF, 0xFF, 0xFF, 0xFF, 0x6D, 0x00, 0xFF, 0xFF, 0xFF, 0xFB, 0xEC, 0x63,
0x11, 0x0C, 0x51, 0xDE, 0xFF, 0xFF, 0xF0, 0x15, 0xFF, 0xFF, 0xFF, 0xF2, 0x29, 0x00, 0x00, 0x00,
0x00, 0x17, 0xE5, 0xFF, 0xFF, 0x6C, 0xFF, 0xFF, 0xFF, 0x7E, 0x00, 0x00, 0x00, 0x00, 0x00, 0x00,
0x6A, 0xFF, 0xFF, 0xB8, 0xFF, 0xFF, 0xFF, 0x2C, 0x00, 0x00, 0x00, 0x00, 0x00, 0x00, 0x23, 0xFF,
0xFF, 0xDF, 0xFF, 0xFF, 0xFF, 0x09, 0x00, 0x00, 0x00, 0x00, 0x00, 0x00, 0x07, 0xFF, 0xFF, 0xF6,
0xFF, 0xFF, 0xFF, 0x05, 0x00, 0x00, 0x00, 0x00, 0x00, 0x00, 0x09, 0xFF, 0xFF, 0xF0, 0xFF, 0xFF,
0xFF, 0x1F, 0x00, 0x00, 0x00, 0x00, 0x00, 0x00, 0x26, 0xFF, 0xFF, 0xD7, 0xFF, 0xFF, 0xFF, 0x63,
0x00, 0x00, 0x00, 0x00, 0x00, 0x00, 0x6E, 0xFF, 0xFF, 0xA7, 0xFF, 0xFF, 0xFF, 0xDD, 0x10, 0x00,
0x00, 0x00, 0x00, 0x19, 0xE7, 0xFF, 0xFF, 0x54, 0xFF, 0xFF, 0xFF, 0xFF, 0xD7, 0x4C, 0x0B, 0x0E,
0x56, 0xE0, 0xFF, 0xFF, 0xDA, 0x07, 0xFF, 0xFF, 0xFF, 0xD0, 0xFF, 0xFF, 0xFF, 0xFF, 0xFF, 0xFF,
0xFF, 0xFB, 0x3F, 0x00, 0xFF, 0xFF, 0xFF, 0x25, 0xE5, 0xFF, 0xFF, 0xFF, 0xFF, 0xFF, 0xEF, 0x45,
0x00, 0x00, 0xFF, 0xFF, 0xFF, 0x00, 0x1C, 0x9E, 0xE8, 0xF2, 0xCE, 0x7E, 0x15, 0x00, 0x00, 0x00,
0xFF, 0xFF, 0xFF, 0x00, 0x00, 0x00, 0x00, 0x00, 0x00, 0x00, 0x00, 0x00, 0x00, 0x00, 0xFF, 0xFF,
0xFF, 0x00, 0x00, 0x00, 0x00, 0x00, 0x00, 0x00, 0x00, 0x00, 0x00, 0x00, 0xFF, 0xFF, 0xFF, 0x00,
0x00, 0x00, 0x00, 0x00, 0x00, 0x00, 0x00, 0x00, 0x00, 0x00, 0xFF, 0xFF, 0xFF, 0x00, 0x00, 0x00,
0x00, 0x00, 0x00, 0x00, 0x00, 0x00, 0x00, 0x00, 0xFF, 0xFF, 0xFF, 0x00, 0x00, 0x00, 0x00, 0x00,
0x00, 0x00, 0x00, 0x00, 0x00, 0x00, 0xFF, 0xFF, 0xFF, 0x00, 0x00, 0x00, 0x00, 0x00, 0x00, 0x00,
0x00, 0x00, 0x00, 0x00, 0x00, 0x00, 0x00, 0x34, 0xA3, 0xDC, 0xF6, 0xD7, 0x75, 0x06, 0x00, 0xFF,
0xFF, 0xFF, 0x00, 0x00, 0x7F, 0xFF, 0xFF, 0xFF, 0xFF, 0xFF, 0xFF, 0xB5, 0x06, 0xFF, 0xFF, 0xFF,
0x00, 0x72, 0xFF, 0xFF, 0xFF, 0xFF, 0xFF, 0xFF, 0xFF, 0xFF, 0x80, 0xFF, 0xFF, 0xFF, 0x1A, 0xF4,
0xFF, 0xFF, 0xD7, 0x4B, 0x0A, 0x12, 0x62, 0xEB, 0xF8, 0xFF, 0xFF, 0xFF, 0x72, 0xFF, 0xFF, 0xE0,
0x12, 0x00, 0x00, 0x00, 0x00, 0x27, 0xF2, 0xFF, 0xFF, 0xFF, 0xBC, 0xFF, 0xFF, 0x66, 0x00, 0x00,
0x00, 0x00, 0x00, 0x00, 0x7D, 0xFF, 0xFF, 0xFF, 0xE1, 0xFF, 0xFF, 0x22, 0x00, 0x00, 0x00, 0x00,
0x00, 0x00, 0x2E, 0xFF, 0xFF, 0xFF, 0xF7, 0xFF, 0xFF, 0x07, 0x00, 0x00, 0x00, 0x00, 0x00, 0x00,
0x0C, 0xFF, 0xFF, 0xFF, 0xF5, 0xFF, 0xFF, 0x08, 0x00, 0x00, 0x00, 0x00, 0x00, 0x00, 0x06, 0xFF,
0xFF, 0xFF, 0xE0, 0xFF, 0xFF, 0x26, 0x00, 0x00, 0x00, 0x00, 0x00, 0x00, 0x1E, 0xFF, 0xFF, 0xFF,
0xAC, 0xFF, 0xFF, 0x70, 0x00, 0x00, 0x00, 0x00, 0x00, 0x00, 0x62, 0xFF, 0xFF, 0xFF, 0x5E, 0xFF,
0xFF, 0xE9, 0x1D, 0x00, 0x00, 0x00, 0x00, 0x10, 0xDD, 0xFF, 0xFF, 0xFF, 0x06, 0xE0, 0xFF, 0xFF,
0xE4, 0x5A, 0x0F, 0x0B, 0x4B, 0xD7, 0xFF, 0xFF, 0xFF, 0xFF, 0x00, 0x3B, 0xFA, 0xFF, 0xFF, 0xFF,
0xFF, 0xFF, 0xFF, 0xFF, 0xCA, 0xFF, 0xFF, 0xFF, 0x00, 0x00, 0x45, 0xEF, 0xFF, 0xFF, 0xFF, 0xFF,
0xFF, 0xE2, 0x24, 0xFF, 0xFF, 0xFF, 0x00, 0x00, 0x00, 0x14, 0x87, 0xD6, 0xF6, 0xE6, 0x99, 0x18,
0x00, 0xFF, 0xFF, 0xFF, 0x00, 0x00, 0x00, 0x00, 0x00, 0x00, 0x00, 0x00, 0x00, 0x00, 0x00, 0xFF,
0xFF, 0xFF, 0x00, 0x00, 0x00, 0x00, 0x00, 0x00, 0x00, 0x00, 0x00, 0x00, 0x00, 0xFF, 0xFF, 0xFF,
0x00, 0x00, 0x00, 0x00, 0x00, 0x00, 0x00, 0x00, 0x00, 0x00, 0x00, 0xFF, 0xFF, 0xFF, 0x00, 0x00,
0x00, 0x00, 0x00, 0x00, 0x00, 0x00, 0x00, 0x00, 0x00, 0xFF, 0xFF, 0xFF, 0x00, 0x00, 0x00, 0x00,
0x00, 0x00, 0x00, 0x00, 0x00, 0x00, 0x00, 0xFF, 0xFF, 0xFF, 0x00, 0x00, 0x00, 0x00, 0x00, 0x00,
0x00, 0x00, 0x00, 0x00, 0x00, 0xFF, 0xFF, 0xFF, 0xFF, 0xFF, 0xFF, 0x00, 0x77, 0xEF, 0xE4, 0x8F,
0xFF, 0xFF, 0xFF, 0x48, 0xFF, 0xFF, 0xFF, 0xB6, 0xFF, 0xFF, 0xFF, 0xC9, 0xFF, 0xFF, 0xFE, 0x63,
0xFF, 0xFF, 0xFF, 0xFC, 0x62, 0x08, 0x00, 0x00, 0xFF, 0xFF, 0xFF, 0x98, 0x00, 0x00, 0x00, 0x00,
0xFF, 0xFF, 0xFF, 0x49, 0x00, 0x00, 0x00, 0x00, 0xFF, 0xFF, 0xFF, 0x1A, 0x00, 0x00, 0x00, 0x00,
0xFF, 0xFF, 0xFF, 0x07, 0x00, 0x00, 0x00, 0x00, 0xFF, 0xFF, 0xFF, 0x00, 0x00, 0x00, 0x00, 0x00,
0xFF, 0xFF, 0xFF, 0x00, 0x00, 0x00, 0x00, 0x00, 0xFF, 0xFF, 0xFF, 0x00, 0x00, 0x00, 0x00, 0x00,
0xFF, 0xFF, 0xFF, 0x00, 0x00, 0x00, 0x00, 0x00, 0xFF, 0xFF, 0xFF, 0x00, 0x00, 0x00, 0x00, 0x00,
0xFF, 0xFF, 0xFF, 0x00, 0x00, 0x00, 0x00, 0x00, 0xFF, 0xFF, 0xFF, 0x00, 0x00, 0x00, 0x00, 0x00,
0xFF, 0xFF, 0xFF, 0x00, 0x00, 0x00, 0x00, 0x00, 0x00, 0x00, 0x4E, 0xAD, 0xE3, 0xFA, 0xF3, 0xDB,
0xA3, 0x49, 0x00, 0x00, 0x00, 0x03, 0xA9, 0xFF, 0xFF, 0xFF, 0xFF, 0xFF, 0xFF, 0xFF, 0xFF, 0xB2,
0x07, 0x00, 0x77, 0xFF, 0xFF, 0xEF, 0x91, 0x6B, 0x6C, 0x9A, 0xF5, 0xFF, 0xFF, 0x7B, 0x00, 0xDB,
0xFF, 0xFF, 0x35, 0x00, 0x00, 0x00, 0x00, 0x43, 0xFF, 0xFF, 0xDB, 0x00, 0xF7, 0xFF, 0xFF, 0x26,
0x00, 0x00, 0x00, 0x00, 0x00, 0x00, 0x00, 0x00, 0x00, 0xC5, 0xFF, 0xFF, 0xE8, 0x80, 0x39, 0x04,
0x00, 0x00, 0x00, 0x00, 0x00, 0x00, 0x26, 0xD5, 0xFF, 0xFF, 0xFF, 0xFF, 0xEE, 0xA3, 0x51, 0x08,
0x00, 0x00, 0x00, 0x00, 0x04, 0x5E, 0xC5, 0xFE, 0xFF, 0xFF, 0xFF, 0xFF, 0xF2, 0x94, 0x18, 0x00,
0x00, 0x00, 0x00, 0x00, 0x1C, 0x6A, 0xB1, 0xED, 0xFF, 0xFF, 0xFF, 0xE3, 0x22, 0x00, 0x00, 0x00,
0x00, 0x00, 0x00, 0x00, 0x01, 0x36, 0xBA, 0xFF, 0xFF, 0xAD, 0x00, 0x00, 0x00, 0x00, 0x00, 0x00,
0x00, 0x00, 0x00, 0x18, 0xFF, 0xFF, 0xED, 0xE0, 0xFF, 0xFF, 0x3B, 0x00, 0x00, 0x00, 0x00, 0x00,
0x22, 0xFF, 0xFF, 0xEB, 0x90, 0xFF, 0xFF, 0xEA, 0x63, 0x1C, 0x06, 0x13, 0x4A, 0xD3, 0xFF, 0xFF,
0xAE, 0x1C, 0xF1, 0xFF, 0xFF, 0xFF, 0xFF, 0xFF, 0xFF, 0xFF, 0xFF, 0xFF, 0xF8, 0x31, 0x00, 0x44,
0xF0, 0xFF, 0xFF, 0xFF, 0xFF, 0xFF, 0xFF, 0xFF, 0xF0, 0x50, 0x00, 0x00, 0x00, 0x18, 0x82, 0xC8,
0xEE, 0xFB, 0xED, 0xCB, 0x7F, 0x17, 0x00, 0x00, 0x00, 0x00, 0x00, 0x00, 0x2B, 0x00, 0x00, 0x00,
0x00, 0x00, 0x21, 0xA1, 0xFD, 0x00, 0x00, 0x00, 0x00, 0x00, 0xFA, 0xFF, 0xFF, 0x00, 0x00, 0x00,
0x00, 0x00, 0xFF, 0xFF, 0xFF, 0x00, 0x00, 0x00, 0x00, 0x00, 0xFF, 0xFF, 0xFF, 0x00, 0x00, 0x00,
0x00, 0x00, 0xFF, 0xFF, 0xFF, 0x00, 0x00, 0x00, 0xFF, 0xFF, 0xFF, 0xFF, 0xFF, 0xFF, 0xFF, 0xFF,
0xFF, 0xFF, 0xFF, 0xFF, 0xFF, 0xFF, 0xFF, 0xFF, 0xFF, 0xFF, 0xFF, 0xFF, 0xFF, 0xFF, 0xFF, 0xFF,
0x00, 0x00, 0xFF, 0xFF, 0xFF, 0x00, 0x00, 0x00, 0x00, 0x00, 0xFF, 0xFF, 0xFF, 0x00, 0x00, 0x00,
0x00, 0x00, 0xFF, 0xFF, 0xFF, 0x00, 0x00, 0x00, 0x00, 0x00, 0xFF, 0xFF, 0xFF, 0x00, 0x00, 0x00,
0x00, 0x00, 0xFF, 0xFF, 0xFF, 0x00, 0x00, 0x00, 0x00, 0x00, 0xFF, 0xFF, 0xFF, 0x00, 0x00, 0x00,
0x00, 0x00, 0xFF, 0xFF, 0xFF, 0x00, 0x00, 0x00, 0x00, 0x00, 0xFF, 0xFF, 0xFF, 0x00, 0x00, 0x00,
0x00, 0x00, 0xFF, 0xFF, 0xFF, 0x05, 0x00, 0x00, 0x00, 0x00, 0xF9, 0xFF, 0xFF, 0x62, 0x04, 0x00,
0x00, 0x00, 0xE2, 0xFF, 0xFF, 0xFF, 0xFD, 0xCC, 0x00, 0x00, 0x93, 0xFF, 0xFF, 0xFF, 0xFF, 0xFF,
0x00, 0x00, 0x07, 0x85, 0xDC, 0xF8, 0xF5, 0xD1, 0xFF, 0xFF, 0xFF, 0x00, 0x00, 0x00, 0x00, 0x00,
0x00, 0x00, 0xFF, 0xFF, 0xFF, 0xFF, 0xFF, 0xFF, 0x00, 0x00, 0x00, 0x00, 0x00, 0x00, 0x00, 0xFF,
0xFF, 0xFF, 0xFF, 0xFF, 0xFF, 0x00, 0x00, 0x00, 0x00, 0x00, 0x00, 0x00, 0xFF, 0xFF, 0xFF, 0xFF,
0xFF, 0xFF, 0x00, 0x00, 0x00, 0x00, 0x00, 0x00, 0x00, 0xFF, 0xFF, 0xFF, 0xFF, 0xFF, 0xFF, 0x00,
0x00, 0x00, 0x00, 0x00, 0x00, 0x00, 0xFF, 0xFF, 0xFF, 0xFF, 0xFF, 0xFF, 0x00, 0x00, 0x00, 0x00,
0x00, 0x00, 0x00, 0xFF, 0xFF, 0xFF, 0xFF, 0xFF, 0xFF, 0x00, 0x00, 0x00, 0x00, 0x00, 0x00, 0x00,
0xFF, 0xFF, 0xFF, 0xFF, 0xFF, 0xFF, 0x00, 0x00, 0x00, 0x00, 0x00, 0x00, 0x00, 0xFF, 0xFF, 0xFF,
0xFF, 0xFF, 0xFF, 0x00, 0x00, 0x00, 0x00, 0x00, 0x00, 0x09, 0xFF, 0xFF, 0xFF, 0xFF, 0xFF, 0xFF,
0x06, 0x00, 0x00, 0x00, 0x00, 0x00, 0x1C, 0xFF, 0xFF, 0xFF, 0xFB, 0xFF, 0xFF, 0x1A, 0x00, 0x00,
0x00, 0x00, 0x00, 0x56, 0xFF, 0xFF, 0xFF, 0xEC, 0xFF, 0xFF, 0x6D, 0x00, 0x00, 0x00, 0x00, 0x09,
0xD0, 0xFF, 0xFF, 0xFF, 0xBE, 0xFF, 0xFF, 0xF6, 0x66, 0x13, 0x0E, 0x4B, 0xCF, 0xF6, 0xFF, 0xFF,
0xFF, 0x62, 0xFF, 0xFF, 0xFF, 0xFF, 0xFF, 0xFF, 0xFF, 0xFF, 0x71, 0xFF, 0xFF, 0xFF, 0x03, 0xAC,
0xFF, 0xFF, 0xFF, 0xFF, 0xFF, 0xFF, 0x9D, 0x02, 0xFF, 0xFF, 0xFF, 0x00, 0x01, 0x5A, 0xBD, 0xEE,
0xF3, 0xCA, 0x5D, 0x00, 0x00, 0xFF, 0xFF, 0xFF, 0xCE, 0xFF, 0xFF, 0x31, 0x00, 0x00, 0x00, 0x00,
0x00, 0x00, 0x00, 0x36, 0xFF, 0xFF, 0xCE, 0x6A, 0xFF, 0xFF, 0x8D, 0x00, 0x00, 0x00, 0x00, 0x00,
0x00, 0x00, 0x90, 0xFF, 0xFF, 0x6B, 0x0F, 0xF6, 0xFF, 0xE6, 0x02, 0x00, 0x00, 0x00, 0x00, 0x00,
0x02, 0xE6, 0xFF, 0xF8, 0x11, 0x00, 0xA2, 0xFF, 0xFF, 0x44, 0x00, 0x00, 0x00, 0x00, 0x00, 0x44,
0xFF, 0xFF, 0xA6, 0x00, 0x00, 0x3D, 0xFF, 0xFF, 0xA0, 0x00, 0x00, 0x00, 0x00, 0x00, 0x9E, 0xFF,
0xFF, 0x44, 0x00, 0x00, 0x00, 0xD8, 0xFF, 0xF2, 0x09, 0x00, 0x00, 0x00, 0x07, 0xF0, 0xFF, 0xDF,
0x01, 0x00, 0x00, 0x00, 0x75, 0xFF, 0xFF, 0x58, 0x00, 0x00, 0x00, 0x52, 0xFF, 0xFF, 0x7F, 0x00,
0x00, 0x00, 0x00, 0x16, 0xFA, 0xFF, 0xB3, 0x00, 0x00, 0x00, 0xAC, 0xFF, 0xFD, 0x1F, 0x00, 0x00,
0x00, 0x00, 0x00, 0xAC, 0xFF, 0xFA, 0x14, 0x00, 0x0E, 0xF7, 0xFF, 0xBA, 0x00, 0x00, 0x00, 0x00,
0x00, 0x00, 0x48, 0xFF, 0xFF, 0x6A, 0x00, 0x60, 0xFF, 0xFF, 0x57, 0x00, 0x00, 0x00, 0x00, 0x00,
0x00, 0x02, 0xE1, 0xFF, 0xBF, 0x00, 0xBB, 0xFF, 0xED, 0x07, 0x00, 0x00, 0x00, 0x00, 0x00, 0x00,
0x00, 0x80, 0xFF, 0xFC, 0x2C, 0xFC, 0xFF, 0x92, 0x00, 0x00, 0x00, 0x00, 0x00, 0x00, 0x00, 0x00,
0x1E, 0xFD, 0xFF, 0xC9, 0xFF, 0xFF, 0x30, 0x00, 0x00, 0x00, 0x00, 0x00, 0x00, 0x00, 0x00, 0x00,
0xB7, 0xFF, 0xFF, 0xFF, 0xCD, 0x00, 0x00, 0x00, 0x00, 0x00, 0x00, 0x00, 0x00, 0x00, 0x00, 0x53,
0xFF, 0xFF, 0xFF, 0x6B, 0x00, 0x00, 0x00, 0x00, 0x00, 0x00, 0x00, 0x00, 0x00, 0x00, 0x05, 0xE9,
0xFF, 0xF7, 0x11, 0x00, 0x00, 0x00, 0x00, 0x00, 0x52, 0xFF, 0xFF, 0xB1, 0x00, 0x00, 0x00, 0x00,
0x00, 0x18, 0xFF, 0xFF, 0xFE, 0x11, 0x00, 0x00, 0x00, 0x00, 0x00, 0xB0, 0xFF, 0xFF, 0x51, 0x06,
0xEE, 0xFF, 0xF8, 0x0D, 0x00, 0x00, 0x00, 0x00, 0x51, 0xFF, 0xFF, 0xFF, 0x49, 0x00, 0x00, 0x00,
0x00, 0x0D, 0xF7, 0xFF, 0xEE, 0x06, 0x00, 0x98, 0xFF, 0xFF, 0x5A, 0x00, 0x00, 0x00, 0x00, 0x89,
0xFF, 0xFF, 0xFF, 0x83, 0x00, 0x00, 0x00, 0x00, 0x5C, 0xFF, 0xFF, 0x99, 0x00, 0x00, 0x3B, 0xFF,
0xFF, 0xAF, 0x00, 0x00, 0x00, 0x00, 0xC1, 0xFF, 0xD7, 0xFF, 0xBC, 0x00, 0x00, 0x00, 0x00, 0xB2,
0xFF, 0xFF, 0x3C, 0x00, 0x00, 0x00, 0xDD, 0xFF, 0xF7, 0x0C, 0x00, 0x00, 0x04, 0xF5, 0xFF, 0x5F,
0xFF, 0xF3, 0x03, 0x00, 0x00, 0x0E, 0xF8, 0xFF, 0xDF, 0x01, 0x00, 0x00, 0x00, 0x81, 0xFF, 0xFF,
0x58, 0x00, 0x00, 0x32, 0xFF, 0xF2, 0x04, 0xED, 0xFF, 0x2F, 0x00, 0x00, 0x5E, 0xFF, 0xFF, 0x84,
0x00, 0x00, 0x00, 0x00, 0x24, 0xFF, 0xFF, 0xAC, 0x00, 0x00, 0x6A, 0xFF, 0xB9, 0x00, 0xB0, 0xFF,
0x69, 0x00, 0x00, 0xB4, 0xFF, 0xFF, 0x28, 0x00, 0x00, 0x00, 0x00, 0x00, 0xC7, 0xFF, 0xF6, 0x0B,
0x00, 0xA2, 0xFF, 0x7D, 0x00, 0x78, 0xFF, 0xA2, 0x00, 0x10, 0xF9, 0xFF, 0xCB, 0x00, 0x00, 0x00,
0x00, 0x00, 0x00, 0x6A, 0xFF, 0xFF, 0x55, 0x00, 0xDA, 0xFF, 0x41, 0x00, 0x43, 0xFF, 0xDC, 0x00,
0x60, 0xFF, 0xFF, 0x6F, 0x00, 0x00, 0x00, 0x00, 0x00, 0x00, 0x13, 0xFA, 0xFF, 0xA5, 0x11, 0xFF,
0xFA, 0x0A, 0x00, 0x0F, 0xFE, 0xFF, 0x14, 0xB1, 0xFF, 0xFC, 0x17, 0x00, 0x00, 0x00, 0x00, 0x00,
0x00, 0x00, 0xB0, 0xFF, 0xE6, 0x38, 0xFF, 0xC9, 0x00, 0x00, 0x00, 0xD9, 0xFF, 0x41, 0xF3, 0xFF,
0xB7, 0x00, 0x00, 0x00, 0x00, 0x00, 0x00, 0x00, 0x00, 0x53, 0xFF, 0xFF, 0x86, 0xFF, 0x8D, 0x00,
0x00, 0x00, 0xA3, 0xFF, 0xA4, 0xFF, 0xFF, 0x5A, 0x00, 0x00, 0x00, 0x00, 0x00, 0x00, 0x00, 0x00,
0x07, 0xEE, 0xFF, 0xE8, 0xFF, 0x51, 0x00, 0x00, 0x00, 0x6E, 0xFF, 0xF9, 0xFF, 0xF3, 0x0A, 0x00,
0x00, 0x00, 0x00, 0x00, 0x00, 0x00, 0x00, 0x00, 0x99, 0xFF, 0xFF, 0xFF, 0x16, 0x00, 0x00, 0x00,
0x39, 0xFF, 0xFF, 0xFF, 0xA2, 0x00, 0x00, 0x00, 0x00, 0x00, 0x00, 0x00, 0x00, 0x00, 0x00, 0x3C,
0xFF, 0xFF, 0xD9, 0x00, 0x00, 0x00, 0x00, 0x08, 0xFB, 0xFF, 0xFF, 0x46, 0x00, 0x00, 0x00, 0x00,
0x00, 0x00, 0x00, 0x00, 0x00, 0x00, 0x00, 0xDD, 0xFF, 0x9D, 0x00, 0x00, 0x00, 0x00, 0x00, 0xCF,
0xFF, 0xE7, 0x03, 0x00, 0x00, 0x00, 0x00, 0x00, 0xA8, 0xFF, 0xFF, 0x5F, 0x00, 0x00, 0x00, 0x00,
0x00, 0x00, 0x58, 0xFF, 0xFF, 0xAF, 0x12, 0xE6, 0xFF, 0xF0, 0x1E, 0x00, 0x00, 0x00, 0x00, 0x1A,
0xEE, 0xFF, 0xE9, 0x15, 0x00, 0x4A, 0xFF, 0xFF, 0xBD, 0x01, 0x00, 0x00, 0x00, 0xB8, 0xFF, 0xFF,
0x4F, 0x00, 0x00, 0x00, 0x9B, 0xFF, 0xFF, 0x6E, 0x00, 0x00, 0x69, 0xFF, 0xFF, 0x9F, 0x00, 0x00,
0x00, 0x00, 0x0D, 0xDF, 0xFF, 0xF6, 0x27, 0x23, 0xF4, 0xFF, 0xE0, 0x0E, 0x00, 0x00, 0x00, 0x00,
0x00, 0x3F, 0xFE, 0xFF, 0xC9, 0xC5, 0xFF, 0xFE, 0x40, 0x00, 0x00, 0x00, 0x00, 0x00, 0x00, 0x00,
0x8E, 0xFF, 0xFF, 0xFF, 0xFF, 0x8E, 0x00, 0x00, 0x00, 0x00, 0x00, 0x00, 0x00, 0x00, 0x08, 0xD6,
0xFF, 0xFF, 0xD6, 0x08, 0x00, 0x00, 0x00, 0x00, 0x00, 0x00, 0x00, 0x00, 0x06, 0xD2, 0xFF, 0xFF,
0xD2, 0x06, 0x00, 0x00, 0x00, 0x00, 0x00, 0x00, 0x00, 0x00, 0x89, 0xFF, 0xFF, 0xFF, 0xFF, 0x88,
0x00, 0x00, 0x00, 0x00, 0x00, 0x00, 0x00, 0x3B, 0xFD, 0xFF, 0xCA, 0xCA, 0xFF, 0xFD, 0x3B, 0x00,
0x00, 0x00, 0x00, 0x00, 0x0B, 0xDC, 0xFF, 0xF6, 0x27, 0x27, 0xF6, 0xFF, 0xDC, 0x0B, 0x00, 0x00,
0x00, 0x00, 0x99, 0xFF, 0xFF, 0x6E, 0x00, 0x00, 0x6E, 0xFF, 0xFF, 0x98, 0x00, 0x00, 0x00, 0x49,
0xFF, 0xFF, 0xBD, 0x01, 0x00, 0x00, 0x01, 0xBD, 0xFF, 0xFF, 0x48, 0x00, 0x12, 0xE6, 0xFF, 0xF1,
0x1E, 0x00, 0x00, 0x00, 0x00, 0x1E, 0xF1, 0xFF, 0xE5, 0x12, 0xA8, 0xFF, 0xFF, 0x5F, 0x00, 0x00,
0x00, 0x00, 0x00, 0x00, 0x60, 0xFF, 0xFF, 0xA8, 0xCE, 0xFF, 0xFF, 0x35, 0x00, 0x00, 0x00, 0x00,
0x00, 0x00, 0x00, 0x30, 0xFF, 0xFF, 0xD3, 0x6A, 0xFF, 0xFF, 0x99, 0x00, 0x00, 0x00, 0x00, 0x00,
0x00, 0x00, 0x91, 0xFF, 0xFF, 0x74, 0x0F, 0xF6, 0xFF, 0xF2, 0x0B, 0x00, 0x00, 0x00, 0x00, 0x00,
0x05, 0xEB, 0xFF, 0xFC, 0x18, 0x00, 0xA2, 0xFF, 0xFF, 0x61, 0x00, 0x00, 0x00, 0x00, 0x00, 0x51,
0xFF, 0xFF, 0xB4, 0x00, 0x00, 0x3E, 0xFF, 0xFF, 0xC4, 0x00, 0x00, 0x00, 0x00, 0x00, 0xB1, 0xFF,
0xFF, 0x54, 0x00, 0x00, 0x00, 0xD9, 0xFF, 0xFF, 0x28, 0x00, 0x00, 0x00, 0x15, 0xFA, 0xFF, 0xEE,
0x07, 0x00, 0x00, 0x00, 0x76, 0xFF, 0xFF, 0x8C, 0x00, 0x00, 0x00, 0x71, 0xFF, 0xFF, 0x95, 0x00,
0x00, 0x00, 0x00, 0x16, 0xFA, 0xFF, 0xEA, 0x05, 0x00, 0x00, 0xD0, 0xFF, 0xFF, 0x35, 0x00, 0x00,
0x00, 0x00, 0x00, 0xAE, 0xFF, 0xFF, 0x52, 0x00, 0x31, 0xFF, 0xFF, 0xD5, 0x00, 0x00, 0x00, 0x00,
0x00, 0x00, 0x49, 0xFF, 0xFF, 0xAB, 0x00, 0x91, 0xFF, 0xFF, 0x76, 0x00, 0x00, 0x00, 0x00, 0x00,
0x00, 0x02, 0xE2, 0xFF, 0xF5, 0x10, 0xEA, 0xFF, 0xFC, 0x19, 0x00, 0x00, 0x00, 0x00, 0x00, 0x00,
0x00, 0x81, 0xFF, 0xFF, 0xA6, 0xFF, 0xFF, 0xB6, 0x00, 0x00, 0x00, 0x00, 0x00, 0x00, 0x00, 0x00,
0x1F, 0xFD, 0xFF, 0xFF, 0xFF, 0xFF, 0x56, 0x00, 0x00, 0x00, 0x00, 0x00, 0x00, 0x00, 0x00, 0x00,
0xB9, 0xFF, 0xFF, 0xFF, 0xEF, 0x07, 0x00, 0x00, 0x00, 0x00, 0x00, 0x00, 0x00, 0x00, 0x00, 0x55,
0xFF, 0xFF, 0xFF, 0x97, 0x00, 0x00, 0x00, 0x00, 0x00, 0x00, 0x00, 0x00, 0x00, 0x00, 0x16, 0xFF,
0xFF, 0xFF, 0x37, 0x00, 0x00, 0x00, 0x00, 0x00, 0x00, 0x00, 0x00, 0x00, 0x00, 0x5A, 0xFF, 0xFF,
0xD5, 0x00, 0x00, 0x00, 0x00, 0x00, 0x00, 0x00, 0x00, 0x00, 0x00, 0x00, 0xB2, 0xFF, 0xFF, 0x6E,
0x00, 0x00, 0x00, 0x00, 0x00, 0x00, 0x00, 0x00, 0x23, 0x09, 0x6E, 0xFF, 0xFF, 0xF2, 0x0E, 0x00,
0x00, 0x00, 0x00, 0x00, 0x00, 0x00, 0x00, 0xFF, 0xFF, 0xFF, 0xFF, 0xFF, 0x82, 0x00, 0x00, 0x00,
0x00, 0x00, 0x00, 0x00, 0x00, 0x00, 0xFF, 0xFF, 0xFF, 0xFF, 0xCA, 0x06, 0x00, 0x00, 0x00, 0x00,
0x00, 0x00, 0x00, 0x00, 0x00, 0xC8, 0xF7, 0xE6, 0x93, 0x0D, 0x00, 0x00, 0x00, 0x00, 0x00, 0x00,
0x00, 0x00, 0x00, 0xFF, 0xFF, 0xFF, 0xFF, 0xFF, 0xFF, 0xFF, 0xFF, 0xFF, 0xFF, 0xFF, 0xFF, 0xFF,
0x00, 0xFF, 0xFF, 0xFF, 0xFF, 0xFF, 0xFF, 0xFF, 0xFF, 0xFF, 0xFF, 0xFF, 0xFF, 0xFF, 0x00, 0xFF,
0xFF, 0xFF, 0xFF, 0xFF, 0xFF, 0xFF, 0xFF, 0xFF, 0xFF, 0xFF, 0xFF, 0xFF, 0x00, 0x00, 0x00, 0x00,
0x00, 0x00, 0x00, 0x00, 0x00, 0x53, 0xF8, 0xFF, 0xFF, 0xDE, 0x00, 0x00, 0x00, 0x00, 0x00, 0x00,
0x00, 0x00, 0x6B, 0xFD, 0xFF, 0xFF, 0xCC, 0x17, 0x00, 0x00, 0x00, 0x00, 0x00, 0x00, 0x00, 0x85,
0xFF, 0xFF, 0xFF, 0xB5, 0x0B, 0x00, 0x00, 0x00, 0x00, 0x00, 0x00, 0x04, 0x9F, 0xFF, 0xFF, 0xFF,
0x9C, 0x04, 0x00, 0x00, 0x00, 0x00, 0x00, 0x00, 0x0B, 0xB5, 0xFF, 0xFF, 0xFF, 0x7F, 0x00, 0x00,
0x00, 0x00, 0x00, 0x00, 0x00, 0x15, 0xC9, 0xFF, 0xFF, 0xFB, 0x62, 0x00, 0x00, 0x00, 0x00, 0x00,
0x00, 0x00, 0x21, 0xDA, 0xFF, 0xFF, 0xF3, 0x48, 0x00, 0x00, 0x00, 0x00, 0x00, 0x00, 0x00, 0x31,
0xE8, 0xFF, 0xFF, 0xE7, 0x32, 0x00, 0x00, 0x00, 0x00, 0x00, 0x00, 0x00, 0x44, 0xF2, 0xFF, 0xFF,
0xDB, 0x20, 0x00, 0x00, 0x00, 0x00, 0x00, 0x00, 0x00, 0x00, 0xFA, 0xFF, 0xFF, 0xDA, 0x1B, 0x00,
0x00, 0x00, 0x00, 0x00, 0x00, 0x00, 0x00, 0x00, 0xFF, 0xFF, 0xFF, 0xFF, 0xFF, 0xFF, 0xFF, 0xFF,
0xFF, 0xFF, 0xFF, 0xFF, 0xFF, 0xFF, 0xFF, 0xFF, 0xFF, 0xFF, 0xFF, 0xFF, 0xFF, 0xFF, 0xFF, 0xFF,
0xFF, 0xFF, 0xFF, 0xFF, 0xFF, 0xFF, 0xFF, 0xFF, 0xFF, 0xFF, 0xFF, 0xFF, 0xFF, 0xFF, 0xFF, 0xFF,
0xFF, 0xFF, 0x00, 0x00, 0x00, 0x00, 0x30, 0xAD, 0xEA, 0xFB, 0xFF, 0x00, 0x00, 0x00, 0x32, 0xF6,
0xFF, 0xFF, 0xFF, 0xFF, 0x00, 0x00, 0x00, 0xB3, 0xFF, 0xFF, 0xFF, 0xFF, 0xFF, 0x00, 0x00, 0x00,
0xF2, 0xFF, 0xFF, 0x96, 0x18, 0x01, 0x00, 0x00, 0x00, 0xFF, 0xFF, 0xFF, 0x19, 0x00, 0x00, 0x00,
0x00, 0x00, 0xFF, 0xFF, 0xFF, 0x02, 0x00, 0x00, 0x00, 0x00, 0x00, 0xFF, 0xFF, 0xFE, 0x00, 0x00,
0x00, 0x00, 0x00, 0x03, 0xFF, 0xFF, 0xFA, 0x00, 0x00, 0x00, 0x00, 0x00, 0x0D, 0xFF, 0xFF, 0xF2,
0x00, 0x00, 0x00, 0x00, 0x00, 0x28, 0xFF, 0xFF, 0xDF, 0x00, 0x00, 0x00, 0x00, 0x00, 0x79, 0xFF,
0xFF, 0xA5, 0x00, 0x00, 0x00, 0x13, 0x68, 0xF8, 0xFF, 0xFC, 0x37, 0x00, 0x00, 0x00, 0xFF, 0xFF,
0xFF, 0xF2, 0x59, 0x00, 0x00, 0x00, 0x00, 0xFF, 0xFF, 0xDC, 0x22, 0x00, 0x00, 0x00, 0x00, 0x00,
0xFF, 0xFF, 0xFF, 0xEB, 0x45, 0x00, 0x00, 0x00, 0x00, 0x16, 0x73, 0xFC, 0xFF, 0xF5, 0x23, 0x00,
0x00, 0x00, 0x00, 0x00, 0x8B, 0xFF, 0xFF, 0x90, 0x00, 0x00, 0x00, 0x00, 0x00, 0x32, 0xFF, 0xFF,
0xCE, 0x00, 0x00, 0x00, 0x00, 0x00, 0x13, 0xFF, 0xFF, 0xEE, 0x00, 0x00, 0x00, 0x00, 0x00, 0x06,
0xFF, 0xFF, 0xFB, 0x00, 0x00, 0x00, 0x00, 0x00, 0x01, 0xFF, 0xFF, 0xFF, 0x00, 0x00, 0x00, 0x00,
0x00, 0x00, 0xFF, 0xFF, 0xFF, 0x00, 0x00, 0x00, 0x00, 0x00, 0x00, 0xF9, 0xFF, 0xFF, 0x00, 0x00,
0x00, 0x00, 0x00, 0x00, 0xED, 0xFF, 0xFF, 0x12, 0x00, 0x00, 0x00, 0x00, 0x00, 0xD2, 0xFF, 0xFF,
0x95, 0x18, 0x02, 0x00, 0x00, 0x00, 0x8F, 0xFF, 0xFF, 0xFF, 0xFF, 0xFF, 0x00, 0x00, 0x00, 0x19,
0xE7, 0xFF, 0xFF, 0xFF, 0xFF, 0x00, 0x00, 0x00, 0x00, 0x1D, 0x9E, 0xE4, 0xF9, 0xFF, 0xFF, 0xFF,
0xFF, 0xFF, 0xFF, 0xFF, 0xFF, 0xFF, 0xFF, 0xFF, 0xFF, 0xFF, 0xFF, 0xFF, 0xFF, 0xFF, 0xFF, 0xFF,
0xFF, 0xFF, 0xFF, 0xFF, 0xFF, 0xFF, 0xFF, 0xFF, 0xFF, 0xFF, 0xFF, 0xFF, 0xFF, 0xFF, 0xFF, 0xFF,
0xFF, 0xFF, 0xFF, 0xFF, 0xFF, 0xFF, 0xFF, 0xFF, 0xFF, 0xFF, 0xFF, 0xFF, 0xFF, 0xFF, 0xFF, 0xFF,
0xFF, 0xFF, 0xFF, 0xFF, 0xFF, 0xFF, 0xFF, 0xF9, 0xE6, 0xA5, 0x25, 0x00, 0x00, 0x00, 0x00, 0xFF,
0xFF, 0xFF, 0xFF, 0xEF, 0x24, 0x00, 0x00, 0x00, 0xFF, 0xFF, 0xFF, 0xFF, 0xFF, 0xA0, 0x00, 0x00,
0x00, 0x02, 0x17, 0x8B, 0xFF, 0xFF, 0xDB, 0x00, 0x00, 0x00, 0x00, 0x00, 0x0B, 0xFF, 0xFF, 0xF2,
0x00, 0x00, 0x00, 0x00, 0x00, 0x00, 0xFF, 0xFF, 0xFB, 0x00, 0x00, 0x00, 0x00, 0x00, 0x00, 0xFF,
0xFF, 0xFF, 0x00, 0x00, 0x00, 0x00, 0x00, 0x00, 0xFF, 0xFF, 0xFF, 0x02, 0x00, 0x00, 0x00, 0x00,
0x00, 0xF7, 0xFF, 0xFF, 0x0D, 0x00, 0x00, 0x00, 0x00, 0x00, 0xDF, 0xFF, 0xFF, 0x28, 0x00, 0x00,
0x00, 0x00, 0x00, 0xAA, 0xFF, 0xFF, 0x7A, 0x00, 0x00, 0x00, 0x00, 0x00, 0x3E, 0xFD, 0xFF, 0xF9,
0x6A, 0x14, 0x00, 0x00, 0x00, 0x00, 0x5A, 0xF1, 0xFF, 0xFF, 0xFF, 0x00, 0x00, 0x00, 0x00, 0x00,
0x23, 0xDC, 0xFF, 0xFF, 0x00, 0x00, 0x00, 0x00, 0x4D, 0xEF, 0xFF, 0xFF, 0xFF, 0x00, 0x00, 0x00,
0x33, 0xFC, 0xFF, 0xFC, 0x73, 0x15, 0x00, 0x00, 0x00, 0xB1, 0xFF, 0xFF, 0x8A, 0x00, 0x00, 0x00,
0x00, 0x00, 0xF5, 0xFF, 0xFF, 0x31, 0x00, 0x00, 0x00, 0x00, 0x00, 0xFF, 0xFF, 0xFF, 0x11, 0x00,
0x00, 0x00, 0x00, 0x00, 0xFF, 0xFF, 0xFF, 0x04, 0x00, 0x00, 0x00, 0x00, 0x00, 0xFF, 0xFF, 0xFF,
0x00, 0x00, 0x00, 0x00, 0x00, 0x00, 0xFF, 0xFF, 0xFF, 0x00, 0x00, 0x00, 0x00, 0x00, 0x04, 0xFF,
0xFF, 0xFF, 0x00, 0x00, 0x00, 0x00, 0x00, 0x20, 0xFF, 0xFF, 0xFF, 0x00, 0x00, 0x00, 0x01, 0x19,
0x9D, 0xFF, 0xFF, 0xE5, 0x00, 0x00, 0x00, 0xFF, 0xFF, 0xFF, 0xFF, 0xFF, 0xA0, 0x00, 0x00, 0x00,
0xFF, 0xFF, 0xFF, 0xFF, 0xED, 0x21, 0x00, 0x00, 0x00, 0xFF, 0xFC, 0xE8, 0xA5, 0x24, 0x00, 0x00,
0x00, 0x00, 0x00, 0x0E, 0x89, 0xE0, 0xF7, 0xD5, 0x83, 0x16, 0x00, 0x00, 0x00, 0x00, 0x00, 0x00,
0x00, 0x61, 0x12, 0xCF, 0xFF, 0xFF, 0xFF, 0xFF, 0xFF, 0xF4, 0x7C, 0x08, 0x00, 0x00, 0x00, 0x00,
0x47, 0xF7, 0xA9, 0xFF, 0xFF, 0xFF, 0xFF, 0xFF, 0xFF, 0xFF, 0xFF, 0xE1, 0x61, 0x16, 0x1B, 0x82,
0xF9, 0xFF, 0xFF, 0xF7, 0x75, 0x18, 0x0E, 0x54, 0xCB, 0xFF, 0xFF, 0xFF, 0xFF, 0xFF, 0xFF, 0xFF,
0xFF, 0xA0, 0xF9, 0x42, 0x00, 0x00, 0x00, 0x00, 0x01, 0x64, 0xED, 0xFF, 0xFF, 0xFF, 0xFF, 0xFF,
0xC5, 0x0B, 0x62, 0x00, 0x00, 0x00, 0x00, 0x00, 0x00, 0x00, 0x11, 0x84, 0xD9, 0xF9, 0xE0, 0x86,
0x0A, 0x00, 0x00, 0x06, 0x41, 0x65, 0x72, 0x69, 0x61, 0x6C, 0x00, 0x0C, 0x44, 0x69, 0x61, 0x6C,
0x6F, 0x67, 0x2E, 0x70, 0x6C, 0x61, 0x69, 0x6E, 0x01, 
};
