#include <pgmspace.h>

const uint8_t Noto_Sans_Bold26[] PROGMEM = {
0x00, 0x00, 0x00, 0x5E, 0x00, 0x00, 0x00, 0x0B, 0x00, 0x00, 0x00, 0x1A, 0x00, 0x00, 0x00, 0x00,
0x00, 0x00, 0x00, 0x13, 0x00, 0x00, 0x00, 0x05, 0x00, 0x00, 0x00, 0x21, 0x00, 0x00, 0x00, 0x13,
0x00, 0x00, 0x00, 0x02, 0x00, 0x00, 0x00, 0x08, 0x00, 0x00, 0x00, 0x13, 0x00, 0x00, 0x00, 0x03,
0x00, 0x00, 0x00, 0x00, 0x00, 0x00, 0x00, 0x22, 0x00, 0x00, 0x00, 0x07, 0x00, 0x00, 0x00, 0x07,
0x00, 0x00, 0x00, 0x09, 0x00, 0x00, 0x00, 0x13, 0x00, 0x00, 0x00, 0x01, 0x00, 0x00, 0x00, 0x00,
0x00, 0x00, 0x00, 0x23, 0x00, 0x00, 0x00, 0x13, 0x00, 0x00, 0x00, 0x0E, 0x00, 0x00, 0x00, 0x0E,
0x00, 0x00, 0x00, 0x13, 0x00, 0x00, 0x00, 0x00, 0x00, 0x00, 0x00, 0x00, 0x00, 0x00, 0x00, 0x24,
0x00, 0x00, 0x00, 0x16, 0x00, 0x00, 0x00, 0x0C, 0x00, 0x00, 0x00, 0x0E, 0x00, 0x00, 0x00, 0x14,
0x00, 0x00, 0x00, 0x01, 0x00, 0x00, 0x00, 0x00, 0x00, 0x00, 0x00, 0x25, 0x00, 0x00, 0x00, 0x13,
0x00, 0x00, 0x00, 0x14, 0x00, 0x00, 0x00, 0x17, 0x00, 0x00, 0x00, 0x13, 0x00, 0x00, 0x00, 0x01,
0x00, 0x00, 0x00, 0x00, 0x00, 0x00, 0x00, 0x26, 0x00, 0x00, 0x00, 0x13, 0x00, 0x00, 0x00, 0x0F,
0x00, 0x00, 0x00, 0x11, 0x00, 0x00, 0x00, 0x13, 0x00, 0x00, 0x00, 0x01, 0x00, 0x00, 0x00, 0x00,
0x00, 0x00, 0x00, 0x27, 0x00, 0x00, 0x00, 0x07, 0x00, 0x00, 0x00, 0x02, 0x00, 0x00, 0x00, 0x05,
0x00, 0x00, 0x00, 0x13, 0x00, 0x00, 0x00, 0x01, 0x00, 0x00, 0x00, 0x00, 0x00, 0x00, 0x00, 0x28,
0x00, 0x00, 0x00, 0x18, 0x00, 0x00, 0x00, 0x06, 0x00, 0x00, 0x00, 0x09, 0x00, 0x00, 0x00, 0x13,
0x00, 0x00, 0x00, 0x02, 0x00, 0x00, 0x00, 0x00, 0x00, 0x00, 0x00, 0x29, 0x00, 0x00, 0x00, 0x18,
0x00, 0x00, 0x00, 0x06, 0x00, 0x00, 0x00, 0x09, 0x00, 0x00, 0x00, 0x13, 0x00, 0x00, 0x00, 0x01,
0x00, 0x00, 0x00, 0x00, 0x00, 0x00, 0x00, 0x2A, 0x00, 0x00, 0x00, 0x08, 0x00, 0x00, 0x00, 0x08,
0x00, 0x00, 0x00, 0x0A, 0x00, 0x00, 0x00, 0x13, 0x00, 0x00, 0x00, 0x01, 0x00, 0x00, 0x00, 0x00,
0x00, 0x00, 0x00, 0x2B, 0x00, 0x00, 0x00, 0x0C, 0x00, 0x00, 0x00, 0x0C, 0x00, 0x00, 0x00, 0x0F,
0x00, 0x00, 0x00, 0x0F, 0x00, 0x00, 0x00, 0x01, 0x00, 0x00, 0x00, 0x00, 0x00, 0x00, 0x00, 0x2C,
0x00, 0x00, 0x00, 0x06, 0x00, 0x00, 0x00, 0x02, 0x00, 0x00, 0x00, 0x07, 0x00, 0x00, 0x00, 0x02,
0x00, 0x00, 0x00, 0x02, 0x00, 0x00, 0x00, 0x00, 0x00, 0x00, 0x00, 0x2D, 0x00, 0x00, 0x00, 0x02,
0x00, 0x00, 0x00, 0x07, 0x00, 0x00, 0x00, 0x09, 0x00, 0x00, 0x00, 0x08, 0x00, 0x00, 0x00, 0x01,
0x00, 0x00, 0x00, 0x00, 0x00, 0x00, 0x00, 0x2E, 0x00, 0x00, 0x00, 0x02, 0x00, 0x00, 0x00, 0x02,
0x00, 0x00, 0x00, 0x07, 0x00, 0x00, 0x00, 0x02, 0x00, 0x00, 0x00, 0x02, 0x00, 0x00, 0x00, 0x00,
0x00, 0x00, 0x00, 0x2F, 0x00, 0x00, 0x00, 0x13, 0x00, 0x00, 0x00, 0x07, 0x00, 0x00, 0x00, 0x07,
0x00, 0x00, 0x00, 0x13, 0x00, 0x00, 0x00, 0x00, 0x00, 0x00, 0x00, 0x00, 0x00, 0x00, 0x00, 0x30,
0x00, 0x00, 0x00, 0x13, 0x00, 0x00, 0x00, 0x0C, 0x00, 0x00, 0x00, 0x0E, 0x00, 0x00, 0x00, 0x13,
0x00, 0x00, 0x00, 0x01, 0x00, 0x00, 0x00, 0x00, 0x00, 0x00, 0x00, 0x31, 0x00, 0x00, 0x00, 0x13,
0x00, 0x00, 0x00, 0x06, 0x00, 0x00, 0x00, 0x0E, 0x00, 0x00, 0x00, 0x13, 0x00, 0x00, 0x00, 0x03,
0x00, 0x00, 0x00, 0x00, 0x00, 0x00, 0x00, 0x32, 0x00, 0x00, 0x00, 0x13, 0x00, 0x00, 0x00, 0x0C,
0x00, 0x00, 0x00, 0x0E, 0x00, 0x00, 0x00, 0x13, 0x00, 0x00, 0x00, 0x01, 0x00, 0x00, 0x00, 0x00,
0x00, 0x00, 0x00, 0x33, 0x00, 0x00, 0x00, 0x13, 0x00, 0x00, 0x00, 0x0C, 0x00, 0x00, 0x00, 0x0E,
0x00, 0x00, 0x00, 0x13, 0x00, 0x00, 0x00, 0x01, 0x00, 0x00, 0x00, 0x00, 0x00, 0x00, 0x00, 0x34,
0x00, 0x00, 0x00, 0x13, 0x00, 0x00, 0x00, 0x0C, 0x00, 0x00, 0x00, 0x0E, 0x00, 0x00, 0x00, 0x13,
0x00, 0x00, 0x00, 0x01, 0x00, 0x00, 0x00, 0x00, 0x00, 0x00, 0x00, 0x35, 0x00, 0x00, 0x00, 0x13,
0x00, 0x00, 0x00, 0x0C, 0x00, 0x00, 0x00, 0x0E, 0x00, 0x00, 0x00, 0x13, 0x00, 0x00, 0x00, 0x01,
0x00, 0x00, 0x00, 0x00, 0x00, 0x00, 0x00, 0x36, 0x00, 0x00, 0x00, 0x13, 0x00, 0x00, 0x00, 0x0C,
0x00, 0x00, 0x00, 0x0E, 0x00, 0x00, 0x00, 0x13, 0x00, 0x00, 0x00, 0x01, 0x00, 0x00, 0x00, 0x00,
0x00, 0x00, 0x00, 0x37, 0x00, 0x00, 0x00, 0x13, 0x00, 0x00, 0x00, 0x0C, 0x00, 0x00, 0x00, 0x0E,
0x00, 0x00, 0x00, 0x13, 0x00, 0x00, 0x00, 0x01, 0x00, 0x00, 0x00, 0x00, 0x00, 0x00, 0x00, 0x38,
0x00, 0x00, 0x00, 0x13, 0x00, 0x00, 0x00, 0x0C, 0x00, 0x00, 0x00, 0x0E, 0x00, 0x00, 0x00, 0x13,
0x00, 0x00, 0x00, 0x01, 0x00, 0x00, 0x00, 0x00, 0x00, 0x00, 0x00, 0x39, 0x00, 0x00, 0x00, 0x13,
0x00, 0x00, 0x00, 0x0C, 0x00, 0x00, 0x00, 0x0E, 0x00, 0x00, 0x00, 0x13, 0x00, 0x00, 0x00, 0x01,
0x00, 0x00, 0x00, 0x00, 0x00, 0x00, 0x00, 0x3A, 0x00, 0x00, 0x00, 0x0E, 0x00, 0x00, 0x00, 0x02,
0x00, 0x00, 0x00, 0x07, 0x00, 0x00, 0x00, 0x0E, 0x00, 0x00, 0x00, 0x02, 0x00, 0x00, 0x00, 0x00,
0x00, 0x00, 0x00, 0x3B, 0x00, 0x00, 0x00, 0x12, 0x00, 0x00, 0x00, 0x02, 0x00, 0x00, 0x00, 0x07,
0x00, 0x00, 0x00, 0x0E, 0x00, 0x00, 0x00, 0x02, 0x00, 0x00, 0x00, 0x00, 0x00, 0x00, 0x00, 0x3C,
0x00, 0x00, 0x00, 0x0D, 0x00, 0x00, 0x00, 0x0C, 0x00, 0x00, 0x00, 0x0F, 0x00, 0x00, 0x00, 0x10,
0x00, 0x00, 0x00, 0x01, 0x00, 0x00, 0x00, 0x00, 0x00, 0x00, 0x00, 0x3D, 0x00, 0x00, 0x00, 0x08,
0x00, 0x00, 0x00, 0x0C, 0x00, 0x00, 0x00, 0x0F, 0x00, 0x00, 0x00, 0x0D, 0x00, 0x00, 0x00, 0x01,
0x00, 0x00, 0x00, 0x00, 0x00, 0x00, 0x00, 0x3E, 0x00, 0x00, 0x00, 0x0D, 0x00, 0x00, 0x00, 0x0C,
0x00, 0x00, 0x00, 0x0F, 0x00, 0x00, 0x00, 0x10, 0x00, 0x00, 0x00, 0x01, 0x00, 0x00, 0x00, 0x00,
0x00, 0x00, 0x00, 0x3F, 0x00, 0x00, 0x00, 0x13, 0x00, 0x00, 0x00, 0x0C, 0x00, 0x00, 0x00, 0x0E,
0x00, 0x00, 0x00, 0x13, 0x00, 0x00, 0x00, 0x01, 0x00, 0x00, 0x00, 0x00, 0x00, 0x00, 0x00, 0x40,
0x00, 0x00, 0x00, 0x18, 0x00, 0x00, 0x00, 0x18, 0x00, 0x00, 0x00, 0x1A, 0x00, 0x00, 0x00, 0x13,
0x00, 0x00, 0x00, 0x01, 0x00, 0x00, 0x00, 0x00, 0x00, 0x00, 0x00, 0x41, 0x00, 0x00, 0x00, 0x13,
0x00, 0x00, 0x00, 0x13, 0x00, 0x00, 0x00, 0x11, 0x00, 0x00, 0x00, 0x13, 0xFF, 0xFF, 0xFF, 0xFF,
0x00, 0x00, 0x00, 0x00, 0x00, 0x00, 0x00, 0x42, 0x00, 0x00, 0x00, 0x13, 0x00, 0x00, 0x00, 0x0E,
0x00, 0x00, 0x00, 0x11, 0x00, 0x00, 0x00, 0x13, 0x00, 0x00, 0x00, 0x02, 0x00, 0x00, 0x00, 0x00,
0x00, 0x00, 0x00, 0x43, 0x00, 0x00, 0x00, 0x13, 0x00, 0x00, 0x00, 0x11, 0x00, 0x00, 0x00, 0x13,
0x00, 0x00, 0x00, 0x13, 0x00, 0x00, 0x00, 0x01, 0x00, 0x00, 0x00, 0x00, 0x00, 0x00, 0x00, 0x44,
0x00, 0x00, 0x00, 0x13, 0x00, 0x00, 0x00, 0x10, 0x00, 0x00, 0x00, 0x13, 0x00, 0x00, 0x00, 0x13,
0x00, 0x00, 0x00, 0x02, 0x00, 0x00, 0x00, 0x00, 0x00, 0x00, 0x00, 0x45, 0x00, 0x00, 0x00, 0x13,
0x00, 0x00, 0x00, 0x0E, 0x00, 0x00, 0x00, 0x11, 0x00, 0x00, 0x00, 0x13, 0x00, 0x00, 0x00, 0x02,
0x00, 0x00, 0x00, 0x00, 0x00, 0x00, 0x00, 0x46, 0x00, 0x00, 0x00, 0x13, 0x00, 0x00, 0x00, 0x0D,
0x00, 0x00, 0x00, 0x10, 0x00, 0x00, 0x00, 0x13, 0x00, 0x00, 0x00, 0x02, 0x00, 0x00, 0x00, 0x00,
0x00, 0x00, 0x00, 0x47, 0x00, 0x00, 0x00, 0x13, 0x00, 0x00, 0x00, 0x11, 0x00, 0x00, 0x00, 0x14,
0x00, 0x00, 0x00, 0x13, 0x00, 0x00, 0x00, 0x01, 0x00, 0x00, 0x00, 0x00, 0x00, 0x00, 0x00, 0x48,
0x00, 0x00, 0x00, 0x13, 0x00, 0x00, 0x00, 0x0F, 0x00, 0x00, 0x00, 0x13, 0x00, 0x00, 0x00, 0x13,
0x00, 0x00, 0x00, 0x02, 0x00, 0x00, 0x00, 0x00, 0x00, 0x00, 0x00, 0x49, 0x00, 0x00, 0x00, 0x13,
0x00, 0x00, 0x00, 0x02, 0x00, 0x00, 0x00, 0x06, 0x00, 0x00, 0x00, 0x13, 0x00, 0x00, 0x00, 0x02,
0x00, 0x00, 0x00, 0x00, 0x00, 0x00, 0x00, 0x4A, 0x00, 0x00, 0x00, 0x13, 0x00, 0x00, 0x00, 0x0A,
0x00, 0x00, 0x00, 0x0D, 0x00, 0x00, 0x00, 0x13, 0x00, 0x00, 0x00, 0x01, 0x00, 0x00, 0x00, 0x00,
0x00, 0x00, 0x00, 0x4B, 0x00, 0x00, 0x00, 0x13, 0x00, 0x00, 0x00, 0x0F, 0x00, 0x00, 0x00, 0x11,
0x00, 0x00, 0x00, 0x13, 0x00, 0x00, 0x00, 0x02, 0x00, 0x00, 0x00, 0x00, 0x00, 0x00, 0x00, 0x4C,
0x00, 0x00, 0x00, 0x13, 0x00, 0x00, 0x00, 0x0B, 0x00, 0x00, 0x00, 0x0E, 0x00, 0x00, 0x00, 0x13,
0x00, 0x00, 0x00, 0x02, 0x00, 0x00, 0x00, 0x00, 0x00, 0x00, 0x00, 0x4D, 0x00, 0x00, 0x00, 0x13,
0x00, 0x00, 0x00, 0x11, 0x00, 0x00, 0x00, 0x15, 0x00, 0x00, 0x00, 0x13, 0x00, 0x00, 0x00, 0x02,
0x00, 0x00, 0x00, 0x00, 0x00, 0x00, 0x00, 0x4E, 0x00, 0x00, 0x00, 0x13, 0x00, 0x00, 0x00, 0x0F,
0x00, 0x00, 0x00, 0x13, 0x00, 0x00, 0x00, 0x13, 0x00, 0x00, 0x00, 0x02, 0x00, 0x00, 0x00, 0x00,
0x00, 0x00, 0x00, 0x4F, 0x00, 0x00, 0x00, 0x13, 0x00, 0x00, 0x00, 0x12, 0x00, 0x00, 0x00, 0x14,
0x00, 0x00, 0x00, 0x13, 0x00, 0x00, 0x00, 0x01, 0x00, 0x00, 0x00, 0x00, 0x00, 0x00, 0x00, 0x50,
0x00, 0x00, 0x00, 0x13, 0x00, 0x00, 0x00, 0x0E, 0x00, 0x00, 0x00, 0x11, 0x00, 0x00, 0x00, 0x13,
0x00, 0x00, 0x00, 0x02, 0x00, 0x00, 0x00, 0x00, 0x00, 0x00, 0x00, 0x51, 0x00, 0x00, 0x00, 0x15,
0x00, 0x00, 0x00, 0x12, 0x00, 0x00, 0x00, 0x14, 0x00, 0x00, 0x00, 0x13, 0x00, 0x00, 0x00, 0x01,
0x00, 0x00, 0x00, 0x00, 0x00, 0x00, 0x00, 0x52, 0x00, 0x00, 0x00, 0x13, 0x00, 0x00, 0x00, 0x10,
0x00, 0x00, 0x00, 0x13, 0x00, 0x00, 0x00, 0x13, 0x00, 0x00, 0x00, 0x02, 0x00, 0x00, 0x00, 0x00,
0x00, 0x00, 0x00, 0x53, 0x00, 0x00, 0x00, 0x13, 0x00, 0x00, 0x00, 0x0F, 0x00, 0x00, 0x00, 0x11,
0x00, 0x00, 0x00, 0x13, 0x00, 0x00, 0x00, 0x01, 0x00, 0x00, 0x00, 0x00, 0x00, 0x00, 0x00, 0x54,
0x00, 0x00, 0x00, 0x13, 0x00, 0x00, 0x00, 0x0E, 0x00, 0x00, 0x00, 0x10, 0x00, 0x00, 0x00, 0x13,
0x00, 0x00, 0x00, 0x01, 0x00, 0x00, 0x00, 0x00, 0x00, 0x00, 0x00, 0x55, 0x00, 0x00, 0x00, 0x13,
0x00, 0x00, 0x00, 0x0F, 0x00, 0x00, 0x00, 0x13, 0x00, 0x00, 0x00, 0x13, 0x00, 0x00, 0x00, 0x02,
0x00, 0x00, 0x00, 0x00, 0x00, 0x00, 0x00, 0x56, 0x00, 0x00, 0x00, 0x13, 0x00, 0x00, 0x00, 0x13,
0x00, 0x00, 0x00, 0x11, 0x00, 0x00, 0x00, 0x13, 0xFF, 0xFF, 0xFF, 0xFF, 0x00, 0x00, 0x00, 0x00,
0x00, 0x00, 0x00, 0x57, 0x00, 0x00, 0x00, 0x13, 0x00, 0x00, 0x00, 0x19, 0x00, 0x00, 0x00, 0x1A,
0x00, 0x00, 0x00, 0x13, 0x00, 0x00, 0x00, 0x00, 0x00, 0x00, 0x00, 0x00, 0x00, 0x00, 0x00, 0x58,
0x00, 0x00, 0x00, 0x13, 0x00, 0x00, 0x00, 0x11, 0x00, 0x00, 0x00, 0x11, 0x00, 0x00, 0x00, 0x13,
0x00, 0x00, 0x00, 0x00, 0x00, 0x00, 0x00, 0x00, 0x00, 0x00, 0x00, 0x59, 0x00, 0x00, 0x00, 0x13,
0x00, 0x00, 0x00, 0x10, 0x00, 0x00, 0x00, 0x10, 0x00, 0x00, 0x00, 0x13, 0x00, 0x00, 0x00, 0x00,
0x00, 0x00, 0x00, 0x00, 0x00, 0x00, 0x00, 0x5A, 0x00, 0x00, 0x00, 0x13, 0x00, 0x00, 0x00, 0x0F,
0x00, 0x00, 0x00, 0x10, 0x00, 0x00, 0x00, 0x13, 0x00, 0x00, 0x00, 0x00, 0x00, 0x00, 0x00, 0x00,
0x00, 0x00, 0x00, 0x5B, 0x00, 0x00, 0x00, 0x18, 0x00, 0x00, 0x00, 0x05, 0x00, 0x00, 0x00, 0x07,
0x00, 0x00, 0x00, 0x13, 0x00, 0x00, 0x00, 0x02, 0x00, 0x00, 0x00, 0x00, 0x00, 0x00, 0x00, 0x5C,
0x00, 0x00, 0x00, 0x13, 0x00, 0x00, 0x00, 0x07, 0x00, 0x00, 0x00, 0x07, 0x00, 0x00, 0x00, 0x13,
0x00, 0x00, 0x00, 0x00, 0x00, 0x00, 0x00, 0x00, 0x00, 0x00, 0x00, 0x5D, 0x00, 0x00, 0x00, 0x18,
0x00, 0x00, 0x00, 0x05, 0x00, 0x00, 0x00, 0x07, 0x00, 0x00, 0x00, 0x13, 0x00, 0x00, 0x00, 0x00,
0x00, 0x00, 0x00, 0x00, 0x00, 0x00, 0x00, 0x5E, 0x00, 0x00, 0x00, 0x0A, 0x00, 0x00, 0x00, 0x0A,
0x00, 0x00, 0x00, 0x0C, 0x00, 0x00, 0x00, 0x13, 0x00, 0x00, 0x00, 0x01, 0x00, 0x00, 0x00, 0x00,
0x00, 0x00, 0x00, 0x5F, 0x00, 0x00, 0x00, 0x02, 0x00, 0x00, 0x00, 0x0F, 0x00, 0x00, 0x00, 0x0E,
0xFF, 0xFF, 0xFF, 0xFD, 0xFF, 0xFF, 0xFF, 0xFF, 0x00, 0x00, 0x00, 0x00, 0x00, 0x00, 0x00, 0x60,
0x00, 0x00, 0x00, 0x04, 0x00, 0x00, 0x00, 0x05, 0x00, 0x00, 0x00, 0x09, 0x00, 0x00, 0x00, 0x13,
0x00, 0x00, 0x00, 0x01, 0x00, 0x00, 0x00, 0x00, 0x00, 0x00, 0x00, 0x61, 0x00, 0x00, 0x00, 0x0E,
0x00, 0x00, 0x00, 0x0C, 0x00, 0x00, 0x00, 0x0E, 0x00, 0x00, 0x00, 0x0E, 0x00, 0x00, 0x00, 0x01,
0x00, 0x00, 0x00, 0x00, 0x00, 0x00, 0x00, 0x62, 0x00, 0x00, 0x00, 0x13, 0x00, 0x00, 0x00, 0x0C,
0x00, 0x00, 0x00, 0x0F, 0x00, 0x00, 0x00, 0x13, 0x00, 0x00, 0x00, 0x02, 0x00, 0x00, 0x00, 0x00,
0x00, 0x00, 0x00, 0x63, 0x00, 0x00, 0x00, 0x0F, 0x00, 0x00, 0x00, 0x0B, 0x00, 0x00, 0x00, 0x0D,
0x00, 0x00, 0x00, 0x0F, 0x00, 0x00, 0x00, 0x01, 0x00, 0x00, 0x00, 0x00, 0x00, 0x00, 0x00, 0x64,
0x00, 0x00, 0x00, 0x13, 0x00, 0x00, 0x00, 0x0C, 0x00, 0x00, 0x00, 0x0F, 0x00, 0x00, 0x00, 0x13,
0x00, 0x00, 0x00, 0x01, 0x00, 0x00, 0x00, 0x00, 0x00, 0x00, 0x00, 0x65, 0x00, 0x00, 0x00, 0x0E,
0x00, 0x00, 0x00, 0x0C, 0x00, 0x00, 0x00, 0x0E, 0x00, 0x00, 0x00, 0x0E, 0x00, 0x00, 0x00, 0x01,
0x00, 0x00, 0x00, 0x00, 0x00, 0x00, 0x00, 0x66, 0x00, 0x00, 0x00, 0x13, 0x00, 0x00, 0x00, 0x08,
0x00, 0x00, 0x00, 0x07, 0x00, 0x00, 0x00, 0x13, 0x00, 0x00, 0x00, 0x00, 0x00, 0x00, 0x00, 0x00,
0x00, 0x00, 0x00, 0x67, 0x00, 0x00, 0x00, 0x13, 0x00, 0x00, 0x00, 0x0C, 0x00, 0x00, 0x00, 0x0F,
0x00, 0x00, 0x00, 0x0E, 0x00, 0x00, 0x00, 0x01, 0x00, 0x00, 0x00, 0x00, 0x00, 0x00, 0x00, 0x68,
0x00, 0x00, 0x00, 0x13, 0x00, 0x00, 0x00, 0x0A, 0x00, 0x00, 0x00, 0x0E, 0x00, 0x00, 0x00, 0x13,
0x00, 0x00, 0x00, 0x02, 0x00, 0x00, 0x00, 0x00, 0x00, 0x00, 0x00, 0x69, 0x00, 0x00, 0x00, 0x13,
0x00, 0x00, 0x00, 0x02, 0x00, 0x00, 0x00, 0x06, 0x00, 0x00, 0x00, 0x13, 0x00, 0x00, 0x00, 0x02,
0x00, 0x00, 0x00, 0x00, 0x00, 0x00, 0x00, 0x6A, 0x00, 0x00, 0x00, 0x18, 0x00, 0x00, 0x00, 0x06,
0x00, 0x00, 0x00, 0x06, 0x00, 0x00, 0x00, 0x13, 0xFF, 0xFF, 0xFF, 0xFE, 0x00, 0x00, 0x00, 0x00,
0x00, 0x00, 0x00, 0x6B, 0x00, 0x00, 0x00, 0x13, 0x00, 0x00, 0x00, 0x0B, 0x00, 0x00, 0x00, 0x0D,
0x00, 0x00, 0x00, 0x13, 0x00, 0x00, 0x00, 0x02, 0x00, 0x00, 0x00, 0x00, 0x00, 0x00, 0x00, 0x6C,
0x00, 0x00, 0x00, 0x13, 0x00, 0x00, 0x00, 0x02, 0x00, 0x00, 0x00, 0x06, 0x00, 0x00, 0x00, 0x13,
0x00, 0x00, 0x00, 0x02, 0x00, 0x00, 0x00, 0x00, 0x00, 0x00, 0x00, 0x6D, 0x00, 0x00, 0x00, 0x0E,
0x00, 0x00, 0x00, 0x12, 0x00, 0x00, 0x00, 0x16, 0x00, 0x00, 0x00, 0x0E, 0x00, 0x00, 0x00, 0x02,
0x00, 0x00, 0x00, 0x00, 0x00, 0x00, 0x00, 0x6E, 0x00, 0x00, 0x00, 0x0E, 0x00, 0x00, 0x00, 0x0A,
0x00, 0x00, 0x00, 0x0E, 0x00, 0x00, 0x00, 0x0E, 0x00, 0x00, 0x00, 0x02, 0x00, 0x00, 0x00, 0x00,
0x00, 0x00, 0x00, 0x6F, 0x00, 0x00, 0x00, 0x0E, 0x00, 0x00, 0x00, 0x0C, 0x00, 0x00, 0x00, 0x0E,
0x00, 0x00, 0x00, 0x0E, 0x00, 0x00, 0x00, 0x01, 0x00, 0x00, 0x00, 0x00, 0x00, 0x00, 0x00, 0x70,
0x00, 0x00, 0x00, 0x13, 0x00, 0x00, 0x00, 0x0C, 0x00, 0x00, 0x00, 0x0F, 0x00, 0x00, 0x00, 0x0E,
0x00, 0x00, 0x00, 0x02, 0x00, 0x00, 0x00, 0x00, 0x00, 0x00, 0x00, 0x71, 0x00, 0x00, 0x00, 0x13,
0x00, 0x00, 0x00, 0x0C, 0x00, 0x00, 0x00, 0x0F, 0x00, 0x00, 0x00, 0x0E, 0x00, 0x00, 0x00, 0x01,
0x00, 0x00, 0x00, 0x00, 0x00, 0x00, 0x00, 0x72, 0x00, 0x00, 0x00, 0x0E, 0x00, 0x00, 0x00, 0x07,
0x00, 0x00, 0x00, 0x09, 0x00, 0x00, 0x00, 0x0E, 0x00, 0x00, 0x00, 0x02, 0x00, 0x00, 0x00, 0x00,
0x00, 0x00, 0x00, 0x73, 0x00, 0x00, 0x00, 0x0E, 0x00, 0x00, 0x00, 0x0B, 0x00, 0x00, 0x00, 0x0D,
0x00, 0x00, 0x00, 0x0E, 0x00, 0x00, 0x00, 0x01, 0x00, 0x00, 0x00, 0x00, 0x00, 0x00, 0x00, 0x74,
0x00, 0x00, 0x00, 0x13, 0x00, 0x00, 0x00, 0x07, 0x00, 0x00, 0x00, 0x07, 0x00, 0x00, 0x00, 0x13,
0x00, 0x00, 0x00, 0x00, 0x00, 0x00, 0x00, 0x00, 0x00, 0x00, 0x00, 0x75, 0x00, 0x00, 0x00, 0x0E,
0x00, 0x00, 0x00, 0x0A, 0x00, 0x00, 0x00, 0x0E, 0x00, 0x00, 0x00, 0x0E, 0x00, 0x00, 0x00, 0x02,
0x00, 0x00, 0x00, 0x00, 0x00, 0x00, 0x00, 0x76, 0x00, 0x00, 0x00, 0x0E, 0x00, 0x00, 0x00, 0x0F,
0x00, 0x00, 0x00, 0x0D, 0x00, 0x00, 0x00, 0x0E, 0xFF, 0xFF, 0xFF, 0xFF, 0x00, 0x00, 0x00, 0x00,
0x00, 0x00, 0x00, 0x77, 0x00, 0x00, 0x00, 0x0E, 0x00, 0x00, 0x00, 0x15, 0x00, 0x00, 0x00, 0x13,
0x00, 0x00, 0x00, 0x0E, 0xFF, 0xFF, 0xFF, 0xFF, 0x00, 0x00, 0x00, 0x00, 0x00, 0x00, 0x00, 0x78,
0x00, 0x00, 0x00, 0x0E, 0x00, 0x00, 0x00, 0x0D, 0x00, 0x00, 0x00, 0x0C, 0x00, 0x00, 0x00, 0x0E,
0x00, 0x00, 0x00, 0x00, 0x00, 0x00, 0x00, 0x00, 0x00, 0x00, 0x00, 0x79, 0x00, 0x00, 0x00, 0x13,
0x00, 0x00, 0x00, 0x0C, 0x00, 0x00, 0x00, 0x0C, 0x00, 0x00, 0x00, 0x0E, 0x00, 0x00, 0x00, 0x01,
0x00, 0x00, 0x00, 0x00, 0x00, 0x00, 0x00, 0x7A, 0x00, 0x00, 0x00, 0x0E, 0x00, 0x00, 0x00, 0x0D,
0x00, 0x00, 0x00, 0x0D, 0x00, 0x00, 0x00, 0x0E, 0x00, 0x00, 0x00, 0x00, 0x00, 0x00, 0x00, 0x00,
0x00, 0x00, 0x00, 0x7B, 0x00, 0x00, 0x00, 0x18, 0x00, 0x00, 0x00, 0x08, 0x00, 0x00, 0x00, 0x09,
0x00, 0x00, 0x00, 0x13, 0x00, 0x00, 0x00, 0x01, 0x00, 0x00, 0x00, 0x00, 0x00, 0x00, 0x00, 0x7C,
0x00, 0x00, 0x00, 0x18, 0x00, 0x00, 0x00, 0x02, 0x00, 0x00, 0x00, 0x06, 0x00, 0x00, 0x00, 0x13,
0x00, 0x00, 0x00, 0x02, 0x00, 0x00, 0x00, 0x00, 0x00, 0x00, 0x00, 0x7D, 0x00, 0x00, 0x00, 0x18,
0x00, 0x00, 0x00, 0x08, 0x00, 0x00, 0x00, 0x09, 0x00, 0x00, 0x00, 0x13, 0x00, 0x00, 0x00, 0x00,
0x00, 0x00, 0x00, 0x00, 0x00, 0x00, 0x00, 0x7E, 0x00, 0x00, 0x00, 0x04, 0x00, 0x00, 0x00, 0x0D,
0x00, 0x00, 0x00, 0x0F, 0x00, 0x00, 0x00, 0x0B, 0x00, 0x00, 0x00, 0x01, 0x00, 0x00, 0x00, 0x00,
0xFF, 0xFF, 0xFF, 0xFF, 0xFF, 0xFF, 0xFF, 0xFF, 0xFF, 0xFF, 0xFF, 0xFF, 0xFF, 0xFF, 0xFF, 0xFF,
0xFF, 0xFF, 0xFF, 0xFF, 0xFF, 0xFF, 0xFF, 0xFF, 0xFF, 0xFF, 0xFF, 0xFF, 0xFF, 0xFF, 0x00, 0x00,
0x00, 0x00, 0xFF, 0xFF, 0xFF, 0xFF, 0xFF, 0xFF, 0x00, 0x00, 0x00, 0xFF, 0xFF, 0xFF, 0xFF, 0x00,
0x00, 0x00, 0xFF, 0xFF, 0xFF, 0xFF, 0x00, 0x00, 0x00, 0xFF, 0xFF, 0xF6, 0xF7, 0x00, 0x00, 0x00,
0xF6, 0xF6, 0xD6, 0xDA, 0x00, 0x00, 0x00, 0xD6, 0xD7, 0xB5, 0xBC, 0x00, 0x00, 0x00, 0xB5, 0xB7,
0x94, 0x9E, 0x00, 0x00, 0x00, 0x94, 0x97, 0x00, 0x00, 0x00, 0x00, 0x1A, 0xFF, 0xEF, 0x01, 0x00,
0x00, 0x27, 0xFF, 0xE4, 0x00, 0x00, 0x00, 0x00, 0x00, 0x51, 0xFF, 0xBB, 0x00, 0x00, 0x00, 0x5D,
0xFF, 0xAF, 0x00, 0x00, 0x00, 0x00, 0x00, 0x86, 0xFF, 0x85, 0x00, 0x00, 0x00, 0x92, 0xFF, 0x79,
0x00, 0x00, 0x00, 0x00, 0x00, 0xBC, 0xFF, 0x50, 0x00, 0x00, 0x00, 0xC8, 0xFF, 0x44, 0x00, 0x00,
0x00, 0x00, 0x01, 0xF0, 0xFF, 0x1A, 0x00, 0x00, 0x05, 0xF7, 0xFE, 0x0F, 0x00, 0xFF, 0xFF, 0xFF,
0xFF, 0xFF, 0xFF, 0xFF, 0xFF, 0xFF, 0xFF, 0xFF, 0xFF, 0xFF, 0xFF, 0xFF, 0xFF, 0xFF, 0xFF, 0xFF,
0xFF, 0xFF, 0xFF, 0xFF, 0xFF, 0xFF, 0xFF, 0xFF, 0xFF, 0x00, 0x00, 0x00, 0x94, 0xFF, 0x78, 0x00,
0x00, 0x00, 0xA0, 0xFF, 0x6C, 0x00, 0x00, 0x00, 0x00, 0x00, 0xCA, 0xFF, 0x42, 0x00, 0x00, 0x00,
0xD6, 0xFF, 0x36, 0x00, 0x00, 0x00, 0x00, 0x06, 0xF9, 0xFD, 0x0E, 0x00, 0x00, 0x0E, 0xFD, 0xF9,
0x06, 0x00, 0x00, 0x00, 0x00, 0x37, 0xFF, 0xD5, 0x00, 0x00, 0x00, 0x43, 0xFF, 0xC9, 0x00, 0x00,
0x00, 0x00, 0x00, 0x6D, 0xFF, 0x9F, 0x00, 0x00, 0x00, 0x79, 0xFF, 0x93, 0x00, 0x00, 0x00, 0xFF,
0xFF, 0xFF, 0xFF, 0xFF, 0xFF, 0xFF, 0xFF, 0xFF, 0xFF, 0xFF, 0xFF, 0xFF, 0xFF, 0xFF, 0xFF, 0xFF,
0xFF, 0xFF, 0xFF, 0xFF, 0xFF, 0xFF, 0xFF, 0xFF, 0xFF, 0xFF, 0xFF, 0x00, 0x10, 0xFE, 0xF7, 0x05,
0x00, 0x00, 0x1A, 0xFF, 0xEF, 0x01, 0x00, 0x00, 0x00, 0x00, 0x45, 0xFF, 0xC7, 0x00, 0x00, 0x00,
0x51, 0xFF, 0xBB, 0x00, 0x00, 0x00, 0x00, 0x00, 0x7A, 0xFF, 0x91, 0x00, 0x00, 0x00, 0x86, 0xFF,
0x85, 0x00, 0x00, 0x00, 0x00, 0x00, 0xB0, 0xFF, 0x5C, 0x00, 0x00, 0x00, 0xBC, 0xFF, 0x50, 0x00,
0x00, 0x00, 0x00, 0x00, 0xE5, 0xFF, 0x26, 0x00, 0x00, 0x01, 0xF0, 0xFF, 0x1A, 0x00, 0x00, 0x00,
0x00, 0x00, 0x00, 0x00, 0x00, 0x00, 0x00, 0xFF, 0x00, 0x00, 0x00, 0x00, 0x00, 0x00, 0x00, 0x1F,
0x84, 0xC7, 0xEF, 0xFF, 0xE1, 0xA3, 0x2A, 0x00, 0x00, 0x00, 0x5B, 0xF7, 0xFF, 0xFF, 0xFF, 0xFF,
0xFF, 0xFF, 0xFA, 0x61, 0x00, 0x3E, 0xFD, 0xFF, 0xCC, 0x57, 0x1B, 0xFF, 0x28, 0x9A, 0xFF, 0xFB,
0x2C, 0xBC, 0xFF, 0x9B, 0x01, 0x00, 0x00, 0xFF, 0x00, 0x00, 0x99, 0xFF, 0x9F, 0xF2, 0xFF, 0x16,
0x00, 0x00, 0x00, 0xFF, 0x00, 0x00, 0x27, 0xFF, 0xE5, 0xEF, 0xFF, 0x1C, 0x00, 0x00, 0x00, 0xFF,
0x00, 0x00, 0x00, 0x00, 0x00, 0xB7, 0xFF, 0x9B, 0x00, 0x00, 0x00, 0xFF, 0x00, 0x00, 0x00, 0x00,
0x00, 0x39, 0xFA, 0xFF, 0xC1, 0x53, 0x0D, 0xFF, 0x00, 0x00, 0x00, 0x00, 0x00, 0x00, 0x4B, 0xE7,
0xFF, 0xFF, 0xFC, 0xFF, 0x9C, 0x5E, 0x0B, 0x00, 0x00, 0x00, 0x00, 0x09, 0x62, 0xBD, 0xF8, 0xFF,
0xFF, 0xFF, 0xE6, 0x40, 0x00, 0x00, 0x00, 0x00, 0x00, 0x00, 0x09, 0xFF, 0x79, 0xD5, 0xFF, 0xF4,
0x26, 0x00, 0x00, 0x00, 0x00, 0x00, 0x00, 0xFF, 0x00, 0x03, 0xAA, 0xFF, 0x9F, 0x00, 0x00, 0x00,
0x00, 0x00, 0x00, 0xFF, 0x00, 0x00, 0x27, 0xFF, 0xE5, 0xE9, 0xFF, 0x24, 0x00, 0x00, 0x00, 0xFF,
0x00, 0x00, 0x0A, 0xFF, 0xFA, 0xB9, 0xFF, 0x76, 0x00, 0x00, 0x00, 0xFF, 0x00, 0x00, 0x2F, 0xFF,
0xE6, 0x5B, 0xFF, 0xF1, 0x24, 0x00, 0x00, 0xFF, 0x00, 0x00, 0xA7, 0xFF, 0xA8, 0x04, 0xC9, 0xFF,
0xEB, 0x6A, 0x16, 0xFF, 0x27, 0xA1, 0xFF, 0xFC, 0x34, 0x00, 0x1A, 0xCD, 0xFF, 0xFF, 0xFF, 0xFF,
0xFF, 0xFF, 0xFE, 0x6C, 0x00, 0x00, 0x00, 0x06, 0x5E, 0xB3, 0xE7, 0xFF, 0xEE, 0xB4, 0x3E, 0x00,
0x00, 0x00, 0x00, 0x00, 0x00, 0x00, 0x00, 0xFF, 0x00, 0x00, 0x00, 0x00, 0x00, 0x00, 0x00, 0x00,
0x00, 0x00, 0x00, 0xFF, 0x00, 0x00, 0x00, 0x00, 0x00, 0x00, 0x2A, 0xB8, 0xF4, 0xF0, 0xA9, 0x1E,
0x00, 0x00, 0x00, 0x00, 0x00, 0x00, 0x25, 0xFB, 0xF2, 0x14, 0x00, 0x00, 0x00, 0x14, 0xEB, 0xFF,
0xFF, 0xFF, 0xFF, 0xE5, 0x16, 0x00, 0x00, 0x00, 0x00, 0x00, 0xA9, 0xFF, 0x7E, 0x00, 0x00, 0x00,
0x00, 0x83, 0xFF, 0xBF, 0x1E, 0x1E, 0xC2, 0xFF, 0x8F, 0x00, 0x00, 0x00, 0x00, 0x32, 0xFE, 0xE9,
0x0C, 0x00, 0x00, 0x00, 0x00, 0xD2, 0xFF, 0x30, 0x00, 0x00, 0x35, 0xFF, 0xD9, 0x00, 0x00, 0x00,
0x00, 0xBA, 0xFF, 0x6D, 0x00, 0x00, 0x00, 0x00, 0x00, 0xF3, 0xFF, 0x07, 0x00, 0x00, 0x0B, 0xFF,
0xF7, 0x00, 0x00, 0x00, 0x43, 0xFF, 0xDE, 0x06, 0x00, 0x00, 0x00, 0x00, 0x00, 0xF7, 0xFF, 0x0B,
0x00, 0x00, 0x08, 0xFF, 0xF7, 0x00, 0x00, 0x00, 0xCA, 0xFF, 0x5C, 0x00, 0x00, 0x00, 0x00, 0x00,
0x00, 0xD7, 0xFF, 0x34, 0x00, 0x00, 0x31, 0xFF, 0xD7, 0x00, 0x00, 0x54, 0xFF, 0xD1, 0x02, 0x00,
0x00, 0x00, 0x00, 0x00, 0x00, 0x90, 0xFF, 0xC1, 0x1E, 0x1E, 0xBF, 0xFF, 0x8B, 0x00, 0x04, 0xD8,
0xFF, 0x4A, 0x00, 0x00, 0x00, 0x00, 0x00, 0x00, 0x00, 0x19, 0xE9, 0xFF, 0xFF, 0xFF, 0xFF, 0xE1,
0x13, 0x00, 0x66, 0xFF, 0xC2, 0x00, 0x00, 0x00, 0x00, 0x00, 0x00, 0x00, 0x00, 0x00, 0x24, 0xB1,
0xF4, 0xF1, 0xA8, 0x1C, 0x00, 0x09, 0xE4, 0xFF, 0x3A, 0x00, 0x2A, 0xB8, 0xF4, 0xF0, 0xA9, 0x1E,
0x00, 0x00, 0x00, 0x00, 0x00, 0x00, 0x00, 0x00, 0x00, 0x77, 0xFF, 0xB1, 0x00, 0x14, 0xEB, 0xFF,
0xFF, 0xFF, 0xFF, 0xE5, 0x16, 0x00, 0x00, 0x00, 0x00, 0x00, 0x00, 0x00, 0x10, 0xEE, 0xFD, 0x2B,
0x00, 0x84, 0xFF, 0xBF, 0x1E, 0x1E, 0xC2, 0xFF, 0x8F, 0x00, 0x00, 0x00, 0x00, 0x00, 0x00, 0x00,
0x88, 0xFF, 0x9F, 0x00, 0x00, 0xD2, 0xFF, 0x30, 0x00, 0x00, 0x35, 0xFF, 0xD9, 0x00, 0x00, 0x00,
0x00, 0x00, 0x00, 0x1A, 0xF6, 0xF8, 0x1E, 0x00, 0x00, 0xF3, 0xFF, 0x07, 0x00, 0x00, 0x0B, 0xFF,
0xF7, 0x00, 0x00, 0x00, 0x00, 0x00, 0x00, 0x99, 0xFF, 0x8E, 0x00, 0x00, 0x00, 0xF7, 0xFF, 0x0B,
0x00, 0x00, 0x08, 0xFF, 0xF7, 0x00, 0x00, 0x00, 0x00, 0x00, 0x26, 0xFB, 0xF1, 0x14, 0x00, 0x00,
0x00, 0xD7, 0xFF, 0x33, 0x00, 0x00, 0x31, 0xFF, 0xD7, 0x00, 0x00, 0x00, 0x00, 0x00, 0xAB, 0xFF,
0x7D, 0x00, 0x00, 0x00, 0x00, 0x90, 0xFF, 0xBF, 0x1D, 0x1E, 0xC0, 0xFF, 0x8B, 0x00, 0x00, 0x00,
0x00, 0x34, 0xFE, 0xE8, 0x0C, 0x00, 0x00, 0x00, 0x00, 0x19, 0xE9, 0xFF, 0xFF, 0xFF, 0xFF, 0xE1,
0x13, 0x00, 0x00, 0x00, 0x00, 0xBC, 0xFF, 0x6C, 0x00, 0x00, 0x00, 0x00, 0x00, 0x00, 0x24, 0xB1,
0xF4, 0xF1, 0xA8, 0x1C, 0x00, 0x00, 0x00, 0x00, 0x0D, 0x88, 0xDC, 0xFA, 0xE8, 0x9C, 0x19, 0x00,
0x00, 0x00, 0x00, 0x00, 0x00, 0x00, 0x11, 0xD3, 0xFF, 0xFF, 0xFF, 0xFF, 0xFF, 0xE2, 0x19, 0x00,
0x00, 0x00, 0x00, 0x00, 0x00, 0x97, 0xFF, 0xD3, 0x3A, 0x0A, 0x38, 0xD4, 0xFF, 0x9F, 0x00, 0x00,
0x00, 0x00, 0x00, 0x00, 0xEA, 0xFF, 0x2E, 0x00, 0x00, 0x00, 0x32, 0xFF, 0xEB, 0x00, 0x00, 0x00,
0x00, 0x00, 0x00, 0xF3, 0xFF, 0x15, 0x00, 0x00, 0x00, 0x0C, 0xFF, 0xF1, 0x00, 0x00, 0x00, 0x00,
0x00, 0x00, 0xB0, 0xFF, 0x7E, 0x00, 0x00, 0x00, 0x53, 0xFF, 0xBE, 0x00, 0x00, 0x00, 0x00, 0x00,
0x00, 0x29, 0xF4, 0xFB, 0x48, 0x00, 0x45, 0xED, 0xFE, 0x40, 0x00, 0x00, 0x00, 0x00, 0x00, 0x00,
0x00, 0x49, 0xF9, 0xF5, 0xAF, 0xFF, 0xFE, 0x66, 0x00, 0x00, 0x00, 0x00, 0x00, 0x00, 0x00, 0x00,
0x2A, 0xCD, 0xFF, 0xFF, 0xDC, 0x40, 0x00, 0x00, 0x00, 0x00, 0x00, 0x00, 0x00, 0x03, 0x85, 0xFB,
0xFF, 0xF1, 0xFF, 0xC4, 0x05, 0x00, 0x00, 0x00, 0x00, 0x00, 0x00, 0x01, 0xA8, 0xFF, 0xF5, 0x76,
0x09, 0xAE, 0xFF, 0x98, 0x00, 0x00, 0x08, 0x46, 0x0A, 0x00, 0x66, 0xFF, 0xE6, 0x2A, 0x00, 0x00,
0x0D, 0xD5, 0xFF, 0x67, 0x00, 0x58, 0xFF, 0xD7, 0x00, 0xD1, 0xFF, 0x51, 0x00, 0x00, 0x00, 0x00,
0x25, 0xF0, 0xF9, 0x3E, 0xD1, 0xFF, 0x7D, 0x00, 0xF9, 0xFF, 0x0D, 0x00, 0x00, 0x00, 0x00, 0x00,
0x4A, 0xFD, 0xF9, 0xFF, 0xEA, 0x10, 0x00, 0xEA, 0xFF, 0x39, 0x00, 0x00, 0x00, 0x00, 0x00, 0x00,
0x7B, 0xFF, 0xFF, 0x5E, 0x00, 0x00, 0xA1, 0xFF, 0xC1, 0x02, 0x00, 0x00, 0x00, 0x00, 0x04, 0x97,
0xFF, 0xFF, 0xDA, 0x16, 0x00, 0x23, 0xF3, 0xFF, 0xB2, 0x31, 0x06, 0x18, 0x5C, 0xD2, 0xFF, 0xFF,
0xF8, 0xFF, 0xD8, 0x28, 0x00, 0x42, 0xF1, 0xFF, 0xFF, 0xFF, 0xFF, 0xFF, 0xFF, 0xFA, 0x7B, 0x3C,
0xFD, 0xFF, 0xA7, 0x00, 0x00, 0x1A, 0x8E, 0xD8, 0xF6, 0xF3, 0xD4, 0x8D, 0x21, 0x00, 0x00, 0x73,
0x93, 0x03, 0xFF, 0xFF, 0xFF, 0xFF, 0xFF, 0xFF, 0xF8, 0xF7, 0xDA, 0xD8, 0xBB, 0xB8, 0x9C, 0x98,
0x00, 0x00, 0x00, 0x50, 0xFF, 0xB0, 0x00, 0x00, 0x0B, 0xE4, 0xF5, 0x1E, 0x00, 0x00, 0x7F, 0xFF,
0x7F, 0x00, 0x00, 0x0E, 0xF1, 0xEB, 0x0B, 0x00, 0x00, 0x73, 0xFF, 0x87, 0x00, 0x00, 0x00, 0xD6,
0xFF, 0x23, 0x00, 0x00, 0x2B, 0xFF, 0xD2, 0x00, 0x00, 0x00, 0x69, 0xFF, 0x8C, 0x00, 0x00, 0x00,
0xA5, 0xFF, 0x5B, 0x00, 0x00, 0x00, 0xD0, 0xFF, 0x2D, 0x00, 0x00, 0x00, 0xE4, 0xFF, 0x17, 0x00,
0x00, 0x00, 0xF7, 0xFF, 0x07, 0x00, 0x00, 0x00, 0xFB, 0xFF, 0x0A, 0x00, 0x00, 0x00, 0xEE, 0xFF,
0x1F, 0x00, 0x00, 0x00, 0xD2, 0xFF, 0x35, 0x00, 0x00, 0x00, 0xAA, 0xFF, 0x5F, 0x00, 0x00, 0x00,
0x72, 0xFF, 0x9F, 0x00, 0x00, 0x00, 0x2B, 0xFF, 0xDF, 0x00, 0x00, 0x00, 0x00, 0xD5, 0xFF, 0x35,
0x00, 0x00, 0x00, 0x69, 0xFF, 0x9F, 0x00, 0x00, 0x00, 0x0A, 0xED, 0xF7, 0x13, 0x00, 0x00, 0x00,
0x81, 0xFF, 0x8A, 0x00, 0x00, 0x00, 0x0A, 0xDF, 0xF9, 0x25, 0x00, 0x00, 0x00, 0x4E, 0xFF, 0xB5,
0xB2, 0xFF, 0x50, 0x00, 0x00, 0x00, 0x20, 0xF7, 0xE4, 0x0B, 0x00, 0x00, 0x00, 0x83, 0xFF, 0x7E,
0x00, 0x00, 0x00, 0x0D, 0xEC, 0xF1, 0x0E, 0x00, 0x00, 0x00, 0x89, 0xFF, 0x73, 0x00, 0x00, 0x00,
0x23, 0xFF, 0xD5, 0x00, 0x00, 0x00, 0x00, 0xD4, 0xFF, 0x2A, 0x00, 0x00, 0x00, 0x8E, 0xFF, 0x68,
0x00, 0x00, 0x00, 0x5D, 0xFF, 0xA4, 0x00, 0x00, 0x00, 0x2E, 0xFF, 0xCF, 0x00, 0x00, 0x00, 0x18,
0xFF, 0xE3, 0x00, 0x00, 0x00, 0x08, 0xFF, 0xF6, 0x00, 0x00, 0x00, 0x0A, 0xFF, 0xF9, 0x00, 0x00,
0x00, 0x20, 0xFF, 0xED, 0x00, 0x00, 0x00, 0x35, 0xFF, 0xD0, 0x00, 0x00, 0x00, 0x61, 0xFF, 0xA8,
0x00, 0x00, 0x00, 0xA1, 0xFF, 0x6F, 0x00, 0x00, 0x00, 0xE0, 0xFF, 0x27, 0x00, 0x00, 0x35, 0xFF,
0xD1, 0x00, 0x00, 0x00, 0xA0, 0xFF, 0x65, 0x00, 0x00, 0x13, 0xF7, 0xEC, 0x09, 0x00, 0x00, 0x8B,
0xFF, 0x7F, 0x00, 0x00, 0x26, 0xF9, 0xDF, 0x09, 0x00, 0x00, 0xB5, 0xFF, 0x4D, 0x00, 0x00, 0x00,
0x00, 0x00, 0x00, 0xF9, 0xF6, 0x00, 0x00, 0x00, 0x00, 0x00, 0x00, 0xE7, 0xE4, 0x00, 0x00, 0x00,
0x82, 0x81, 0x15, 0xCF, 0xC8, 0x17, 0x86, 0x82, 0xDD, 0xFF, 0xF2, 0xEB, 0xEA, 0xF4, 0xFF, 0xDC,
0x1E, 0x5B, 0xB2, 0xFF, 0xFF, 0xB4, 0x6C, 0x25, 0x00, 0x0E, 0xD6, 0xDE, 0xE5, 0xD7, 0x11, 0x00,
0x01, 0xB3, 0xFF, 0x49, 0x4D, 0xFF, 0xB9, 0x02, 0x00, 0x68, 0x9A, 0x00, 0x00, 0x98, 0x6C, 0x00,
0x00, 0x00, 0x00, 0x00, 0x00, 0xFF, 0xFF, 0x00, 0x00, 0x00, 0x00, 0x00, 0x00, 0x00, 0x00, 0x00,
0x00, 0xFF, 0xFF, 0x00, 0x00, 0x00, 0x00, 0x00, 0x00, 0x00, 0x00, 0x00, 0x00, 0xFF, 0xFF, 0x00,
0x00, 0x00, 0x00, 0x00, 0x00, 0x00, 0x00, 0x00, 0x00, 0xFF, 0xFF, 0x00, 0x00, 0x00, 0x00, 0x00,
0x00, 0x00, 0x00, 0x00, 0x00, 0xFF, 0xFF, 0x00, 0x00, 0x00, 0x00, 0x00, 0xFF, 0xFF, 0xFF, 0xFF,
0xFF, 0xFF, 0xFF, 0xFF, 0xFF, 0xFF, 0xFF, 0xFF, 0xFF, 0xFF, 0xFF, 0xFF, 0xFF, 0xFF, 0xFF, 0xFF,
0xFF, 0xFF, 0xFF, 0xFF, 0x00, 0x00, 0x00, 0x00, 0x00, 0xFF, 0xFF, 0x00, 0x00, 0x00, 0x00, 0x00,
0x00, 0x00, 0x00, 0x00, 0x00, 0xFF, 0xFF, 0x00, 0x00, 0x00, 0x00, 0x00, 0x00, 0x00, 0x00, 0x00,
0x00, 0xFF, 0xFF, 0x00, 0x00, 0x00, 0x00, 0x00, 0x00, 0x00, 0x00, 0x00, 0x00, 0xFF, 0xFF, 0x00,
0x00, 0x00, 0x00, 0x00, 0x00, 0x00, 0x00, 0x00, 0x00, 0xFF, 0xFF, 0x00, 0x00, 0x00, 0x00, 0x00,
0xFF, 0xFF, 0xFF, 0xFF, 0x09, 0xF9, 0x2A, 0xE9, 0x95, 0xBA, 0x80, 0x53, 0xFF, 0xFF, 0xFF, 0xFF,
0xFF, 0xFF, 0xFF, 0xFF, 0xFF, 0xFF, 0xFF, 0xFF, 0xFF, 0xFF, 0xFF, 0xFF, 0xFF, 0xFF, 0x00, 0x00,
0x00, 0x00, 0x21, 0xFF, 0xE2, 0x00, 0x00, 0x00, 0x00, 0x65, 0xFF, 0x9E, 0x00, 0x00, 0x00, 0x00,
0xA9, 0xFF, 0x5B, 0x00, 0x00, 0x00, 0x01, 0xEA, 0xFF, 0x18, 0x00, 0x00, 0x00, 0x2F, 0xFF, 0xD4,
0x00, 0x00, 0x00, 0x00, 0x73, 0xFF, 0x91, 0x00, 0x00, 0x00, 0x00, 0xB6, 0xFF, 0x4D, 0x00, 0x00,
0x00, 0x05, 0xF3, 0xFC, 0x0E, 0x00, 0x00, 0x00, 0x3D, 0xFF, 0xC7, 0x00, 0x00, 0x00, 0x00, 0x80,
0xFF, 0x83, 0x00, 0x00, 0x00, 0x00, 0xC4, 0xFF, 0x40, 0x00, 0x00, 0x00, 0x0C, 0xFA, 0xF6, 0x06,
0x00, 0x00, 0x00, 0x4A, 0xFF, 0xB9, 0x00, 0x00, 0x00, 0x00, 0x8E, 0xFF, 0x76, 0x00, 0x00, 0x00,
0x00, 0xD1, 0xFF, 0x32, 0x00, 0x00, 0x00, 0x15, 0xFE, 0xED, 0x02, 0x00, 0x00, 0x00, 0x58, 0xFF,
0xAC, 0x00, 0x00, 0x00, 0x00, 0x9B, 0xFF, 0x68, 0x00, 0x00, 0x00, 0x00, 0xDE, 0xFF, 0x25, 0x00,
0x00, 0x00, 0x00, 0x00, 0x00, 0x17, 0x83, 0xD2, 0xF0, 0xF2, 0xCE, 0x7F, 0x10, 0x00, 0x00, 0x00,
0x23, 0xE8, 0xFF, 0xFF, 0xFF, 0xFF, 0xFF, 0xFF, 0xE8, 0x25, 0x00, 0x00, 0xBC, 0xFF, 0xD8, 0x4F,
0x0C, 0x0E, 0x51, 0xDF, 0xFF, 0xB9, 0x00, 0x2A, 0xFF, 0xE8, 0x0F, 0x00, 0x00, 0x00, 0x00, 0x1E,
0xF3, 0xFE, 0x1C, 0x77, 0xFF, 0x8A, 0x00, 0x00, 0x00, 0x00, 0x00, 0x00, 0x95, 0xFF, 0x67, 0xAE,
0xFF, 0x4D, 0x00, 0x00, 0x00, 0x00, 0x00, 0x00, 0x52, 0xFF, 0xA8, 0xD4, 0xFF, 0x29, 0x00, 0x00,
0x00, 0x00, 0x00, 0x00, 0x2C, 0xFF, 0xD3, 0xEC, 0xFF, 0x10, 0x00, 0x00, 0x00, 0x00, 0x00, 0x00,
0x12, 0xFF, 0xEC, 0xFA, 0xFF, 0x07, 0x00, 0x00, 0x00, 0x00, 0x00, 0x00, 0x09, 0xFF, 0xFA, 0xFE,
0xFF, 0x01, 0x00, 0x00, 0x00, 0x00, 0x00, 0x00, 0x02, 0xFF, 0xFE, 0xF5, 0xFF, 0x07, 0x00, 0x00,
0x00, 0x00, 0x00, 0x00, 0x09, 0xFF, 0xF8, 0xE8, 0xFF, 0x10, 0x00, 0x00, 0x00, 0x00, 0x00, 0x00,
0x11, 0xFF, 0xEB, 0xCE, 0xFF, 0x28, 0x00, 0x00, 0x00, 0x00, 0x00, 0x00, 0x2A, 0xFF, 0xD3, 0xA6,
0xFF, 0x4B, 0x00, 0x00, 0x00, 0x00, 0x00, 0x00, 0x4C, 0xFF, 0xAC, 0x70, 0xFF, 0x8A, 0x00, 0x00,
0x00, 0x00, 0x00, 0x00, 0x8C, 0xFF, 0x75, 0x23, 0xFF, 0xEC, 0x16, 0x00, 0x00, 0x00, 0x00, 0x18,
0xEE, 0xFF, 0x2A, 0x00, 0xBC, 0xFF, 0xDB, 0x50, 0x0C, 0x0D, 0x51, 0xDD, 0xFF, 0xBD, 0x00, 0x00,
0x35, 0xF2, 0xFF, 0xFF, 0xFF, 0xFF, 0xFF, 0xFF, 0xE8, 0x23, 0x00, 0x00, 0x00, 0x20, 0x93, 0xD9,
0xF7, 0xF1, 0xD3, 0x84, 0x18, 0x00, 0x00, 0x00, 0x00, 0x00, 0x00, 0x91, 0xFF, 0x00, 0x00, 0x00,
0x3A, 0xFA, 0xFF, 0x00, 0x00, 0x27, 0xE9, 0xFF, 0xFF, 0x00, 0x3E, 0xED, 0xFF, 0xFF, 0xFF, 0x92,
0xFD, 0xFF, 0xA8, 0xFF, 0xFF, 0xFF, 0xFC, 0x7F, 0x02, 0xFF, 0xFF, 0xBF, 0x31, 0x00, 0x00, 0xFF,
0xFF, 0x00, 0x00, 0x00, 0x00, 0xFF, 0xFF, 0x00, 0x00, 0x00, 0x00, 0xFF, 0xFF, 0x00, 0x00, 0x00,
0x00, 0xFF, 0xFF, 0x00, 0x00, 0x00, 0x00, 0xFF, 0xFF, 0x00, 0x00, 0x00, 0x00, 0xFF, 0xFF, 0x00,
0x00, 0x00, 0x00, 0xFF, 0xFF, 0x00, 0x00, 0x00, 0x00, 0xFF, 0xFF, 0x00, 0x00, 0x00, 0x00, 0xFF,
0xFF, 0x00, 0x00, 0x00, 0x00, 0xFF, 0xFF, 0x00, 0x00, 0x00, 0x00, 0xFF, 0xFF, 0x00, 0x00, 0x00,
0x00, 0xFF, 0xFF, 0x00, 0x00, 0x00, 0x00, 0xFF, 0xFF, 0x00, 0x00, 0x28, 0x96, 0xD7, 0xF5, 0xF7,
0xDD, 0x9B, 0x29, 0x00, 0x00, 0x00, 0x60, 0xF9, 0xFF, 0xFF, 0xFF, 0xFF, 0xFF, 0xFF, 0xF8, 0x5B,
0x00, 0x33, 0xFC, 0xFE, 0xA0, 0x38, 0x12, 0x11, 0x40, 0xC1, 0xFF, 0xFA, 0x32, 0xA8, 0xFF, 0x7A,
0x00, 0x00, 0x00, 0x00, 0x00, 0x01, 0xAB, 0xFF, 0xAB, 0xE9, 0xFF, 0x11, 0x00, 0x00, 0x00, 0x00,
0x00, 0x00, 0x27, 0xFF, 0xEA, 0x00, 0x00, 0x00, 0x00, 0x00, 0x00, 0x00, 0x00, 0x00, 0x06, 0xFF,
0xF8, 0x00, 0x00, 0x00, 0x00, 0x00, 0x00, 0x00, 0x00, 0x00, 0x25, 0xFF, 0xDB, 0x00, 0x00, 0x00,
0x00, 0x00, 0x00, 0x00, 0x00, 0x00, 0x7B, 0xFF, 0x8F, 0x00, 0x00, 0x00, 0x00, 0x00, 0x00, 0x00,
0x00, 0x1C, 0xF0, 0xF5, 0x1C, 0x00, 0x00, 0x00, 0x00, 0x00, 0x00, 0x00, 0x08, 0xC7, 0xFF, 0x62,
0x00, 0x00, 0x00, 0x00, 0x00, 0x00, 0x00, 0x03, 0xAD, 0xFF, 0x91, 0x00, 0x00, 0x00, 0x00, 0x00,
0x00, 0x00, 0x02, 0xA0, 0xFF, 0xA3, 0x01, 0x00, 0x00, 0x00, 0x00, 0x00, 0x00, 0x02, 0xA0, 0xFF,
0xAA, 0x03, 0x00, 0x00, 0x00, 0x00, 0x00, 0x00, 0x12, 0xB7, 0xFF, 0xA3, 0x04, 0x00, 0x00, 0x00,
0x00, 0x00, 0x00, 0x2D, 0xDF, 0xFF, 0x83, 0x00, 0x00, 0x00, 0x00, 0x00, 0x00, 0x00, 0x3E, 0xF2,
0xF7, 0x5A, 0x00, 0x00, 0x00, 0x00, 0x00, 0x00, 0x00, 0x22, 0xF0, 0xF2, 0x3A, 0x00, 0x00, 0x00,
0x00, 0x00, 0x00, 0x00, 0x00, 0xAA, 0xFF, 0xFF, 0xFF, 0xFF, 0xFF, 0xFF, 0xFF, 0xFF, 0xFF, 0xFF,
0xFF, 0xF3, 0xFF, 0xFF, 0xFF, 0xFF, 0xFF, 0xFF, 0xFF, 0xFF, 0xFF, 0xFF, 0xFF, 0x00, 0x00, 0x27,
0x9F, 0xE4, 0xF9, 0xE4, 0xA6, 0x38, 0x00, 0x00, 0x00, 0x00, 0x4C, 0xF6, 0xFF, 0xFF, 0xFF, 0xFF,
0xFF, 0xFD, 0x77, 0x00, 0x00, 0x1D, 0xF4, 0xFF, 0xA4, 0x30, 0x0A, 0x21, 0x7F, 0xFA, 0xFF, 0x47,
0x00, 0x91, 0xFF, 0xA3, 0x00, 0x00, 0x00, 0x00, 0x00, 0x72, 0xFF, 0xBD, 0x00, 0xE1, 0xFF, 0x2C,
0x00, 0x00, 0x00, 0x00, 0x00, 0x15, 0xFF, 0xF0, 0x00, 0x00, 0x00, 0x00, 0x00, 0x00, 0x00, 0x00,
0x00, 0x14, 0xFF, 0xEA, 0x00, 0x00, 0x00, 0x00, 0x00, 0x00, 0x00, 0x00, 0x00, 0x79, 0xFF, 0xA5,
0x00, 0x00, 0x00, 0x00, 0x00, 0x00, 0x0B, 0x36, 0x9E, 0xFE, 0xE8, 0x20, 0x00, 0x00, 0x00, 0x00,
0x00, 0x99, 0xFF, 0xFF, 0xFF, 0xD6, 0x1F, 0x00, 0x00, 0x00, 0x00, 0x00, 0x00, 0x94, 0xCD, 0xD1,
0xF7, 0xFF, 0xD8, 0x37, 0x00, 0x00, 0x00, 0x00, 0x00, 0x00, 0x00, 0x00, 0x09, 0x84, 0xFE, 0xF6,
0x2A, 0x00, 0x00, 0x00, 0x00, 0x00, 0x00, 0x00, 0x00, 0x00, 0x82, 0xFF, 0xAA, 0x00, 0x00, 0x00,
0x00, 0x00, 0x00, 0x00, 0x00, 0x00, 0x1A, 0xFF, 0xE3, 0x00, 0x00, 0x00, 0x00, 0x00, 0x00, 0x00,
0x00, 0x00, 0x0C, 0xFF, 0xF7, 0xE8, 0xFF, 0x2F, 0x00, 0x00, 0x00, 0x00, 0x00, 0x00, 0x37, 0xFF,
0xD7, 0xA2, 0xFF, 0x9E, 0x00, 0x00, 0x00, 0x00, 0x00, 0x00, 0xB1, 0xFF, 0x84, 0x28, 0xF8, 0xFF,
0x83, 0x22, 0x04, 0x09, 0x34, 0xA5, 0xFF, 0xE0, 0x10, 0x00, 0x4D, 0xF4, 0xFF, 0xFF, 0xFF, 0xFF,
0xFF, 0xFF, 0xDB, 0x27, 0x00, 0x00, 0x00, 0x22, 0x96, 0xDD, 0xF9, 0xF3, 0xCA, 0x75, 0x0C, 0x00,
0x00, 0x00, 0x00, 0x00, 0x00, 0x00, 0x00, 0x00, 0x4E, 0xFF, 0xFF, 0x00, 0x00, 0x00, 0x00, 0x00,
0x00, 0x00, 0x00, 0x0B, 0xE1, 0xFF, 0xFF, 0x00, 0x00, 0x00, 0x00, 0x00, 0x00, 0x00, 0x00, 0x8A,
0xFF, 0xFF, 0xFF, 0x00, 0x00, 0x00, 0x00, 0x00, 0x00, 0x00, 0x2C, 0xFB, 0xF1, 0xFF, 0xFF, 0x00,
0x00, 0x00, 0x00, 0x00, 0x00, 0x01, 0xC3, 0xFF, 0x6C, 0xFF, 0xFF, 0x00, 0x00, 0x00, 0x00, 0x00,
0x00, 0x63, 0xFF, 0xCC, 0x02, 0xFF, 0xFF, 0x00, 0x00, 0x00, 0x00, 0x00, 0x13, 0xEC, 0xFD, 0x34,
0x00, 0xFF, 0xFF, 0x00, 0x00, 0x00, 0x00, 0x00, 0x9E, 0xFF, 0x94, 0x00, 0x00, 0xFF, 0xFF, 0x00,
0x00, 0x00, 0x00, 0x3C, 0xFE, 0xE7, 0x0F, 0x00, 0x00, 0xFF, 0xFF, 0x00, 0x00, 0x00, 0x04, 0xD3,
0xFF, 0x59, 0x00, 0x00, 0x00, 0xFF, 0xFF, 0x00, 0x00, 0x00, 0x76, 0xFF, 0xBC, 0x00, 0x00, 0x00,
0x00, 0xFF, 0xFF, 0x00, 0x00, 0x1E, 0xF4, 0xF9, 0x26, 0x00, 0x00, 0x00, 0x00, 0xFF, 0xFF, 0x00,
0x00, 0xB1, 0xFF, 0x82, 0x00, 0x00, 0x00, 0x00, 0x00, 0xFF, 0xFF, 0x00, 0x00, 0xFF, 0xFF, 0xFF,
0xFF, 0xFF, 0xFF, 0xFF, 0xFF, 0xFF, 0xFF, 0xFF, 0xFF, 0xFF, 0xFF, 0xFF, 0xFF, 0xFF, 0xFF, 0xFF,
0xFF, 0xFF, 0xFF, 0xFF, 0xFF, 0x00, 0x00, 0x00, 0x00, 0x00, 0x00, 0x00, 0x00, 0xFF, 0xFF, 0x00,
0x00, 0x00, 0x00, 0x00, 0x00, 0x00, 0x00, 0x00, 0x00, 0xFF, 0xFF, 0x00, 0x00, 0x00, 0x00, 0x00,
0x00, 0x00, 0x00, 0x00, 0x00, 0xFF, 0xFF, 0x00, 0x00, 0x00, 0x00, 0x00, 0x00, 0x00, 0x00, 0x00,
0x00, 0xFF, 0xFF, 0x00, 0x00, 0x00, 0x18, 0xFF, 0xFF, 0xFF, 0xFF, 0xFF, 0xFF, 0xFF, 0xFF, 0xFF,
0x00, 0x00, 0x49, 0xFF, 0xFF, 0xFF, 0xFF, 0xFF, 0xFF, 0xFF, 0xFF, 0xFF, 0x00, 0x00, 0x79, 0xFF,
0x87, 0x00, 0x00, 0x00, 0x00, 0x00, 0x00, 0x00, 0x00, 0x00, 0xA9, 0xFF, 0x48, 0x00, 0x00, 0x00,
0x00, 0x00, 0x00, 0x00, 0x00, 0x00, 0xD9, 0xFB, 0x0C, 0x00, 0x00, 0x00, 0x00, 0x00, 0x00, 0x00,
0x00, 0x0A, 0xFD, 0xC9, 0x00, 0x00, 0x00, 0x00, 0x00, 0x00, 0x00, 0x00, 0x00, 0x39, 0xFF, 0x92,
0x71, 0xC9, 0xF5, 0xF4, 0xCE, 0x76, 0x0A, 0x00, 0x00, 0x69, 0xFF, 0xFB, 0xFF, 0xFF, 0xFF, 0xFF,
0xFF, 0xFF, 0xD6, 0x20, 0x00, 0x99, 0xFF, 0xFB, 0x7A, 0x1F, 0x06, 0x0C, 0x35, 0x9E, 0xFF, 0xD5,
0x09, 0xC8, 0xFF, 0x5F, 0x00, 0x00, 0x00, 0x00, 0x00, 0x00, 0xB0, 0xFF, 0x71, 0x00, 0x00, 0x00,
0x00, 0x00, 0x00, 0x00, 0x00, 0x00, 0x42, 0xFF, 0xC8, 0x00, 0x00, 0x00, 0x00, 0x00, 0x00, 0x00,
0x00, 0x00, 0x19, 0xFF, 0xF0, 0x00, 0x00, 0x00, 0x00, 0x00, 0x00, 0x00, 0x00, 0x00, 0x08, 0xFF,
0xF9, 0x00, 0x00, 0x00, 0x00, 0x00, 0x00, 0x00, 0x00, 0x00, 0x22, 0xFF, 0xE1, 0xE9, 0xFF, 0x27,
0x00, 0x00, 0x00, 0x00, 0x00, 0x00, 0x55, 0xFF, 0xA6, 0xA6, 0xFF, 0x8E, 0x00, 0x00, 0x00, 0x00,
0x00, 0x01, 0xC3, 0xFF, 0x41, 0x2E, 0xFB, 0xFD, 0x7A, 0x1F, 0x04, 0x0B, 0x37, 0xAD, 0xFF, 0xA7,
0x00, 0x00, 0x5A, 0xF8, 0xFF, 0xFF, 0xFF, 0xFF, 0xFF, 0xFF, 0xBA, 0x09, 0x00, 0x00, 0x00, 0x2A,
0x9C, 0xDF, 0xF9, 0xEF, 0xC2, 0x62, 0x01, 0x00, 0x00, 0x00, 0x00, 0x00, 0x28, 0x9C, 0xDF, 0xF8,
0xED, 0xB5, 0x41, 0x00, 0x00, 0x00, 0x00, 0x5F, 0xFA, 0xFF, 0xFF, 0xFF, 0xFF, 0xFF, 0xFE, 0x71,
0x00, 0x00, 0x3C, 0xFE, 0xF7, 0x79, 0x29, 0x0A, 0x2A, 0x9F, 0xFF, 0xFE, 0x34, 0x00, 0xD2, 0xFF,
0x7C, 0x00, 0x00, 0x00, 0x00, 0x00, 0x9C, 0xFF, 0xA5, 0x37, 0xFF, 0xED, 0x0C, 0x00, 0x00, 0x00,
0x00, 0x00, 0x2B, 0xFF, 0xE7, 0x86, 0xFF, 0x8F, 0x00, 0x00, 0x00, 0x00, 0x00, 0x00, 0x00, 0x00,
0x00, 0xB5, 0xFF, 0x4A, 0x00, 0x00, 0x00, 0x00, 0x00, 0x00, 0x00, 0x00, 0x00, 0xDD, 0xFF, 0x21,
0x1A, 0x92, 0xDF, 0xF8, 0xE3, 0x9B, 0x20, 0x00, 0x00, 0xED, 0xFF, 0x40, 0xEC, 0xFF, 0xFF, 0xFF,
0xFF, 0xFF, 0xF1, 0x41, 0x00, 0xFA, 0xFF, 0xE8, 0xCA, 0x48, 0x0C, 0x07, 0x2A, 0x92, 0xFF, 0xEF,
0x1C, 0xFA, 0xFF, 0xC2, 0x06, 0x00, 0x00, 0x00, 0x00, 0x00, 0xA2, 0xFF, 0x90, 0xED, 0xFF, 0x3A,
0x00, 0x00, 0x00, 0x00, 0x00, 0x00, 0x34, 0xFF, 0xDA, 0xD6, 0xFF, 0x07, 0x00, 0x00, 0x00, 0x00,
0x00, 0x00, 0x0E, 0xFF, 0xF7, 0xAC, 0xFF, 0x16, 0x00, 0x00, 0x00, 0x00, 0x00, 0x00, 0x14, 0xFF,
0xEC, 0x6D, 0xFF, 0x61, 0x00, 0x00, 0x00, 0x00, 0x00, 0x00, 0x3D, 0xFF, 0xC7, 0x17, 0xF9, 0xE0,
0x0E, 0x00, 0x00, 0x00, 0x00, 0x00, 0xAF, 0xFF, 0x72, 0x00, 0x81, 0xFF, 0xCB, 0x41, 0x0F, 0x06,
0x2B, 0x9A, 0xFF, 0xDF, 0x0D, 0x00, 0x03, 0x9E, 0xFF, 0xFF, 0xFF, 0xFF, 0xFF, 0xFF, 0xE7, 0x33,
0x00, 0x00, 0x00, 0x00, 0x4E, 0xB7, 0xEC, 0xF7, 0xDA, 0x8B, 0x19, 0x00, 0x00, 0xFF, 0xFF, 0xFF,
0xFF, 0xFF, 0xFF, 0xFF, 0xFF, 0xFF, 0xFF, 0xFF, 0xFF, 0xFF, 0xFF, 0xFF, 0xFF, 0xFF, 0xFF, 0xFF,
0xFF, 0xFF, 0xFF, 0xFF, 0xF0, 0x00, 0x00, 0x00, 0x00, 0x00, 0x00, 0x00, 0x00, 0x00, 0x64, 0xFD,
0x48, 0x00, 0x00, 0x00, 0x00, 0x00, 0x00, 0x00, 0x00, 0x34, 0xF8, 0x88, 0x00, 0x00, 0x00, 0x00,
0x00, 0x00, 0x00, 0x00, 0x0B, 0xE0, 0xD8, 0x06, 0x00, 0x00, 0x00, 0x00, 0x00, 0x00, 0x00, 0x00,
0x8B, 0xFF, 0x43, 0x00, 0x00, 0x00, 0x00, 0x00, 0x00, 0x00, 0x00, 0x2B, 0xFA, 0xB4, 0x00, 0x00,
0x00, 0x00, 0x00, 0x00, 0x00, 0x00, 0x00, 0xB5, 0xFF, 0x37, 0x00, 0x00, 0x00, 0x00, 0x00, 0x00,
0x00, 0x00, 0x2F, 0xFF, 0xC2, 0x00, 0x00, 0x00, 0x00, 0x00, 0x00, 0x00, 0x00, 0x00, 0xA8, 0xFF,
0x4D, 0x00, 0x00, 0x00, 0x00, 0x00, 0x00, 0x00, 0x00, 0x19, 0xFC, 0xE2, 0x01, 0x00, 0x00, 0x00,
0x00, 0x00, 0x00, 0x00, 0x00, 0x6E, 0xFF, 0x8F, 0x00, 0x00, 0x00, 0x00, 0x00, 0x00, 0x00, 0x00,
0x00, 0xC5, 0xFF, 0x3A, 0x00, 0x00, 0x00, 0x00, 0x00, 0x00, 0x00, 0x00, 0x17, 0xFE, 0xE6, 0x01,
0x00, 0x00, 0x00, 0x00, 0x00, 0x00, 0x00, 0x00, 0x51, 0xFF, 0xAB, 0x00, 0x00, 0x00, 0x00, 0x00,
0x00, 0x00, 0x00, 0x00, 0x8A, 0xFF, 0x74, 0x00, 0x00, 0x00, 0x00, 0x00, 0x00, 0x00, 0x00, 0x00,
0xBD, 0xFF, 0x46, 0x00, 0x00, 0x00, 0x00, 0x00, 0x00, 0x00, 0x00, 0x00, 0xDA, 0xFF, 0x2A, 0x00,
0x00, 0x00, 0x00, 0x00, 0x00, 0x00, 0x00, 0x00, 0xF3, 0xFF, 0x0E, 0x00, 0x00, 0x00, 0x00, 0x00,
0x00, 0x00, 0x00, 0x01, 0x67, 0xCB, 0xF5, 0xF3, 0xC6, 0x5D, 0x00, 0x00, 0x00, 0x00, 0x01, 0xA6,
0xFF, 0xFF, 0xFF, 0xFF, 0xFF, 0xFF, 0x97, 0x00, 0x00, 0x00, 0x62, 0xFF, 0xDB, 0x40, 0x09, 0x09,
0x43, 0xE0, 0xFF, 0x55, 0x00, 0x00, 0xC9, 0xFF, 0x4C, 0x00, 0x00, 0x00, 0x00, 0x53, 0xFF, 0xC2,
0x00, 0x00, 0xF6, 0xFF, 0x0E, 0x00, 0x00, 0x00, 0x00, 0x12, 0xFF, 0xF2, 0x00, 0x00, 0xF1, 0xFF,
0x11, 0x00, 0x00, 0x00, 0x00, 0x0F, 0xFF, 0xF2, 0x00, 0x00, 0xC1, 0xFF, 0x4E, 0x00, 0x00, 0x00,
0x00, 0x4B, 0xFF, 0xC2, 0x00, 0x00, 0x49, 0xFD, 0xDA, 0x3F, 0x08, 0x07, 0x3C, 0xD9, 0xFE, 0x4B,
0x00, 0x00, 0x00, 0x55, 0xEA, 0xFF, 0xFF, 0xFF, 0xFF, 0xEE, 0x5B, 0x00, 0x00, 0x00, 0x1E, 0xA9,
0xFB, 0xFF, 0xFF, 0xFF, 0xFF, 0xFB, 0xA0, 0x16, 0x00, 0x1B, 0xE3, 0xFD, 0x89, 0x27, 0x07, 0x08,
0x2D, 0x93, 0xFF, 0xD6, 0x12, 0x96, 0xFF, 0x91, 0x00, 0x00, 0x00, 0x00, 0x00, 0x00, 0x9C, 0xFF,
0x88, 0xDD, 0xFF, 0x27, 0x00, 0x00, 0x00, 0x00, 0x00, 0x00, 0x2C, 0xFF, 0xDA, 0xF9, 0xFF, 0x09,
0x00, 0x00, 0x00, 0x00, 0x00, 0x00, 0x0A, 0xFF, 0xF8, 0xE5, 0xFF, 0x23, 0x00, 0x00, 0x00, 0x00,
0x00, 0x00, 0x27, 0xFF, 0xE5, 0x9E, 0xFF, 0x6E, 0x00, 0x00, 0x00, 0x00, 0x00, 0x00, 0x90, 0xFF,
0x9F, 0x24, 0xF4, 0xFC, 0x97, 0x3A, 0x0D, 0x06, 0x27, 0x87, 0xFD, 0xF4, 0x24, 0x00, 0x47, 0xF1,
0xFF, 0xFF, 0xFF, 0xFF, 0xFF, 0xFF, 0xF1, 0x47, 0x00, 0x00, 0x00, 0x1D, 0x8E, 0xD7, 0xF6, 0xF6,
0xD7, 0x8F, 0x1D, 0x00, 0x00, 0x00, 0x00, 0x18, 0x8E, 0xDB, 0xF8, 0xE3, 0xB1, 0x3F, 0x00, 0x00,
0x00, 0x00, 0x37, 0xEB, 0xFF, 0xFF, 0xFF, 0xFF, 0xFF, 0xFF, 0x8C, 0x01, 0x00, 0x14, 0xE8, 0xFF,
0xB8, 0x3D, 0x0C, 0x07, 0x2C, 0x9B, 0xFF, 0x7A, 0x00, 0x84, 0xFF, 0xC9, 0x02, 0x00, 0x00, 0x00,
0x00, 0x00, 0xAE, 0xF5, 0x1C, 0xD1, 0xFF, 0x4C, 0x00, 0x00, 0x00, 0x00, 0x00, 0x00, 0x3C, 0xFF,
0x78, 0xF5, 0xFF, 0x19, 0x00, 0x00, 0x00, 0x00, 0x00, 0x00, 0x13, 0xFF, 0xB5, 0xF8, 0xFF, 0x0C,
0x00, 0x00, 0x00, 0x00, 0x00, 0x00, 0x09, 0xFF, 0xDC, 0xDA, 0xFF, 0x33, 0x00, 0x00, 0x00, 0x00,
0x00, 0x00, 0x3C, 0xFF, 0xF2, 0x91, 0xFF, 0xA6, 0x00, 0x00, 0x00, 0x00, 0x00, 0x03, 0xBC, 0xFF,
0xFB, 0x1E, 0xF1, 0xFF, 0x99, 0x2E, 0x08, 0x09, 0x3E, 0xBE, 0xEA, 0xFF, 0xFB, 0x00, 0x44, 0xF2,
0xFF, 0xFF, 0xFF, 0xFF, 0xFF, 0xED, 0x3F, 0xFF, 0xF3, 0x00, 0x00, 0x21, 0x9B, 0xE3, 0xF9, 0xE0,
0x94, 0x1C, 0x1A, 0xFF, 0xDE, 0x00, 0x00, 0x00, 0x00, 0x00, 0x00, 0x00, 0x00, 0x00, 0x4A, 0xFF,
0xBF, 0x00, 0x00, 0x00, 0x00, 0x00, 0x00, 0x00, 0x00, 0x00, 0x89, 0xFF, 0x8D, 0xE8, 0xFF, 0x28,
0x00, 0x00, 0x00, 0x00, 0x00, 0x00, 0xD3, 0xFF, 0x42, 0xA8, 0xFF, 0x90, 0x00, 0x00, 0x00, 0x00,
0x00, 0x46, 0xFF, 0xCA, 0x00, 0x39, 0xFF, 0xFE, 0x84, 0x1F, 0x08, 0x29, 0x82, 0xF7, 0xFA, 0x3E,
0x00, 0x00, 0x79, 0xFF, 0xFF, 0xFF, 0xFF, 0xFF, 0xFF, 0xF9, 0x50, 0x00, 0x00, 0x00, 0x00, 0x46,
0xB8, 0xEF, 0xFA, 0xE1, 0x9C, 0x28, 0x00, 0x00, 0x00, 0xFF, 0xFF, 0xFF, 0xFF, 0x00, 0x00, 0x00,
0x00, 0x00, 0x00, 0x00, 0x00, 0x00, 0x00, 0x00, 0x00, 0x00, 0x00, 0x00, 0x00, 0x00, 0x00, 0x00,
0x00, 0xFF, 0xFF, 0xFF, 0xFF, 0xFF, 0xFF, 0xFF, 0xFF, 0x00, 0x00, 0x00, 0x00, 0x00, 0x00, 0x00,
0x00, 0x00, 0x00, 0x00, 0x00, 0x00, 0x00, 0x00, 0x00, 0x00, 0x00, 0x00, 0x00, 0xFF, 0xFF, 0xFF,
0xFF, 0x09, 0xF9, 0x2A, 0xE9, 0x95, 0xBA, 0x80, 0x53, 0x00, 0x00, 0x00, 0x00, 0x00, 0x00, 0x00,
0x00, 0x00, 0x00, 0x3F, 0xBF, 0x00, 0x00, 0x00, 0x00, 0x00, 0x00, 0x00, 0x00, 0x3F, 0xBF, 0xFF,
0xFF, 0x00, 0x00, 0x00, 0x00, 0x00, 0x00, 0x3F, 0xBF, 0xFF, 0xFD, 0xAD, 0x39, 0x00, 0x00, 0x00,
0x00, 0x3F, 0xBF, 0xFF, 0xF4, 0x93, 0x22, 0x00, 0x00, 0x00, 0x00, 0x3F, 0xBF, 0xFF, 0xE6, 0x7A,
0x12, 0x00, 0x00, 0x00, 0x00, 0x3F, 0xBF, 0xFF, 0xD2, 0x60, 0x06, 0x00, 0x00, 0x00, 0x00, 0x00,
0x00, 0xFF, 0xFF, 0x8C, 0x01, 0x00, 0x00, 0x00, 0x00, 0x00, 0x00, 0x00, 0x00, 0x40, 0xC0, 0xFF,
0xD2, 0x5F, 0x06, 0x00, 0x00, 0x00, 0x00, 0x00, 0x00, 0x00, 0x00, 0x40, 0xC0, 0xFF, 0xE6, 0x79,
0x11, 0x00, 0x00, 0x00, 0x00, 0x00, 0x00, 0x00, 0x00, 0x40, 0xC0, 0xFF, 0xF4, 0x92, 0x22, 0x00,
0x00, 0x00, 0x00, 0x00, 0x00, 0x00, 0x00, 0x40, 0xC0, 0xFF, 0xFD, 0xAC, 0x39, 0x00, 0x00, 0x00,
0x00, 0x00, 0x00, 0x00, 0x00, 0x40, 0xC0, 0xFF, 0xFF, 0x00, 0x00, 0x00, 0x00, 0x00, 0x00, 0x00,
0x00, 0x00, 0x00, 0x40, 0xC0, 0xFF, 0xFF, 0xFF, 0xFF, 0xFF, 0xFF, 0xFF, 0xFF, 0xFF, 0xFF, 0xFF,
0xFF, 0xFF, 0xFF, 0xFF, 0xFF, 0xFF, 0xFF, 0xFF, 0xFF, 0xFF, 0xFF, 0xFF, 0xFF, 0x00, 0x00, 0x00,
0x00, 0x00, 0x00, 0x00, 0x00, 0x00, 0x00, 0x00, 0x00, 0x00, 0x00, 0x00, 0x00, 0x00, 0x00, 0x00,
0x00, 0x00, 0x00, 0x00, 0x00, 0x00, 0x00, 0x00, 0x00, 0x00, 0x00, 0x00, 0x00, 0x00, 0x00, 0x00,
0x00, 0x00, 0x00, 0x00, 0x00, 0x00, 0x00, 0x00, 0x00, 0x00, 0x00, 0x00, 0x00, 0xFF, 0xFF, 0xFF,
0xFF, 0xFF, 0xFF, 0xFF, 0xFF, 0xFF, 0xFF, 0xFF, 0xFF, 0xFF, 0xFF, 0xFF, 0xFF, 0xFF, 0xFF, 0xFF,
0xFF, 0xFF, 0xFF, 0xFF, 0xFF, 0xBF, 0x3F, 0x00, 0x00, 0x00, 0x00, 0x00, 0x00, 0x00, 0x00, 0x00,
0x00, 0xFF, 0xFF, 0xBF, 0x3F, 0x00, 0x00, 0x00, 0x00, 0x00, 0x00, 0x00, 0x00, 0x3A, 0xAD, 0xFD,
0xFF, 0xBF, 0x3F, 0x00, 0x00, 0x00, 0x00, 0x00, 0x00, 0x00, 0x00, 0x23, 0x93, 0xF4, 0xFF, 0xBF,
0x3F, 0x00, 0x00, 0x00, 0x00, 0x00, 0x00, 0x00, 0x00, 0x12, 0x7A, 0xE6, 0xFF, 0xBF, 0x3F, 0x00,
0x00, 0x00, 0x00, 0x00, 0x00, 0x00, 0x00, 0x06, 0x60, 0xD2, 0xFF, 0xBF, 0x3F, 0x00, 0x00, 0x00,
0x00, 0x00, 0x00, 0x00, 0x00, 0x01, 0x8C, 0xFF, 0xFF, 0x00, 0x00, 0x00, 0x00, 0x00, 0x00, 0x06,
0x5F, 0xD2, 0xFF, 0xC0, 0x40, 0x00, 0x00, 0x00, 0x00, 0x11, 0x79, 0xE6, 0xFF, 0xC0, 0x40, 0x00,
0x00, 0x00, 0x00, 0x22, 0x92, 0xF4, 0xFF, 0xC0, 0x40, 0x00, 0x00, 0x00, 0x00, 0x39, 0xAC, 0xFD,
0xFF, 0xC0, 0x40, 0x00, 0x00, 0x00, 0x00, 0x00, 0x00, 0xFF, 0xFF, 0xC0, 0x40, 0x00, 0x00, 0x00,
0x00, 0x00, 0x00, 0x00, 0x00, 0xC0, 0x40, 0x00, 0x00, 0x00, 0x00, 0x00, 0x00, 0x00, 0x00, 0x00,
0x00, 0x00, 0x00, 0x10, 0x80, 0xD1, 0xF4, 0xF6, 0xD8, 0x92, 0x20, 0x00, 0x00, 0x00, 0x25, 0xDF,
0xFF, 0xFF, 0xFF, 0xFF, 0xFF, 0xFF, 0xF3, 0x4C, 0x00, 0x04, 0xD5, 0xFF, 0xDE, 0x56, 0x18, 0x0A,
0x43, 0xC6, 0xFF, 0xF6, 0x29, 0x60, 0xFF, 0xE2, 0x13, 0x00, 0x00, 0x00, 0x00, 0x05, 0xBF, 0xFF,
0xA5, 0xB6, 0xFF, 0x68, 0x00, 0x00, 0x00, 0x00, 0x00, 0x00, 0x32, 0xFF, 0xE9, 0xEA, 0xFF, 0x1B,
0x00, 0x00, 0x00, 0x00, 0x00, 0x00, 0x07, 0xFF, 0xF7, 0x00, 0x00, 0x00, 0x00, 0x00, 0x00, 0x00,
0x00, 0x00, 0x33, 0xFF, 0xD7, 0x00, 0x00, 0x00, 0x00, 0x00, 0x00, 0x00, 0x00, 0x07, 0xC5, 0xFF,
0x7E, 0x00, 0x00, 0x00, 0x00, 0x00, 0x00, 0x00, 0x0A, 0xB9, 0xFF, 0xD6, 0x0B, 0x00, 0x00, 0x00,
0x00, 0x00, 0x00, 0x10, 0xC6, 0xFF, 0xE1, 0x1F, 0x00, 0x00, 0x00, 0x00, 0x00, 0x00, 0x04, 0xC4,
0xFF, 0xDB, 0x1E, 0x00, 0x00, 0x00, 0x00, 0x00, 0x00, 0x00, 0x6D, 0xFF, 0xE4, 0x1B, 0x00, 0x00,
0x00, 0x00, 0x00, 0x00, 0x00, 0x00, 0xC9, 0xFF, 0x64, 0x00, 0x00, 0x00, 0x00, 0x00, 0x00, 0x00,
0x00, 0x00, 0xF5, 0xFF, 0x1B, 0x00, 0x00, 0x00, 0x00, 0x00, 0x00, 0x00, 0x00, 0x01, 0xFF, 0xFF,
0x06, 0x00, 0x00, 0x00, 0x00, 0x00, 0x00, 0x00, 0x00, 0x00, 0x00, 0x00, 0x00, 0x00, 0x00, 0x00,
0x00, 0x00, 0x00, 0x00, 0x00, 0x00, 0x00, 0x00, 0x00, 0x00, 0x00, 0x00, 0x00, 0x00, 0x00, 0x00,
0x00, 0x00, 0xFF, 0xFF, 0x00, 0x00, 0x00, 0x00, 0x00, 0x00, 0x00, 0x00, 0x00, 0x00, 0xFF, 0xFF,
0x00, 0x00, 0x00, 0x00, 0x00, 0x00, 0x00, 0x00, 0x00, 0x00, 0x00, 0x00, 0x26, 0x7C, 0xB5, 0xE0,
0xF2, 0xFC, 0xEF, 0xCF, 0x9B, 0x4C, 0x03, 0x00, 0x00, 0x00, 0x00, 0x00, 0x00, 0x00, 0x00, 0x00,
0x00, 0x00, 0x2A, 0xB3, 0xFF, 0xFF, 0xFF, 0xFF, 0xFF, 0xFF, 0xFF, 0xFF, 0xFF, 0xFF, 0xDE, 0x55,
0x00, 0x00, 0x00, 0x00, 0x00, 0x00, 0x00, 0x00, 0x00, 0x63, 0xF7, 0xFF, 0xFA, 0xA9, 0x59, 0x26,
0x0C, 0x05, 0x17, 0x43, 0x8C, 0xEC, 0xFF, 0xFF, 0x9E, 0x05, 0x00, 0x00, 0x00, 0x00, 0x00, 0x00,
0x70, 0xFF, 0xFF, 0xAA, 0x1E, 0x00, 0x00, 0x00, 0x00, 0x00, 0x00, 0x00, 0x00, 0x0A, 0x86, 0xFD,
0xFF, 0xA2, 0x00, 0x00, 0x00, 0x00, 0x00, 0x49, 0xFE, 0xFD, 0x6B, 0x00, 0x00, 0x00, 0x00, 0x00,
0x00, 0x00, 0x00, 0x00, 0x00, 0x00, 0x00, 0x4C, 0xFA, 0xFF, 0x63, 0x00, 0x00, 0x00, 0x0E, 0xE8,
0xFF, 0x72, 0x00, 0x00, 0x00, 0x05, 0x6B, 0xCE, 0xF8, 0xE4, 0x90, 0x0F, 0x13, 0xFF, 0xE8, 0x00,
0x6B, 0xFF, 0xEC, 0x0B, 0x00, 0x00, 0x81, 0xFF, 0xB9, 0x00, 0x00, 0x00, 0x1B, 0xCD, 0xFF, 0xFF,
0xFF, 0xFF, 0xFF, 0xDB, 0x4E, 0xFF, 0xB9, 0x00, 0x01, 0xD2, 0xFF, 0x65, 0x00, 0x07, 0xED, 0xFE,
0x2B, 0x00, 0x00, 0x0C, 0xD6, 0xFF, 0xD3, 0x47, 0x0B, 0x23, 0x8F, 0xFE, 0xEF, 0xFF, 0x8A, 0x00,
0x00, 0x6A, 0xFF, 0xB3, 0x00, 0x52, 0xFF, 0xBC, 0x00, 0x00, 0x00, 0x96, 0xFF, 0xCB, 0x0C, 0x00,
0x00, 0x00, 0x00, 0x9A, 0xFF, 0xFF, 0x5B, 0x00, 0x00, 0x27, 0xFF, 0xE3, 0x00, 0x9A, 0xFF, 0x6A,
0x00, 0x00, 0x22, 0xFC, 0xF9, 0x25, 0x00, 0x00, 0x00, 0x00, 0x00, 0x2C, 0xFF, 0xFF, 0x2C, 0x00,
0x00, 0x08, 0xFF, 0xF9, 0x00, 0xCD, 0xFF, 0x32, 0x00, 0x00, 0x86, 0xFF, 0xA1, 0x00, 0x00, 0x00,
0x00, 0x00, 0x00, 0x09, 0xFF, 0xF8, 0x04, 0x00, 0x00, 0x0D, 0xFF, 0xF3, 0x00, 0xEE, 0xFF, 0x0F,
0x00, 0x00, 0xCD, 0xFF, 0x4A, 0x00, 0x00, 0x00, 0x00, 0x00, 0x00, 0x16, 0xFF, 0xCE, 0x00, 0x00,
0x00, 0x29, 0xFF, 0xDC, 0x00, 0xFB, 0xFF, 0x03, 0x00, 0x00, 0xF4, 0xFF, 0x15, 0x00, 0x00, 0x00,
0x00, 0x00, 0x00, 0x4C, 0xFF, 0x9F, 0x00, 0x00, 0x00, 0x69, 0xFF, 0xA5, 0x00, 0xF7, 0xFF, 0x0D,
0x00, 0x00, 0xF7, 0xFF, 0x09, 0x00, 0x00, 0x00, 0x00, 0x00, 0x00, 0xA6, 0xFF, 0x70, 0x00, 0x00,
0x00, 0xC1, 0xFF, 0x59, 0x00, 0xDF, 0xFF, 0x2B, 0x00, 0x00, 0xDA, 0xFF, 0x2B, 0x00, 0x00, 0x00,
0x00, 0x00, 0x32, 0xFC, 0xFF, 0x42, 0x00, 0x00, 0x48, 0xFF, 0xE3, 0x05, 0x00, 0xB3, 0xFF, 0x64,
0x00, 0x00, 0x93, 0xFF, 0x93, 0x00, 0x00, 0x00, 0x00, 0x1F, 0xDD, 0xFF, 0xFF, 0x15, 0x00, 0x1F,
0xE3, 0xFF, 0x53, 0x00, 0x00, 0x70, 0xFF, 0xBC, 0x00, 0x00, 0x28, 0xF8, 0xFD, 0x82, 0x19, 0x14,
0x69, 0xEB, 0xFD, 0xFF, 0xFF, 0x2F, 0x45, 0xE0, 0xFF, 0x9A, 0x00, 0x00, 0x00, 0x18, 0xFA, 0xFF,
0x3C, 0x00, 0x00, 0x68, 0xFE, 0xFF, 0xFF, 0xFF, 0xFF, 0xF6, 0x56, 0xE6, 0xFF, 0xFF, 0xFF, 0xFF,
0xA1, 0x03, 0x00, 0x00, 0x00, 0x00, 0x8E, 0xFF, 0xDC, 0x10, 0x00, 0x00, 0x44, 0xBC, 0xF2, 0xEA,
0xA3, 0x25, 0x00, 0x5A, 0xE8, 0xF4, 0xC5, 0x56, 0x00, 0x00, 0x66, 0xFF, 0xB0, 0x00, 0x0E, 0xE0,
0xFF, 0xCC, 0x19, 0x00, 0x00, 0x00, 0x00, 0x00, 0x00, 0x00, 0x00, 0x00, 0x00, 0x00, 0x00, 0x00,
0x00, 0x67, 0xFC, 0xE8, 0x1D, 0x00, 0x00, 0x24, 0xE7, 0xFF, 0xED, 0x6B, 0x08, 0x00, 0x00, 0x00,
0x00, 0x00, 0x00, 0x00, 0x00, 0x00, 0x00, 0x22, 0xAF, 0xFF, 0xEE, 0x2E, 0x00, 0x00, 0x00, 0x00,
0x23, 0xC4, 0xFF, 0xFF, 0xEF, 0xA0, 0x5F, 0x31, 0x12, 0x05, 0x05, 0x12, 0x34, 0x67, 0xB3, 0xFC,
0xFF, 0xCD, 0x22, 0x00, 0x00, 0x00, 0x00, 0x00, 0x00, 0x02, 0x67, 0xD5, 0xFF, 0xFF, 0xFF, 0xFF,
0xFF, 0xFF, 0xFF, 0xFF, 0xFF, 0xFF, 0xFF, 0xE6, 0x71, 0x07, 0x00, 0x00, 0x00, 0x00, 0x00, 0x00,
0x00, 0x00, 0x00, 0x00, 0x3A, 0x7B, 0xB1, 0xD9, 0xEA, 0xFA, 0xF3, 0xE0, 0xCA, 0x91, 0x4D, 0x08,
0x00, 0x00, 0x00, 0x00, 0x00, 0x00, 0x00, 0x00, 0x00, 0x00, 0x00, 0x00, 0x0D, 0xF4, 0xFF, 0xF4,
0x0D, 0x00, 0x00, 0x00, 0x00, 0x00, 0x00, 0x00, 0x00, 0x00, 0x00, 0x00, 0x00, 0x00, 0x00, 0x66,
0xFF, 0xFF, 0xFF, 0x65, 0x00, 0x00, 0x00, 0x00, 0x00, 0x00, 0x00, 0x00, 0x00, 0x00, 0x00, 0x00,
0x00, 0x00, 0xC9, 0xFF, 0x9D, 0xFF, 0xC8, 0x00, 0x00, 0x00, 0x00, 0x00, 0x00, 0x00, 0x00, 0x00,
0x00, 0x00, 0x00, 0x00, 0x2C, 0xFF, 0xE7, 0x08, 0xE8, 0xFF, 0x2C, 0x00, 0x00, 0x00, 0x00, 0x00,
0x00, 0x00, 0x00, 0x00, 0x00, 0x00, 0x00, 0x90, 0xFF, 0x88, 0x00, 0x8C, 0xFF, 0x8F, 0x00, 0x00,
0x00, 0x00, 0x00, 0x00, 0x00, 0x00, 0x00, 0x00, 0x00, 0x07, 0xEC, 0xFF, 0x26, 0x00, 0x2B, 0xFF,
0xEC, 0x06, 0x00, 0x00, 0x00, 0x00, 0x00, 0x00, 0x00, 0x00, 0x00, 0x00, 0x58, 0xFF, 0xC4, 0x00,
0x00, 0x00, 0xC9, 0xFF, 0x57, 0x00, 0x00, 0x00, 0x00, 0x00, 0x00, 0x00, 0x00, 0x00, 0x00, 0xBB,
0xFF, 0x63, 0x00, 0x00, 0x00, 0x68, 0xFF, 0xBA, 0x00, 0x00, 0x00, 0x00, 0x00, 0x00, 0x00, 0x00,
0x00, 0x20, 0xFE, 0xF5, 0x0D, 0x00, 0x00, 0x00, 0x0F, 0xF6, 0xFE, 0x20, 0x00, 0x00, 0x00, 0x00,
0x00, 0x00, 0x00, 0x00, 0x82, 0xFF, 0xA1, 0x00, 0x00, 0x00, 0x00, 0x00, 0xA4, 0xFF, 0x81, 0x00,
0x00, 0x00, 0x00, 0x00, 0x00, 0x00, 0x02, 0xE2, 0xFF, 0x40, 0x00, 0x00, 0x00, 0x00, 0x00, 0x41,
0xFF, 0xE2, 0x02, 0x00, 0x00, 0x00, 0x00, 0x00, 0x00, 0x49, 0xFF, 0xFF, 0xFF, 0xFF, 0xFF, 0xFF,
0xFF, 0xFF, 0xFF, 0xFF, 0xFF, 0x48, 0x00, 0x00, 0x00, 0x00, 0x00, 0x00, 0xAD, 0xFF, 0xFF, 0xFF,
0xFF, 0xFF, 0xFF, 0xFF, 0xFF, 0xFF, 0xFF, 0xFF, 0xAC, 0x00, 0x00, 0x00, 0x00, 0x00, 0x16, 0xFA,
0xFB, 0x1A, 0x00, 0x00, 0x00, 0x00, 0x00, 0x00, 0x00, 0x1B, 0xFB, 0xFA, 0x15, 0x00, 0x00, 0x00,
0x00, 0x74, 0xFF, 0xA8, 0x00, 0x00, 0x00, 0x00, 0x00, 0x00, 0x00, 0x00, 0x00, 0xAB, 0xFF, 0x73,
0x00, 0x00, 0x00, 0x00, 0xD7, 0xFF, 0x3B, 0x00, 0x00, 0x00, 0x00, 0x00, 0x00, 0x00, 0x00, 0x00,
0x3F, 0xFF, 0xD6, 0x00, 0x00, 0x00, 0x3B, 0xFF, 0xCF, 0x00, 0x00, 0x00, 0x00, 0x00, 0x00, 0x00,
0x00, 0x00, 0x00, 0x00, 0xD2, 0xFF, 0x3A, 0x00, 0x00, 0x9F, 0xFF, 0x62, 0x00, 0x00, 0x00, 0x00,
0x00, 0x00, 0x00, 0x00, 0x00, 0x00, 0x00, 0x67, 0xFF, 0x9E, 0x00, 0x0D, 0xF4, 0xED, 0x09, 0x00,
0x00, 0x00, 0x00, 0x00, 0x00, 0x00, 0x00, 0x00, 0x00, 0x00, 0x0A, 0xEF, 0xF4, 0x0D, 0xFF, 0xFF,
0xFF, 0xFF, 0xFF, 0xFF, 0xFF, 0xF4, 0xDE, 0xA3, 0x40, 0x00, 0x00, 0x00, 0xFF, 0xFF, 0xFF, 0xFF,
0xFF, 0xFF, 0xFF, 0xFF, 0xFF, 0xFF, 0xFF, 0x84, 0x00, 0x00, 0xFF, 0xFF, 0x00, 0x00, 0x00, 0x00,
0x02, 0x0B, 0x28, 0x78, 0xF9, 0xFF, 0x4C, 0x00, 0xFF, 0xFF, 0x00, 0x00, 0x00, 0x00, 0x00, 0x00,
0x00, 0x00, 0x6C, 0xFF, 0xBE, 0x00, 0xFF, 0xFF, 0x00, 0x00, 0x00, 0x00, 0x00, 0x00, 0x00, 0x00,
0x13, 0xFF, 0xF0, 0x00, 0xFF, 0xFF, 0x00, 0x00, 0x00, 0x00, 0x00, 0x00, 0x00, 0x00, 0x0F, 0xFF,
0xEE, 0x00, 0xFF, 0xFF, 0x00, 0x00, 0x00, 0x00, 0x00, 0x00, 0x00, 0x00, 0x63, 0xFF, 0xB9, 0x00,
0xFF, 0xFF, 0x00, 0x00, 0x00, 0x00, 0x00, 0x08, 0x25, 0x7C, 0xF8, 0xFF, 0x45, 0x00, 0xFF, 0xFF,
0xFF, 0xFF, 0xFF, 0xFF, 0xFF, 0xFF, 0xFF, 0xFF, 0xFC, 0x6E, 0x00, 0x00, 0xFF, 0xFF, 0xFF, 0xFF,
0xFF, 0xFF, 0xFF, 0xFF, 0xFF, 0xFF, 0xFD, 0xA8, 0x1C, 0x00, 0xFF, 0xFF, 0x00, 0x00, 0x00, 0x00,
0x00, 0x0B, 0x1E, 0x54, 0xC8, 0xFF, 0xDD, 0x16, 0xFF, 0xFF, 0x00, 0x00, 0x00, 0x00, 0x00, 0x00,
0x00, 0x00, 0x05, 0xB9, 0xFF, 0x8C, 0xFF, 0xFF, 0x00, 0x00, 0x00, 0x00, 0x00, 0x00, 0x00, 0x00,
0x00, 0x31, 0xFF, 0xDB, 0xFF, 0xFF, 0x00, 0x00, 0x00, 0x00, 0x00, 0x00, 0x00, 0x00, 0x00, 0x08,
0xFF, 0xF7, 0xFF, 0xFF, 0x00, 0x00, 0x00, 0x00, 0x00, 0x00, 0x00, 0x00, 0x00, 0x28, 0xFF, 0xE4,
0xFF, 0xFF, 0x00, 0x00, 0x00, 0x00, 0x00, 0x00, 0x00, 0x00, 0x00, 0x9E, 0xFF, 0xA1, 0xFF, 0xFF,
0x00, 0x00, 0x00, 0x00, 0x00, 0x01, 0x0C, 0x3B, 0xAB, 0xFF, 0xFB, 0x2C, 0xFF, 0xFF, 0xFF, 0xFF,
0xFF, 0xFF, 0xFF, 0xFF, 0xFF, 0xFF, 0xFF, 0xF9, 0x5D, 0x00, 0xFF, 0xFF, 0xFF, 0xFF, 0xFF, 0xFF,
0xFF, 0xFA, 0xED, 0xC9, 0x89, 0x22, 0x00, 0x00, 0x00, 0x00, 0x00, 0x00, 0x03, 0x51, 0xA3, 0xD8,
0xF5, 0xFA, 0xE9, 0xBE, 0x73, 0x12, 0x00, 0x00, 0x00, 0x00, 0x00, 0x00, 0x44, 0xDB, 0xFF, 0xFF,
0xFF, 0xFF, 0xFF, 0xFF, 0xFF, 0xFF, 0xEE, 0x5B, 0x00, 0x00, 0x00, 0x00, 0x67, 0xFD, 0xFF, 0xCA,
0x65, 0x28, 0x0A, 0x09, 0x25, 0x51, 0xAC, 0xF9, 0xFF, 0x69, 0x00, 0x00, 0x45, 0xFD, 0xFE, 0x7A,
0x00, 0x00, 0x00, 0x00, 0x00, 0x00, 0x00, 0x00, 0x29, 0xE2, 0xFB, 0x2C, 0x04, 0xDD, 0xFF, 0x74,
0x00, 0x00, 0x00, 0x00, 0x00, 0x00, 0x00, 0x00, 0x00, 0x00, 0x4C, 0xFF, 0xAB, 0x56, 0xFF, 0xD4,
0x04, 0x00, 0x00, 0x00, 0x00, 0x00, 0x00, 0x00, 0x00, 0x00, 0x00, 0x0B, 0xBC, 0x6F, 0xA6, 0xFF,
0x76, 0x00, 0x00, 0x00, 0x00, 0x00, 0x00, 0x00, 0x00, 0x00, 0x00, 0x00, 0x00, 0x00, 0x00, 0xD9,
0xFF, 0x32, 0x00, 0x00, 0x00, 0x00, 0x00, 0x00, 0x00, 0x00, 0x00, 0x00, 0x00, 0x00, 0x00, 0x00,
0xF5, 0xFF, 0x14, 0x00, 0x00, 0x00, 0x00, 0x00, 0x00, 0x00, 0x00, 0x00, 0x00, 0x00, 0x00, 0x00,
0x00, 0xFD, 0xFF, 0x05, 0x00, 0x00, 0x00, 0x00, 0x00, 0x00, 0x00, 0x00, 0x00, 0x00, 0x00, 0x00,
0x00, 0x00, 0xF0, 0xFF, 0x19, 0x00, 0x00, 0x00, 0x00, 0x00, 0x00, 0x00, 0x00, 0x00, 0x00, 0x00,
0x00, 0x00, 0x00, 0xCF, 0xFF, 0x35, 0x00, 0x00, 0x00, 0x00, 0x00, 0x00, 0x00, 0x00, 0x00, 0x00,
0x00, 0x00, 0x00, 0x00, 0x98, 0xFF, 0x7A, 0x00, 0x00, 0x00, 0x00, 0x00, 0x00, 0x00, 0x00, 0x00,
0x00, 0x00, 0x03, 0x90, 0x41, 0x49, 0xFF, 0xD2, 0x02, 0x00, 0x00, 0x00, 0x00, 0x00, 0x00, 0x00,
0x00, 0x00, 0x00, 0x1C, 0xFF, 0xCA, 0x03, 0xDC, 0xFF, 0x72, 0x00, 0x00, 0x00, 0x00, 0x00, 0x00,
0x00, 0x00, 0x00, 0x00, 0x83, 0xFF, 0x67, 0x00, 0x50, 0xFF, 0xFA, 0x6E, 0x00, 0x00, 0x00, 0x00,
0x00, 0x00, 0x00, 0x02, 0x71, 0xFC, 0xD7, 0x05, 0x00, 0x00, 0x8B, 0xFF, 0xFF, 0xC8, 0x64, 0x27,
0x0A, 0x0B, 0x2D, 0x70, 0xD6, 0xFF, 0xEE, 0x2C, 0x00, 0x00, 0x00, 0x00, 0x73, 0xF7, 0xFF, 0xFF,
0xFF, 0xFF, 0xFF, 0xFF, 0xFF, 0xFF, 0xCF, 0x2A, 0x00, 0x00, 0x00, 0x00, 0x00, 0x00, 0x19, 0x7A,
0xBF, 0xE8, 0xF9, 0xF8, 0xE1, 0xAC, 0x55, 0x03, 0x00, 0x00, 0x00, 0xFF, 0xFF, 0xFF, 0xFF, 0xFF,
0xFF, 0xFF, 0xFB, 0xEF, 0xD4, 0x99, 0x3C, 0x00, 0x00, 0x00, 0x00, 0xFF, 0xFF, 0xFF, 0xFF, 0xFF,
0xFF, 0xFF, 0xFF, 0xFF, 0xFF, 0xFF, 0xFF, 0xA6, 0x0B, 0x00, 0x00, 0xFF, 0xFF, 0x00, 0x00, 0x00,
0x00, 0x00, 0x06, 0x17, 0x3C, 0x8C, 0xF7, 0xFF, 0xB9, 0x06, 0x00, 0xFF, 0xFF, 0x00, 0x00, 0x00,
0x00, 0x00, 0x00, 0x00, 0x00, 0x00, 0x2D, 0xE8, 0xFF, 0x80, 0x00, 0xFF, 0xFF, 0x00, 0x00, 0x00,
0x00, 0x00, 0x00, 0x00, 0x00, 0x00, 0x00, 0x3B, 0xFE, 0xF2, 0x14, 0xFF, 0xFF, 0x00, 0x00, 0x00,
0x00, 0x00, 0x00, 0x00, 0x00, 0x00, 0x00, 0x00, 0xAB, 0xFF, 0x66, 0xFF, 0xFF, 0x00, 0x00, 0x00,
0x00, 0x00, 0x00, 0x00, 0x00, 0x00, 0x00, 0x00, 0x54, 0xFF, 0xAC, 0xFF, 0xFF, 0x00, 0x00, 0x00,
0x00, 0x00, 0x00, 0x00, 0x00, 0x00, 0x00, 0x00, 0x23, 0xFF, 0xD8, 0xFF, 0xFF, 0x00, 0x00, 0x00,
0x00, 0x00, 0x00, 0x00, 0x00, 0x00, 0x00, 0x00, 0x0B, 0xFF, 0xED, 0xFF, 0xFF, 0x00, 0x00, 0x00,
0x00, 0x00, 0x00, 0x00, 0x00, 0x00, 0x00, 0x00, 0x04, 0xFF, 0xFB, 0xFF, 0xFF, 0x00, 0x00, 0x00,
0x00, 0x00, 0x00, 0x00, 0x00, 0x00, 0x00, 0x00, 0x14, 0xFF, 0xEE, 0xFF, 0xFF, 0x00, 0x00, 0x00,
0x00, 0x00, 0x00, 0x00, 0x00, 0x00, 0x00, 0x00, 0x2D, 0xFF, 0xD7, 0xFF, 0xFF, 0x00, 0x00, 0x00,
0x00, 0x00, 0x00, 0x00, 0x00, 0x00, 0x00, 0x00, 0x68, 0xFF, 0xA4, 0xFF, 0xFF, 0x00, 0x00, 0x00,
0x00, 0x00, 0x00, 0x00, 0x00, 0x00, 0x00, 0x00, 0xBD, 0xFF, 0x60, 0xFF, 0xFF, 0x00, 0x00, 0x00,
0x00, 0x00, 0x00, 0x00, 0x00, 0x00, 0x00, 0x41, 0xFF, 0xF1, 0x0B, 0xFF, 0xFF, 0x00, 0x00, 0x00,
0x00, 0x00, 0x00, 0x00, 0x00, 0x00, 0x2A, 0xE9, 0xFF, 0x74, 0x00, 0xFF, 0xFF, 0x00, 0x00, 0x00,
0x00, 0x00, 0x0A, 0x1B, 0x47, 0x96, 0xF7, 0xFF, 0xB7, 0x03, 0x00, 0xFF, 0xFF, 0xFF, 0xFF, 0xFF,
0xFF, 0xFF, 0xFF, 0xFF, 0xFF, 0xFF, 0xFF, 0xA2, 0x09, 0x00, 0x00, 0xFF, 0xFF, 0xFF, 0xFF, 0xFF,
0xFF, 0xFF, 0xFA, 0xEC, 0xC9, 0x8E, 0x32, 0x00, 0x00, 0x00, 0x00, 0xFF, 0xFF, 0xFF, 0xFF, 0xFF,
0xFF, 0xFF, 0xFF, 0xFF, 0xFF, 0xFF, 0xFF, 0xFF, 0xFF, 0xFF, 0xFF, 0xFF, 0xFF, 0xFF, 0xFF, 0xFF,
0xFF, 0xFF, 0xFF, 0xFF, 0xFF, 0xFF, 0xFF, 0xFF, 0xFF, 0x00, 0x00, 0x00, 0x00, 0x00, 0x00, 0x00,
0x00, 0x00, 0x00, 0x00, 0x00, 0xFF, 0xFF, 0x00, 0x00, 0x00, 0x00, 0x00, 0x00, 0x00, 0x00, 0x00,
0x00, 0x00, 0x00, 0xFF, 0xFF, 0x00, 0x00, 0x00, 0x00, 0x00, 0x00, 0x00, 0x00, 0x00, 0x00, 0x00,
0x00, 0xFF, 0xFF, 0x00, 0x00, 0x00, 0x00, 0x00, 0x00, 0x00, 0x00, 0x00, 0x00, 0x00, 0x00, 0xFF,
0xFF, 0x00, 0x00, 0x00, 0x00, 0x00, 0x00, 0x00, 0x00, 0x00, 0x00, 0x00, 0x00, 0xFF, 0xFF, 0x00,
0x00, 0x00, 0x00, 0x00, 0x00, 0x00, 0x00, 0x00, 0x00, 0x00, 0x00, 0xFF, 0xFF, 0xFF, 0xFF, 0xFF,
0xFF, 0xFF, 0xFF, 0xFF, 0xFF, 0xFF, 0xFF, 0xFF, 0x00, 0xFF, 0xFF, 0xFF, 0xFF, 0xFF, 0xFF, 0xFF,
0xFF, 0xFF, 0xFF, 0xFF, 0xFF, 0xFF, 0x00, 0xFF, 0xFF, 0x00, 0x00, 0x00, 0x00, 0x00, 0x00, 0x00,
0x00, 0x00, 0x00, 0x00, 0x00, 0xFF, 0xFF, 0x00, 0x00, 0x00, 0x00, 0x00, 0x00, 0x00, 0x00, 0x00,
0x00, 0x00, 0x00, 0xFF, 0xFF, 0x00, 0x00, 0x00, 0x00, 0x00, 0x00, 0x00, 0x00, 0x00, 0x00, 0x00,
0x00, 0xFF, 0xFF, 0x00, 0x00, 0x00, 0x00, 0x00, 0x00, 0x00, 0x00, 0x00, 0x00, 0x00, 0x00, 0xFF,
0xFF, 0x00, 0x00, 0x00, 0x00, 0x00, 0x00, 0x00, 0x00, 0x00, 0x00, 0x00, 0x00, 0xFF, 0xFF, 0x00,
0x00, 0x00, 0x00, 0x00, 0x00, 0x00, 0x00, 0x00, 0x00, 0x00, 0x00, 0xFF, 0xFF, 0x00, 0x00, 0x00,
0x00, 0x00, 0x00, 0x00, 0x00, 0x00, 0x00, 0x00, 0x00, 0xFF, 0xFF, 0xFF, 0xFF, 0xFF, 0xFF, 0xFF,
0xFF, 0xFF, 0xFF, 0xFF, 0xFF, 0xFF, 0xFF, 0xFF, 0xFF, 0xFF, 0xFF, 0xFF, 0xFF, 0xFF, 0xFF, 0xFF,
0xFF, 0xFF, 0xFF, 0xFF, 0xFF, 0xFF, 0xFF, 0xFF, 0xFF, 0xFF, 0xFF, 0xFF, 0xFF, 0xFF, 0xFF, 0xFF,
0xFF, 0xFF, 0xFF, 0xFF, 0xFF, 0xFF, 0xFF, 0xFF, 0xFF, 0xFF, 0xFF, 0xFF, 0xFF, 0xFF, 0xFF, 0xFF,
0xFF, 0x00, 0x00, 0x00, 0x00, 0x00, 0x00, 0x00, 0x00, 0x00, 0x00, 0x00, 0xFF, 0xFF, 0x00, 0x00,
0x00, 0x00, 0x00, 0x00, 0x00, 0x00, 0x00, 0x00, 0x00, 0xFF, 0xFF, 0x00, 0x00, 0x00, 0x00, 0x00,
0x00, 0x00, 0x00, 0x00, 0x00, 0x00, 0xFF, 0xFF, 0x00, 0x00, 0x00, 0x00, 0x00, 0x00, 0x00, 0x00,
0x00, 0x00, 0x00, 0xFF, 0xFF, 0x00, 0x00, 0x00, 0x00, 0x00, 0x00, 0x00, 0x00, 0x00, 0x00, 0x00,
0xFF, 0xFF, 0x00, 0x00, 0x00, 0x00, 0x00, 0x00, 0x00, 0x00, 0x00, 0x00, 0x00, 0xFF, 0xFF, 0xFF,
0xFF, 0xFF, 0xFF, 0xFF, 0xFF, 0xFF, 0xFF, 0xFF, 0x00, 0x00, 0xFF, 0xFF, 0xFF, 0xFF, 0xFF, 0xFF,
0xFF, 0xFF, 0xFF, 0xFF, 0xFF, 0x00, 0x00, 0xFF, 0xFF, 0x00, 0x00, 0x00, 0x00, 0x00, 0x00, 0x00,
0x00, 0x00, 0x00, 0x00, 0xFF, 0xFF, 0x00, 0x00, 0x00, 0x00, 0x00, 0x00, 0x00, 0x00, 0x00, 0x00,
0x00, 0xFF, 0xFF, 0x00, 0x00, 0x00, 0x00, 0x00, 0x00, 0x00, 0x00, 0x00, 0x00, 0x00, 0xFF, 0xFF,
0x00, 0x00, 0x00, 0x00, 0x00, 0x00, 0x00, 0x00, 0x00, 0x00, 0x00, 0xFF, 0xFF, 0x00, 0x00, 0x00,
0x00, 0x00, 0x00, 0x00, 0x00, 0x00, 0x00, 0x00, 0xFF, 0xFF, 0x00, 0x00, 0x00, 0x00, 0x00, 0x00,
0x00, 0x00, 0x00, 0x00, 0x00, 0xFF, 0xFF, 0x00, 0x00, 0x00, 0x00, 0x00, 0x00, 0x00, 0x00, 0x00,
0x00, 0x00, 0xFF, 0xFF, 0x00, 0x00, 0x00, 0x00, 0x00, 0x00, 0x00, 0x00, 0x00, 0x00, 0x00, 0xFF,
0xFF, 0x00, 0x00, 0x00, 0x00, 0x00, 0x00, 0x00, 0x00, 0x00, 0x00, 0x00, 0x00, 0x00, 0x00, 0x00,
0x07, 0x5D, 0xAB, 0xDC, 0xF6, 0xF9, 0xE4, 0xBC, 0x76, 0x14, 0x00, 0x00, 0x00, 0x00, 0x00, 0x00,
0x4F, 0xE5, 0xFF, 0xFF, 0xFF, 0xFF, 0xFF, 0xFF, 0xFF, 0xFF, 0xF2, 0x68, 0x00, 0x00, 0x00, 0x00,
0x6B, 0xFE, 0xFF, 0xD1, 0x69, 0x29, 0x0E, 0x07, 0x1E, 0x5A, 0xC2, 0xFF, 0xFF, 0x6A, 0x00, 0x00,
0x3E, 0xFC, 0xFE, 0x76, 0x01, 0x00, 0x00, 0x00, 0x00, 0x00, 0x00, 0x00, 0x74, 0xFF, 0xF4, 0x1B,
0x00, 0xD0, 0xFF, 0x81, 0x00, 0x00, 0x00, 0x00, 0x00, 0x00, 0x00, 0x00, 0x00, 0x00, 0xAF, 0xFF,
0x7C, 0x41, 0xFF, 0xDD, 0x05, 0x00, 0x00, 0x00, 0x00, 0x00, 0x00, 0x00, 0x00, 0x00, 0x00, 0x39,
0xAF, 0x49, 0x94, 0xFF, 0x82, 0x00, 0x00, 0x00, 0x00, 0x00, 0x00, 0x00, 0x00, 0x00, 0x00, 0x00,
0x00, 0x00, 0x00, 0xCE, 0xFF, 0x38, 0x00, 0x00, 0x00, 0x00, 0x00, 0x00, 0x00, 0x00, 0x00, 0x00,
0x00, 0x00, 0x00, 0x00, 0xF0, 0xFF, 0x18, 0x00, 0x00, 0x00, 0x00, 0x00, 0x00, 0x00, 0x00, 0x00,
0x00, 0x00, 0x00, 0x00, 0x00, 0xFC, 0xFF, 0x06, 0x00, 0x00, 0x00, 0x00, 0x00, 0x00, 0x00, 0xFF,
0xFF, 0xFF, 0xFF, 0xFF, 0xFF, 0xFF, 0xF3, 0xFF, 0x18, 0x00, 0x00, 0x00, 0x00, 0x00, 0x00, 0x00,
0xFF, 0xFF, 0xFF, 0xFF, 0xFF, 0xFF, 0xFF, 0xD5, 0xFF, 0x33, 0x00, 0x00, 0x00, 0x00, 0x00, 0x00,
0x00, 0x00, 0x00, 0x00, 0x00, 0x00, 0xFF, 0xFF, 0x9F, 0xFF, 0x7A, 0x00, 0x00, 0x00, 0x00, 0x00,
0x00, 0x00, 0x00, 0x00, 0x00, 0x00, 0x00, 0xFF, 0xFF, 0x4C, 0xFF, 0xD8, 0x03, 0x00, 0x00, 0x00,
0x00, 0x00, 0x00, 0x00, 0x00, 0x00, 0x00, 0x00, 0xFF, 0xFF, 0x02, 0xD7, 0xFF, 0x86, 0x00, 0x00,
0x00, 0x00, 0x00, 0x00, 0x00, 0x00, 0x00, 0x00, 0x03, 0xFF, 0xFF, 0x00, 0x40, 0xFC, 0xFE, 0x86,
0x06, 0x00, 0x00, 0x00, 0x00, 0x00, 0x00, 0x00, 0x28, 0xC2, 0xFF, 0xFF, 0x00, 0x00, 0x61, 0xFC,
0xFF, 0xDA, 0x7C, 0x32, 0x13, 0x07, 0x20, 0x58, 0xAC, 0xFD, 0xFF, 0xF4, 0x64, 0x00, 0x00, 0x00,
0x3E, 0xD5, 0xFF, 0xFF, 0xFF, 0xFF, 0xFF, 0xFF, 0xFF, 0xFF, 0xFE, 0xAB, 0x24, 0x00, 0x00, 0x00,
0x00, 0x00, 0x01, 0x4B, 0x9E, 0xD5, 0xF4, 0xFA, 0xE6, 0xC4, 0x7E, 0x29, 0x00, 0x00, 0x00, 0xFF,
0xFF, 0x00, 0x00, 0x00, 0x00, 0x00, 0x00, 0x00, 0x00, 0x00, 0x00, 0x00, 0xFF, 0xFF, 0xFF, 0xFF,
0x00, 0x00, 0x00, 0x00, 0x00, 0x00, 0x00, 0x00, 0x00, 0x00, 0x00, 0xFF, 0xFF, 0xFF, 0xFF, 0x00,
0x00, 0x00, 0x00, 0x00, 0x00, 0x00, 0x00, 0x00, 0x00, 0x00, 0xFF, 0xFF, 0xFF, 0xFF, 0x00, 0x00,
0x00, 0x00, 0x00, 0x00, 0x00, 0x00, 0x00, 0x00, 0x00, 0xFF, 0xFF, 0xFF, 0xFF, 0x00, 0x00, 0x00,
0x00, 0x00, 0x00, 0x00, 0x00, 0x00, 0x00, 0x00, 0xFF, 0xFF, 0xFF, 0xFF, 0x00, 0x00, 0x00, 0x00,
0x00, 0x00, 0x00, 0x00, 0x00, 0x00, 0x00, 0xFF, 0xFF, 0xFF, 0xFF, 0x00, 0x00, 0x00, 0x00, 0x00,
0x00, 0x00, 0x00, 0x00, 0x00, 0x00, 0xFF, 0xFF, 0xFF, 0xFF, 0x00, 0x00, 0x00, 0x00, 0x00, 0x00,
0x00, 0x00, 0x00, 0x00, 0x00, 0xFF, 0xFF, 0xFF, 0xFF, 0xFF, 0xFF, 0xFF, 0xFF, 0xFF, 0xFF, 0xFF,
0xFF, 0xFF, 0xFF, 0xFF, 0xFF, 0xFF, 0xFF, 0xFF, 0xFF, 0xFF, 0xFF, 0xFF, 0xFF, 0xFF, 0xFF, 0xFF,
0xFF, 0xFF, 0xFF, 0xFF, 0xFF, 0xFF, 0xFF, 0x00, 0x00, 0x00, 0x00, 0x00, 0x00, 0x00, 0x00, 0x00,
0x00, 0x00, 0xFF, 0xFF, 0xFF, 0xFF, 0x00, 0x00, 0x00, 0x00, 0x00, 0x00, 0x00, 0x00, 0x00, 0x00,
0x00, 0xFF, 0xFF, 0xFF, 0xFF, 0x00, 0x00, 0x00, 0x00, 0x00, 0x00, 0x00, 0x00, 0x00, 0x00, 0x00,
0xFF, 0xFF, 0xFF, 0xFF, 0x00, 0x00, 0x00, 0x00, 0x00, 0x00, 0x00, 0x00, 0x00, 0x00, 0x00, 0xFF,
0xFF, 0xFF, 0xFF, 0x00, 0x00, 0x00, 0x00, 0x00, 0x00, 0x00, 0x00, 0x00, 0x00, 0x00, 0xFF, 0xFF,
0xFF, 0xFF, 0x00, 0x00, 0x00, 0x00, 0x00, 0x00, 0x00, 0x00, 0x00, 0x00, 0x00, 0xFF, 0xFF, 0xFF,
0xFF, 0x00, 0x00, 0x00, 0x00, 0x00, 0x00, 0x00, 0x00, 0x00, 0x00, 0x00, 0xFF, 0xFF, 0xFF, 0xFF,
0x00, 0x00, 0x00, 0x00, 0x00, 0x00, 0x00, 0x00, 0x00, 0x00, 0x00, 0xFF, 0xFF, 0xFF, 0xFF, 0x00,
0x00, 0x00, 0x00, 0x00, 0x00, 0x00, 0x00, 0x00, 0x00, 0x00, 0xFF, 0xFF, 0xFF, 0xFF, 0xFF, 0xFF,
0xFF, 0xFF, 0xFF, 0xFF, 0xFF, 0xFF, 0xFF, 0xFF, 0xFF, 0xFF, 0xFF, 0xFF, 0xFF, 0xFF, 0xFF, 0xFF,
0xFF, 0xFF, 0xFF, 0xFF, 0xFF, 0xFF, 0xFF, 0xFF, 0xFF, 0xFF, 0xFF, 0xFF, 0xFF, 0xFF, 0xFF, 0xFF,
0xFF, 0xFF, 0x00, 0x00, 0x00, 0x00, 0x00, 0x00, 0x00, 0x00, 0xFF, 0xFF, 0x00, 0x00, 0x00, 0x00,
0x00, 0x00, 0x00, 0x00, 0xFF, 0xFF, 0x00, 0x00, 0x00, 0x00, 0x00, 0x00, 0x00, 0x00, 0xFF, 0xFF,
0x00, 0x00, 0x00, 0x00, 0x00, 0x00, 0x00, 0x00, 0xFF, 0xFF, 0x00, 0x00, 0x00, 0x00, 0x00, 0x00,
0x00, 0x00, 0xFF, 0xFF, 0x00, 0x00, 0x00, 0x00, 0x00, 0x00, 0x00, 0x00, 0xFF, 0xFF, 0x00, 0x00,
0x00, 0x00, 0x00, 0x00, 0x00, 0x00, 0xFF, 0xFF, 0x00, 0x00, 0x00, 0x00, 0x00, 0x00, 0x00, 0x00,
0xFF, 0xFF, 0x00, 0x00, 0x00, 0x00, 0x00, 0x00, 0x00, 0x00, 0xFF, 0xFF, 0x00, 0x00, 0x00, 0x00,
0x00, 0x00, 0x00, 0x00, 0xFF, 0xFF, 0x00, 0x00, 0x00, 0x00, 0x00, 0x00, 0x00, 0x00, 0xFF, 0xFF,
0x00, 0x00, 0x00, 0x00, 0x00, 0x00, 0x00, 0x00, 0xFF, 0xFF, 0x00, 0x00, 0x00, 0x00, 0x00, 0x00,
0x00, 0x00, 0xFF, 0xFF, 0xC1, 0xEB, 0x0A, 0x00, 0x00, 0x00, 0x00, 0x06, 0xFF, 0xF9, 0xF0, 0xFF,
0x2C, 0x00, 0x00, 0x00, 0x00, 0x19, 0xFF, 0xE4, 0xC5, 0xFF, 0x7B, 0x00, 0x00, 0x00, 0x00, 0x5D,
0xFF, 0xB5, 0x6F, 0xFF, 0xF6, 0x6A, 0x16, 0x0E, 0x59, 0xED, 0xFF, 0x56, 0x06, 0xC5, 0xFF, 0xFF,
0xFF, 0xFF, 0xFF, 0xFF, 0xA6, 0x00, 0x00, 0x0A, 0x7E, 0xD6, 0xF8, 0xEF, 0xC5, 0x61, 0x01, 0x00,
0xFF, 0xFF, 0x00, 0x00, 0x00, 0x00, 0x00, 0x00, 0x00, 0x00, 0x0B, 0xBA, 0xFF, 0xFF, 0x76, 0xFF,
0xFF, 0x00, 0x00, 0x00, 0x00, 0x00, 0x00, 0x00, 0x11, 0xC7, 0xFF, 0xFC, 0x64, 0x00, 0xFF, 0xFF,
0x00, 0x00, 0x00, 0x00, 0x00, 0x00, 0x19, 0xD2, 0xFF, 0xF8, 0x53, 0x00, 0x00, 0xFF, 0xFF, 0x00,
0x00, 0x00, 0x00, 0x00, 0x22, 0xDD, 0xFF, 0xF3, 0x43, 0x00, 0x00, 0x00, 0xFF, 0xFF, 0x00, 0x00,
0x00, 0x00, 0x2C, 0xE6, 0xFF, 0xEC, 0x36, 0x00, 0x00, 0x00, 0x00, 0xFF, 0xFF, 0x00, 0x00, 0x00,
0x38, 0xEE, 0xFF, 0xE4, 0x2A, 0x00, 0x00, 0x00, 0x00, 0x00, 0xFF, 0xFF, 0x00, 0x00, 0x45, 0xF4,
0xFF, 0xDA, 0x1F, 0x00, 0x00, 0x00, 0x00, 0x00, 0x00, 0xFF, 0xFF, 0x00, 0x53, 0xF9, 0xFF, 0xFA,
0x1C, 0x00, 0x00, 0x00, 0x00, 0x00, 0x00, 0x00, 0xFF, 0xFF, 0x63, 0xFC, 0xFF, 0xFF, 0xFF, 0x8B,
0x00, 0x00, 0x00, 0x00, 0x00, 0x00, 0x00, 0xFF, 0xFF, 0xFF, 0xFF, 0xB4, 0xCC, 0xFF, 0xFE, 0x43,
0x00, 0x00, 0x00, 0x00, 0x00, 0x00, 0xFF, 0xFF, 0xFF, 0xA0, 0x04, 0x23, 0xF1, 0xFF, 0xE4, 0x12,
0x00, 0x00, 0x00, 0x00, 0x00, 0xFF, 0xFF, 0x8B, 0x01, 0x00, 0x00, 0x56, 0xFF, 0xFF, 0xAC, 0x00,
0x00, 0x00, 0x00, 0x00, 0xFF, 0xFF, 0x00, 0x00, 0x00, 0x00, 0x00, 0x97, 0xFF, 0xFF, 0x62, 0x00,
0x00, 0x00, 0x00, 0xFF, 0xFF, 0x00, 0x00, 0x00, 0x00, 0x00, 0x08, 0xD0, 0xFF, 0xF3, 0x24, 0x00,
0x00, 0x00, 0xFF, 0xFF, 0x00, 0x00, 0x00, 0x00, 0x00, 0x00, 0x26, 0xF3, 0xFF, 0xC9, 0x04, 0x00,
0x00, 0xFF, 0xFF, 0x00, 0x00, 0x00, 0x00, 0x00, 0x00, 0x00, 0x5B, 0xFF, 0xFF, 0x83, 0x00, 0x00,
0xFF, 0xFF, 0x00, 0x00, 0x00, 0x00, 0x00, 0x00, 0x00, 0x00, 0x9D, 0xFF, 0xFC, 0x3C, 0x00, 0xFF,
0xFF, 0x00, 0x00, 0x00, 0x00, 0x00, 0x00, 0x00, 0x00, 0x0A, 0xD4, 0xFF, 0xDF, 0x0F, 0xFF, 0xFF,
0x00, 0x00, 0x00, 0x00, 0x00, 0x00, 0x00, 0x00, 0x00, 0x2A, 0xF5, 0xFF, 0xA5, 0xFF, 0xFF, 0x00,
0x00, 0x00, 0x00, 0x00, 0x00, 0x00, 0x00, 0x00, 0xFF, 0xFF, 0x00, 0x00, 0x00, 0x00, 0x00, 0x00,
0x00, 0x00, 0x00, 0xFF, 0xFF, 0x00, 0x00, 0x00, 0x00, 0x00, 0x00, 0x00, 0x00, 0x00, 0xFF, 0xFF,
0x00, 0x00, 0x00, 0x00, 0x00, 0x00, 0x00, 0x00, 0x00, 0xFF, 0xFF, 0x00, 0x00, 0x00, 0x00, 0x00,
0x00, 0x00, 0x00, 0x00, 0xFF, 0xFF, 0x00, 0x00, 0x00, 0x00, 0x00, 0x00, 0x00, 0x00, 0x00, 0xFF,
0xFF, 0x00, 0x00, 0x00, 0x00, 0x00, 0x00, 0x00, 0x00, 0x00, 0xFF, 0xFF, 0x00, 0x00, 0x00, 0x00,
0x00, 0x00, 0x00, 0x00, 0x00, 0xFF, 0xFF, 0x00, 0x00, 0x00, 0x00, 0x00, 0x00, 0x00, 0x00, 0x00,
0xFF, 0xFF, 0x00, 0x00, 0x00, 0x00, 0x00, 0x00, 0x00, 0x00, 0x00, 0xFF, 0xFF, 0x00, 0x00, 0x00,
0x00, 0x00, 0x00, 0x00, 0x00, 0x00, 0xFF, 0xFF, 0x00, 0x00, 0x00, 0x00, 0x00, 0x00, 0x00, 0x00,
0x00, 0xFF, 0xFF, 0x00, 0x00, 0x00, 0x00, 0x00, 0x00, 0x00, 0x00, 0x00, 0xFF, 0xFF, 0x00, 0x00,
0x00, 0x00, 0x00, 0x00, 0x00, 0x00, 0x00, 0xFF, 0xFF, 0x00, 0x00, 0x00, 0x00, 0x00, 0x00, 0x00,
0x00, 0x00, 0xFF, 0xFF, 0x00, 0x00, 0x00, 0x00, 0x00, 0x00, 0x00, 0x00, 0x00, 0xFF, 0xFF, 0x00,
0x00, 0x00, 0x00, 0x00, 0x00, 0x00, 0x00, 0x00, 0xFF, 0xFF, 0xFF, 0xFF, 0xFF, 0xFF, 0xFF, 0xFF,
0xFF, 0xFF, 0xFF, 0xFF, 0xFF, 0xFF, 0xFF, 0xFF, 0xFF, 0xFF, 0xFF, 0xFF, 0xFF, 0xFF, 0xE7, 0xB5,
0x83, 0x29, 0x00, 0x00, 0x00, 0x00, 0x00, 0x00, 0x00, 0x00, 0x00, 0x29, 0x83, 0xB5, 0xE6, 0xFF,
0xFF, 0xFF, 0xA9, 0x00, 0x00, 0x00, 0x00, 0x00, 0x00, 0x00, 0x00, 0x00, 0xAA, 0xFF, 0xFF, 0xFF,
0xFF, 0xFF, 0xD7, 0xF5, 0x0B, 0x00, 0x00, 0x00, 0x00, 0x00, 0x00, 0x00, 0x0B, 0xF5, 0xDC, 0xFF,
0xFF, 0xFF, 0xFF, 0x84, 0xFF, 0x57, 0x00, 0x00, 0x00, 0x00, 0x00, 0x00, 0x00, 0x58, 0xFF, 0x8A,
0xFF, 0xFF, 0xFF, 0xFF, 0x32, 0xFF, 0xAE, 0x00, 0x00, 0x00, 0x00, 0x00, 0x00, 0x00, 0xAF, 0xFF,
0x37, 0xFF, 0xFF, 0xFF, 0xFF, 0x00, 0xDE, 0xF7, 0x0E, 0x00, 0x00, 0x00, 0x00, 0x00, 0x0E, 0xF8,
0xE4, 0x01, 0xFF, 0xFF, 0xFF, 0xFF, 0x00, 0x8D, 0xFF, 0x5D, 0x00, 0x00, 0x00, 0x00, 0x00, 0x5E,
0xFF, 0x92, 0x00, 0xFF, 0xFF, 0xFF, 0xFF, 0x00, 0x3A, 0xFF, 0xB4, 0x00, 0x00, 0x00, 0x00, 0x00,
0xB5, 0xFF, 0x40, 0x00, 0xFF, 0xFF, 0xFF, 0xFF, 0x00, 0x01, 0xE5, 0xFA, 0x11, 0x00, 0x00, 0x00,
0x11, 0xFA, 0xEA, 0x03, 0x00, 0xFF, 0xFF, 0xFF, 0xFF, 0x00, 0x00, 0x95, 0xFF, 0x63, 0x00, 0x00,
0x00, 0x63, 0xFF, 0x9B, 0x00, 0x00, 0xFF, 0xFF, 0xFF, 0xFF, 0x00, 0x00, 0x42, 0xFF, 0xBA, 0x00,
0x00, 0x00, 0xBA, 0xFF, 0x48, 0x00, 0x00, 0xFF, 0xFF, 0xFF, 0xFF, 0x00, 0x00, 0x03, 0xEC, 0xFC,
0x15, 0x00, 0x15, 0xFC, 0xF0, 0x06, 0x00, 0x00, 0xFF, 0xFF, 0xFF, 0xFF, 0x00, 0x00, 0x00, 0x9D,
0xFF, 0x69, 0x00, 0x68, 0xFF, 0xA3, 0x00, 0x00, 0x00, 0xFF, 0xFF, 0xFF, 0xFF, 0x00, 0x00, 0x00,
0x4A, 0xFF, 0xBE, 0x00, 0xBD, 0xFF, 0x51, 0x00, 0x00, 0x00, 0xFF, 0xFF, 0xFF, 0xFF, 0x00, 0x00,
0x00, 0x06, 0xF1, 0xFC, 0x26, 0xFB, 0xF5, 0x09, 0x00, 0x00, 0x00, 0xFF, 0xFF, 0xFF, 0xFF, 0x00,
0x00, 0x00, 0x00, 0xA5, 0xFF, 0xBB, 0xFF, 0xAC, 0x00, 0x00, 0x00, 0x00, 0xFF, 0xFF, 0xFF, 0xFF,
0x00, 0x00, 0x00, 0x00, 0x53, 0xFF, 0xFF, 0xFF, 0x59, 0x00, 0x00, 0x00, 0x00, 0xFF, 0xFF, 0xFF,
0xFF, 0x00, 0x00, 0x00, 0x00, 0x0A, 0xF5, 0xFF, 0xF9, 0x0E, 0x00, 0x00, 0x00, 0x00, 0xFF, 0xFF,
0xFF, 0xFF, 0x00, 0x00, 0x00, 0x00, 0x00, 0xAD, 0xFF, 0xB5, 0x00, 0x00, 0x00, 0x00, 0x00, 0xFF,
0xFF, 0xFF, 0xFF, 0x85, 0x00, 0x00, 0x00, 0x00, 0x00, 0x00, 0x00, 0x00, 0x00, 0x00, 0xFF, 0xFF,
0xFF, 0xFF, 0xFC, 0x34, 0x00, 0x00, 0x00, 0x00, 0x00, 0x00, 0x00, 0x00, 0x00, 0xFF, 0xFF, 0xFF,
0xFF, 0xFE, 0xD4, 0x07, 0x00, 0x00, 0x00, 0x00, 0x00, 0x00, 0x00, 0x00, 0xFF, 0xFF, 0xFF, 0xFF,
0x92, 0xFF, 0x87, 0x00, 0x00, 0x00, 0x00, 0x00, 0x00, 0x00, 0x00, 0xFF, 0xFF, 0xFF, 0xFF, 0x0A,
0xDC, 0xFC, 0x36, 0x00, 0x00, 0x00, 0x00, 0x00, 0x00, 0x00, 0xFF, 0xFF, 0xFF, 0xFF, 0x00, 0x3D,
0xFE, 0xD6, 0x08, 0x00, 0x00, 0x00, 0x00, 0x00, 0x00, 0xFF, 0xFF, 0xFF, 0xFF, 0x00, 0x00, 0x90,
0xFF, 0x8A, 0x00, 0x00, 0x00, 0x00, 0x00, 0x00, 0xFF, 0xFF, 0xFF, 0xFF, 0x00, 0x00, 0x09, 0xDA,
0xFD, 0x38, 0x00, 0x00, 0x00, 0x00, 0x00, 0xFF, 0xFF, 0xFF, 0xFF, 0x00, 0x00, 0x00, 0x3B, 0xFD,
0xD8, 0x08, 0x00, 0x00, 0x00, 0x00, 0xFF, 0xFF, 0xFF, 0xFF, 0x00, 0x00, 0x00, 0x00, 0x8D, 0xFF,
0x8C, 0x00, 0x00, 0x00, 0x00, 0xFF, 0xFF, 0xFF, 0xFF, 0x00, 0x00, 0x00, 0x00, 0x09, 0xD8, 0xFD,
0x3A, 0x00, 0x00, 0x00, 0xFF, 0xFF, 0xFF, 0xFF, 0x00, 0x00, 0x00, 0x00, 0x00, 0x39, 0xFD, 0xDA,
0x09, 0x00, 0x00, 0xFF, 0xFF, 0xFF, 0xFF, 0x00, 0x00, 0x00, 0x00, 0x00, 0x00, 0x8B, 0xFF, 0x8F,
0x00, 0x00, 0xFF, 0xFF, 0xFF, 0xFF, 0x00, 0x00, 0x00, 0x00, 0x00, 0x00, 0x08, 0xD7, 0xFD, 0x3C,
0x00, 0xFF, 0xFF, 0xFF, 0xFF, 0x00, 0x00, 0x00, 0x00, 0x00, 0x00, 0x00, 0x37, 0xFC, 0xDB, 0x0A,
0xFF, 0xFF, 0xFF, 0xFF, 0x00, 0x00, 0x00, 0x00, 0x00, 0x00, 0x00, 0x00, 0x88, 0xFF, 0x91, 0xFF,
0xFF, 0xFF, 0xFF, 0x00, 0x00, 0x00, 0x00, 0x00, 0x00, 0x00, 0x00, 0x07, 0xD5, 0xFE, 0xFF, 0xFF,
0xFF, 0xFF, 0x00, 0x00, 0x00, 0x00, 0x00, 0x00, 0x00, 0x00, 0x00, 0x35, 0xFC, 0xFF, 0xFF, 0xFF,
0xFF, 0x00, 0x00, 0x00, 0x00, 0x00, 0x00, 0x00, 0x00, 0x00, 0x00, 0x86, 0xFF, 0xFF, 0x00, 0x00,
0x00, 0x00, 0x04, 0x5C, 0xA9, 0xDD, 0xF4, 0xF8, 0xE0, 0xAC, 0x58, 0x04, 0x00, 0x00, 0x00, 0x00,
0x00, 0x00, 0x00, 0x40, 0xDB, 0xFF, 0xFF, 0xFF, 0xFF, 0xFF, 0xFF, 0xFF, 0xFF, 0xD9, 0x30, 0x00,
0x00, 0x00, 0x00, 0x00, 0x5C, 0xFA, 0xFF, 0xDB, 0x6E, 0x29, 0x0B, 0x0F, 0x2E, 0x79, 0xE1, 0xFF,
0xF6, 0x54, 0x00, 0x00, 0x00, 0x37, 0xF9, 0xFF, 0x88, 0x04, 0x00, 0x00, 0x00, 0x00, 0x00, 0x00,
0x0A, 0xA4, 0xFF, 0xF6, 0x27, 0x00, 0x00, 0xD0, 0xFF, 0x87, 0x00, 0x00, 0x00, 0x00, 0x00, 0x00,
0x00, 0x00, 0x00, 0x00, 0xA9, 0xFF, 0xCA, 0x00, 0x47, 0xFF, 0xE0, 0x05, 0x00, 0x00, 0x00, 0x00,
0x00, 0x00, 0x00, 0x00, 0x00, 0x00, 0x11, 0xEA, 0xFF, 0x44, 0x93, 0xFF, 0x7C, 0x00, 0x00, 0x00,
0x00, 0x00, 0x00, 0x00, 0x00, 0x00, 0x00, 0x00, 0x00, 0x8F, 0xFF, 0x98, 0xCE, 0xFF, 0x39, 0x00,
0x00, 0x00, 0x00, 0x00, 0x00, 0x00, 0x00, 0x00, 0x00, 0x00, 0x00, 0x3C, 0xFF, 0xD0, 0xE9, 0xFF,
0x17, 0x00, 0x00, 0x00, 0x00, 0x00, 0x00, 0x00, 0x00, 0x00, 0x00, 0x00, 0x00, 0x1C, 0xFF, 0xF1,
0xFA, 0xFF, 0x05, 0x00, 0x00, 0x00, 0x00, 0x00, 0x00, 0x00, 0x00, 0x00, 0x00, 0x00, 0x00, 0x06,
0xFF, 0xFC, 0xF5, 0xFF, 0x13, 0x00, 0x00, 0x00, 0x00, 0x00, 0x00, 0x00, 0x00, 0x00, 0x00, 0x00,
0x00, 0x13, 0xFF, 0xF2, 0xD6, 0xFF, 0x34, 0x00, 0x00, 0x00, 0x00, 0x00, 0x00, 0x00, 0x00, 0x00,
0x00, 0x00, 0x00, 0x34, 0xFF, 0xD2, 0x9C, 0xFF, 0x75, 0x00, 0x00, 0x00, 0x00, 0x00, 0x00, 0x00,
0x00, 0x00, 0x00, 0x00, 0x00, 0x76, 0xFF, 0x9C, 0x46, 0xFF, 0xDC, 0x03, 0x00, 0x00, 0x00, 0x00,
0x00, 0x00, 0x00, 0x00, 0x00, 0x00, 0x04, 0xDF, 0xFF, 0x4A, 0x01, 0xCF, 0xFF, 0x83, 0x00, 0x00,
0x00, 0x00, 0x00, 0x00, 0x00, 0x00, 0x00, 0x00, 0x8C, 0xFF, 0xD4, 0x01, 0x00, 0x37, 0xFA, 0xFE,
0x82, 0x02, 0x00, 0x00, 0x00, 0x00, 0x00, 0x00, 0x03, 0x88, 0xFF, 0xFB, 0x3C, 0x00, 0x00, 0x00,
0x5A, 0xFB, 0xFF, 0xD6, 0x69, 0x26, 0x09, 0x0A, 0x27, 0x6B, 0xD8, 0xFF, 0xFC, 0x63, 0x00, 0x00,
0x00, 0x00, 0x00, 0x3D, 0xDA, 0xFF, 0xFF, 0xFF, 0xFF, 0xFF, 0xFF, 0xFF, 0xFF, 0xDE, 0x44, 0x00,
0x00, 0x00, 0x00, 0x00, 0x00, 0x00, 0x04, 0x58, 0xAC, 0xE0, 0xF8, 0xF9, 0xE0, 0xAB, 0x58, 0x04,
0x00, 0x00, 0x00, 0x00, 0xFF, 0xFF, 0xFF, 0xFF, 0xFF, 0xFF, 0xFF, 0xFB, 0xF2, 0xD7, 0x9C, 0x34,
0x00, 0x00, 0xFF, 0xFF, 0xFF, 0xFF, 0xFF, 0xFF, 0xFF, 0xFF, 0xFF, 0xFF, 0xFF, 0xFE, 0x73, 0x00,
0xFF, 0xFF, 0x00, 0x00, 0x00, 0x00, 0x00, 0x01, 0x09, 0x28, 0x96, 0xFF, 0xFE, 0x39, 0xFF, 0xFF,
0x00, 0x00, 0x00, 0x00, 0x00, 0x00, 0x00, 0x00, 0x00, 0x95, 0xFF, 0xAB, 0xFF, 0xFF, 0x00, 0x00,
0x00, 0x00, 0x00, 0x00, 0x00, 0x00, 0x00, 0x25, 0xFF, 0xE8, 0xFF, 0xFF, 0x00, 0x00, 0x00, 0x00,
0x00, 0x00, 0x00, 0x00, 0x00, 0x07, 0xFF, 0xF9, 0xFF, 0xFF, 0x00, 0x00, 0x00, 0x00, 0x00, 0x00,
0x00, 0x00, 0x00, 0x27, 0xFF, 0xE0, 0xFF, 0xFF, 0x00, 0x00, 0x00, 0x00, 0x00, 0x00, 0x00, 0x00,
0x00, 0xA0, 0xFF, 0x99, 0xFF, 0xFF, 0x00, 0x00, 0x00, 0x00, 0x00, 0x03, 0x14, 0x45, 0xAF, 0xFF,
0xF4, 0x23, 0xFF, 0xFF, 0xFF, 0xFF, 0xFF, 0xFF, 0xFF, 0xFF, 0xFF, 0xFF, 0xFF, 0xF1, 0x4B, 0x00,
0xFF, 0xFF, 0xFF, 0xFF, 0xFF, 0xFF, 0xFF, 0xF8, 0xE8, 0xBF, 0x7E, 0x1A, 0x00, 0x00, 0xFF, 0xFF,
0x00, 0x00, 0x00, 0x00, 0x00, 0x00, 0x00, 0x00, 0x00, 0x00, 0x00, 0x00, 0xFF, 0xFF, 0x00, 0x00,
0x00, 0x00, 0x00, 0x00, 0x00, 0x00, 0x00, 0x00, 0x00, 0x00, 0xFF, 0xFF, 0x00, 0x00, 0x00, 0x00,
0x00, 0x00, 0x00, 0x00, 0x00, 0x00, 0x00, 0x00, 0xFF, 0xFF, 0x00, 0x00, 0x00, 0x00, 0x00, 0x00,
0x00, 0x00, 0x00, 0x00, 0x00, 0x00, 0xFF, 0xFF, 0x00, 0x00, 0x00, 0x00, 0x00, 0x00, 0x00, 0x00,
0x00, 0x00, 0x00, 0x00, 0xFF, 0xFF, 0x00, 0x00, 0x00, 0x00, 0x00, 0x00, 0x00, 0x00, 0x00, 0x00,
0x00, 0x00, 0xFF, 0xFF, 0x00, 0x00, 0x00, 0x00, 0x00, 0x00, 0x00, 0x00, 0x00, 0x00, 0x00, 0x00,
0xFF, 0xFF, 0x00, 0x00, 0x00, 0x00, 0x00, 0x00, 0x00, 0x00, 0x00, 0x00, 0x00, 0x00, 0x00, 0x00,
0x00, 0x00, 0x05, 0x5A, 0xAC, 0xDF, 0xF7, 0xF8, 0xE0, 0xAC, 0x58, 0x04, 0x00, 0x00, 0x00, 0x00,
0x00, 0x00, 0x00, 0x44, 0xDE, 0xFF, 0xFF, 0xFF, 0xFF, 0xFF, 0xFF, 0xFF, 0xFF, 0xDA, 0x30, 0x00,
0x00, 0x00, 0x00, 0x00, 0x61, 0xFC, 0xFF, 0xD6, 0x6A, 0x28, 0x0C, 0x0F, 0x2E, 0x76, 0xDD, 0xFF,
0xF6, 0x56, 0x00, 0x00, 0x00, 0x3A, 0xFB, 0xFE, 0x81, 0x02, 0x00, 0x00, 0x00, 0x00, 0x00, 0x00,
0x06, 0x94, 0xFF, 0xF6, 0x28, 0x00, 0x01, 0xD1, 0xFF, 0x7E, 0x00, 0x00, 0x00, 0x00, 0x00, 0x00,
0x00, 0x00, 0x00, 0x00, 0x93, 0xFF, 0xCA, 0x00, 0x46, 0xFF, 0xD8, 0x02, 0x00, 0x00, 0x00, 0x00,
0x00, 0x00, 0x00, 0x00, 0x00, 0x00, 0x09, 0xE0, 0xFF, 0x44, 0x99, 0xFF, 0x70, 0x00, 0x00, 0x00,
0x00, 0x00, 0x00, 0x00, 0x00, 0x00, 0x00, 0x00, 0x00, 0x84, 0xFF, 0x98, 0xD2, 0xFF, 0x31, 0x00,
0x00, 0x00, 0x00, 0x00, 0x00, 0x00, 0x00, 0x00, 0x00, 0x00, 0x00, 0x37, 0xFF, 0xD0, 0xF2, 0xFF,
0x12, 0x00, 0x00, 0x00, 0x00, 0x00, 0x00, 0x00, 0x00, 0x00, 0x00, 0x00, 0x00, 0x1A, 0xFF, 0xF1,
0xFD, 0xFF, 0x04, 0x00, 0x00, 0x00, 0x00, 0x00, 0x00, 0x00, 0x00, 0x00, 0x00, 0x00, 0x00, 0x05,
0xFF, 0xFB, 0xF2, 0xFF, 0x12, 0x00, 0x00, 0x00, 0x00, 0x00, 0x00, 0x00, 0x00, 0x00, 0x00, 0x00,
0x00, 0x13, 0xFF, 0xEE, 0xD1, 0xFF, 0x32, 0x00, 0x00, 0x00, 0x00, 0x00, 0x00, 0x00, 0x00, 0x00,
0x00, 0x00, 0x00, 0x2F, 0xFF, 0xDC, 0x97, 0xFF, 0x73, 0x00, 0x00, 0x00, 0x00, 0x00, 0x00, 0x00,
0x00, 0x00, 0x00, 0x00, 0x00, 0x6C, 0xFF, 0xAC, 0x40, 0xFF, 0xDB, 0x03, 0x00, 0x00, 0x00, 0x00,
0x00, 0x1B, 0x1B, 0x00, 0x00, 0x00, 0x00, 0xCD, 0xFF, 0x70, 0x00, 0xC3, 0xFF, 0x84, 0x00, 0x00,
0x00, 0x00, 0x00, 0x95, 0xFE, 0xC3, 0x4F, 0x00, 0x62, 0xFF, 0xF9, 0x16, 0x00, 0x1F, 0xF0, 0xFE,
0x82, 0x02, 0x00, 0x00, 0x00, 0x80, 0xE2, 0xFF, 0xFF, 0xC9, 0xF9, 0xFF, 0x94, 0x00, 0x00, 0x00,
0x46, 0xEF, 0xFF, 0xD6, 0x6A, 0x27, 0x0A, 0x0A, 0x2D, 0xC6, 0xFF, 0xFF, 0xFF, 0xE6, 0x0B, 0x00,
0x00, 0x00, 0x00, 0x22, 0xC9, 0xFF, 0xFF, 0xFF, 0xFF, 0xFF, 0xFF, 0xFF, 0xFF, 0xDD, 0xEE, 0xFF,
0x90, 0x06, 0x00, 0x00, 0x00, 0x00, 0x01, 0x49, 0xA0, 0xD8, 0xF5, 0xFA, 0xE5, 0xB2, 0x5D, 0x05,
0x2E, 0xE1, 0xFF, 0xD2, 0x00, 0x00, 0x00, 0x00, 0x00, 0x00, 0x00, 0x00, 0x00, 0x00, 0x00, 0x00,
0x00, 0x00, 0x00, 0x12, 0x98, 0xC9, 0x00, 0x00, 0x00, 0x00, 0x00, 0x00, 0x00, 0x00, 0x00, 0x00,
0x00, 0x00, 0x00, 0x00, 0x00, 0x00, 0x00, 0x06, 0xFF, 0xFF, 0xFF, 0xFF, 0xFF, 0xFF, 0xFF, 0xFF,
0xFC, 0xF0, 0xD4, 0x9C, 0x2C, 0x00, 0x00, 0x00, 0xFF, 0xFF, 0xFF, 0xFF, 0xFF, 0xFF, 0xFF, 0xFF,
0xFF, 0xFF, 0xFF, 0xFF, 0xFB, 0x61, 0x00, 0x00, 0xFF, 0xFF, 0x00, 0x00, 0x00, 0x00, 0x00, 0x00,
0x04, 0x19, 0x50, 0xC2, 0xFF, 0xFA, 0x2E, 0x00, 0xFF, 0xFF, 0x00, 0x00, 0x00, 0x00, 0x00, 0x00,
0x00, 0x00, 0x00, 0x02, 0xAF, 0xFF, 0x9E, 0x00, 0xFF, 0xFF, 0x00, 0x00, 0x00, 0x00, 0x00, 0x00,
0x00, 0x00, 0x00, 0x00, 0x28, 0xFF, 0xDE, 0x00, 0xFF, 0xFF, 0x00, 0x00, 0x00, 0x00, 0x00, 0x00,
0x00, 0x00, 0x00, 0x00, 0x09, 0xFF, 0xF8, 0x00, 0xFF, 0xFF, 0x00, 0x00, 0x00, 0x00, 0x00, 0x00,
0x00, 0x00, 0x00, 0x00, 0x3C, 0xFF, 0xE5, 0x00, 0xFF, 0xFF, 0x00, 0x00, 0x00, 0x00, 0x00, 0x00,
0x00, 0x00, 0x00, 0x0D, 0xCA, 0xFF, 0xA0, 0x00, 0xFF, 0xFF, 0x00, 0x00, 0x00, 0x00, 0x00, 0x01,
0x0E, 0x2B, 0x6B, 0xDC, 0xFF, 0xF5, 0x27, 0x00, 0xFF, 0xFF, 0xFF, 0xFF, 0xFF, 0xFF, 0xFF, 0xFF,
0xFF, 0xFF, 0xFF, 0xFF, 0xEF, 0x46, 0x00, 0x00, 0xFF, 0xFF, 0xFF, 0xFF, 0xFF, 0xFF, 0xFF, 0xFF,
0xFF, 0xF9, 0xCB, 0x7D, 0x14, 0x00, 0x00, 0x00, 0xFF, 0xFF, 0x00, 0x00, 0x00, 0x04, 0x2A, 0xC5,
0xFF, 0xE7, 0x31, 0x00, 0x00, 0x00, 0x00, 0x00, 0xFF, 0xFF, 0x00, 0x00, 0x00, 0x00, 0x00, 0x12,
0xD9, 0xFF, 0xE8, 0x1F, 0x00, 0x00, 0x00, 0x00, 0xFF, 0xFF, 0x00, 0x00, 0x00, 0x00, 0x00, 0x00,
0x27, 0xF0, 0xFF, 0xD2, 0x0D, 0x00, 0x00, 0x00, 0xFF, 0xFF, 0x00, 0x00, 0x00, 0x00, 0x00, 0x00,
0x00, 0x51, 0xFF, 0xFF, 0xA9, 0x00, 0x00, 0x00, 0xFF, 0xFF, 0x00, 0x00, 0x00, 0x00, 0x00, 0x00,
0x00, 0x00, 0x94, 0xFF, 0xFF, 0x53, 0x00, 0x00, 0xFF, 0xFF, 0x00, 0x00, 0x00, 0x00, 0x00, 0x00,
0x00, 0x00, 0x09, 0xD6, 0xFF, 0xE8, 0x12, 0x00, 0xFF, 0xFF, 0x00, 0x00, 0x00, 0x00, 0x00, 0x00,
0x00, 0x00, 0x00, 0x31, 0xF9, 0xFF, 0xA3, 0x00, 0xFF, 0xFF, 0x00, 0x00, 0x00, 0x00, 0x00, 0x00,
0x00, 0x00, 0x00, 0x00, 0x76, 0xFF, 0xFF, 0x4B, 0x00, 0x00, 0x00, 0x0D, 0x70, 0xB9, 0xE4, 0xF8,
0xEE, 0xD6, 0x98, 0x41, 0x00, 0x00, 0x00, 0x00, 0x00, 0x45, 0xE9, 0xFF, 0xFF, 0xFF, 0xFF, 0xFF,
0xFF, 0xFF, 0xFF, 0xAF, 0x0E, 0x00, 0x00, 0x2D, 0xF6, 0xFF, 0xA6, 0x44, 0x16, 0x04, 0x0A, 0x29,
0x73, 0xEB, 0xFF, 0xBA, 0x03, 0x00, 0xAA, 0xFF, 0x7E, 0x00, 0x00, 0x00, 0x00, 0x00, 0x00, 0x00,
0x1E, 0xE6, 0xFF, 0x59, 0x00, 0xE9, 0xFF, 0x0E, 0x00, 0x00, 0x00, 0x00, 0x00, 0x00, 0x00, 0x00,
0x65, 0xFF, 0xBD, 0x00, 0xF2, 0xFF, 0x2B, 0x00, 0x00, 0x00, 0x00, 0x00, 0x00, 0x00, 0x00, 0x18,
0xFF, 0xEB, 0x00, 0xBF, 0xFF, 0xCD, 0x27, 0x00, 0x00, 0x00, 0x00, 0x00, 0x00, 0x00, 0x00, 0x00,
0x00, 0x00, 0x44, 0xFD, 0xFF, 0xFF, 0xCA, 0x83, 0x49, 0x13, 0x00, 0x00, 0x00, 0x00, 0x00, 0x00,
0x00, 0x00, 0x5A, 0xF2, 0xFF, 0xFF, 0xFF, 0xFF, 0xFF, 0xDB, 0x9E, 0x53, 0x06, 0x00, 0x00, 0x00,
0x00, 0x00, 0x1A, 0x7D, 0xCC, 0xFD, 0xFF, 0xFF, 0xFF, 0xFF, 0xFF, 0xDA, 0x33, 0x00, 0x00, 0x00,
0x00, 0x00, 0x00, 0x00, 0x0F, 0x47, 0x7E, 0xB8, 0xF3, 0xFF, 0xFF, 0xEE, 0x21, 0x00, 0x00, 0x00,
0x00, 0x00, 0x00, 0x00, 0x00, 0x00, 0x00, 0x05, 0x4E, 0xD7, 0xFF, 0x9A, 0xEE, 0xFF, 0x19, 0x00,
0x00, 0x00, 0x00, 0x00, 0x00, 0x00, 0x00, 0x00, 0x2E, 0xFF, 0xE2, 0xC9, 0xFF, 0x54, 0x00, 0x00,
0x00, 0x00, 0x00, 0x00, 0x00, 0x00, 0x00, 0x08, 0xFF, 0xF7, 0x7E, 0xFF, 0xC3, 0x01, 0x00, 0x00,
0x00, 0x00, 0x00, 0x00, 0x00, 0x00, 0x3E, 0xFF, 0xD8, 0x17, 0xF5, 0xFF, 0x96, 0x06, 0x00, 0x00,
0x00, 0x00, 0x00, 0x00, 0x10, 0xD1, 0xFF, 0x81, 0x00, 0x56, 0xFF, 0xFF, 0xD7, 0x6E, 0x27, 0x0B,
0x0A, 0x29, 0x71, 0xE5, 0xFF, 0xD8, 0x10, 0x00, 0x00, 0x59, 0xEE, 0xFF, 0xFF, 0xFF, 0xFF, 0xFF,
0xFF, 0xFF, 0xFF, 0xC4, 0x1E, 0x00, 0x00, 0x00, 0x00, 0x16, 0x6E, 0xBB, 0xDF, 0xF5, 0xF4, 0xDC,
0xA5, 0x50, 0x01, 0x00, 0x00, 0xFF, 0xFF, 0xFF, 0xFF, 0xFF, 0xFF, 0xFF, 0xFF, 0xFF, 0xFF, 0xFF,
0xFF, 0xFF, 0xFF, 0xFF, 0xFF, 0xFF, 0xFF, 0xFF, 0xFF, 0xFF, 0xFF, 0xFF, 0xFF, 0xFF, 0xFF, 0xFF,
0xFF, 0x00, 0x00, 0x00, 0x00, 0x00, 0x00, 0xFF, 0xFF, 0x00, 0x00, 0x00, 0x00, 0x00, 0x00, 0x00,
0x00, 0x00, 0x00, 0x00, 0x00, 0xFF, 0xFF, 0x00, 0x00, 0x00, 0x00, 0x00, 0x00, 0x00, 0x00, 0x00,
0x00, 0x00, 0x00, 0xFF, 0xFF, 0x00, 0x00, 0x00, 0x00, 0x00, 0x00, 0x00, 0x00, 0x00, 0x00, 0x00,
0x00, 0xFF, 0xFF, 0x00, 0x00, 0x00, 0x00, 0x00, 0x00, 0x00, 0x00, 0x00, 0x00, 0x00, 0x00, 0xFF,
0xFF, 0x00, 0x00, 0x00, 0x00, 0x00, 0x00, 0x00, 0x00, 0x00, 0x00, 0x00, 0x00, 0xFF, 0xFF, 0x00,
0x00, 0x00, 0x00, 0x00, 0x00, 0x00, 0x00, 0x00, 0x00, 0x00, 0x00, 0xFF, 0xFF, 0x00, 0x00, 0x00,
0x00, 0x00, 0x00, 0x00, 0x00, 0x00, 0x00, 0x00, 0x00, 0xFF, 0xFF, 0x00, 0x00, 0x00, 0x00, 0x00,
0x00, 0x00, 0x00, 0x00, 0x00, 0x00, 0x00, 0xFF, 0xFF, 0x00, 0x00, 0x00, 0x00, 0x00, 0x00, 0x00,
0x00, 0x00, 0x00, 0x00, 0x00, 0xFF, 0xFF, 0x00, 0x00, 0x00, 0x00, 0x00, 0x00, 0x00, 0x00, 0x00,
0x00, 0x00, 0x00, 0xFF, 0xFF, 0x00, 0x00, 0x00, 0x00, 0x00, 0x00, 0x00, 0x00, 0x00, 0x00, 0x00,
0x00, 0xFF, 0xFF, 0x00, 0x00, 0x00, 0x00, 0x00, 0x00, 0x00, 0x00, 0x00, 0x00, 0x00, 0x00, 0xFF,
0xFF, 0x00, 0x00, 0x00, 0x00, 0x00, 0x00, 0x00, 0x00, 0x00, 0x00, 0x00, 0x00, 0xFF, 0xFF, 0x00,
0x00, 0x00, 0x00, 0x00, 0x00, 0x00, 0x00, 0x00, 0x00, 0x00, 0x00, 0xFF, 0xFF, 0x00, 0x00, 0x00,
0x00, 0x00, 0x00, 0x00, 0x00, 0x00, 0x00, 0x00, 0x00, 0xFF, 0xFF, 0x00, 0x00, 0x00, 0x00, 0x00,
0x00, 0x00, 0x00, 0x00, 0x00, 0x00, 0x00, 0xFF, 0xFF, 0x00, 0x00, 0x00, 0x00, 0x00, 0x00, 0xFF,
0xFF, 0x00, 0x00, 0x00, 0x00, 0x00, 0x00, 0x00, 0x00, 0x00, 0x00, 0x00, 0xFF, 0xFF, 0xFF, 0xFF,
0x00, 0x00, 0x00, 0x00, 0x00, 0x00, 0x00, 0x00, 0x00, 0x00, 0x00, 0xFF, 0xFF, 0xFF, 0xFF, 0x00,
0x00, 0x00, 0x00, 0x00, 0x00, 0x00, 0x00, 0x00, 0x00, 0x00, 0xFF, 0xFF, 0xFF, 0xFF, 0x00, 0x00,
0x00, 0x00, 0x00, 0x00, 0x00, 0x00, 0x00, 0x00, 0x00, 0xFF, 0xFF, 0xFF, 0xFF, 0x00, 0x00, 0x00,
0x00, 0x00, 0x00, 0x00, 0x00, 0x00, 0x00, 0x00, 0xFF, 0xFF, 0xFF, 0xFF, 0x00, 0x00, 0x00, 0x00,
0x00, 0x00, 0x00, 0x00, 0x00, 0x00, 0x00, 0xFF, 0xFF, 0xFF, 0xFF, 0x00, 0x00, 0x00, 0x00, 0x00,
0x00, 0x00, 0x00, 0x00, 0x00, 0x00, 0xFF, 0xFF, 0xFF, 0xFF, 0x00, 0x00, 0x00, 0x00, 0x00, 0x00,
0x00, 0x00, 0x00, 0x00, 0x00, 0xFF, 0xFF, 0xFF, 0xFF, 0x00, 0x00, 0x00, 0x00, 0x00, 0x00, 0x00,
0x00, 0x00, 0x00, 0x00, 0xFF, 0xFF, 0xFF, 0xFF, 0x00, 0x00, 0x00, 0x00, 0x00, 0x00, 0x00, 0x00,
0x00, 0x00, 0x00, 0xFF, 0xFF, 0xFF, 0xFF, 0x00, 0x00, 0x00, 0x00, 0x00, 0x00, 0x00, 0x00, 0x00,
0x00, 0x00, 0xFF, 0xFF, 0xFB, 0xFF, 0x03, 0x00, 0x00, 0x00, 0x00, 0x00, 0x00, 0x00, 0x00, 0x00,
0x07, 0xFF, 0xFA, 0xEC, 0xFF, 0x12, 0x00, 0x00, 0x00, 0x00, 0x00, 0x00, 0x00, 0x00, 0x00, 0x17,
0xFF, 0xEB, 0xCD, 0xFF, 0x35, 0x00, 0x00, 0x00, 0x00, 0x00, 0x00, 0x00, 0x00, 0x00, 0x41, 0xFF,
0xCB, 0x98, 0xFF, 0x82, 0x00, 0x00, 0x00, 0x00, 0x00, 0x00, 0x00, 0x00, 0x00, 0x8D, 0xFF, 0x93,
0x3C, 0xFF, 0xF7, 0x37, 0x00, 0x00, 0x00, 0x00, 0x00, 0x00, 0x00, 0x2F, 0xF5, 0xFF, 0x39, 0x00,
0x9F, 0xFF, 0xFA, 0x8F, 0x38, 0x13, 0x04, 0x11, 0x39, 0x88, 0xF5, 0xFF, 0xA0, 0x00, 0x00, 0x08,
0x99, 0xFF, 0xFF, 0xFF, 0xFF, 0xFF, 0xFF, 0xFF, 0xFF, 0xFF, 0x9B, 0x05, 0x00, 0x00, 0x00, 0x00,
0x35, 0x90, 0xCF, 0xE8, 0xFB, 0xF4, 0xD5, 0x99, 0x37, 0x00, 0x00, 0x00, 0x16, 0xFA, 0xFF, 0x33,
0x00, 0x00, 0x00, 0x00, 0x00, 0x00, 0x00, 0x00, 0x00, 0x00, 0x00, 0x33, 0xFF, 0xF9, 0x16, 0x00,
0xA9, 0xFF, 0x99, 0x00, 0x00, 0x00, 0x00, 0x00, 0x00, 0x00, 0x00, 0x00, 0x00, 0x00, 0x9B, 0xFF,
0xA8, 0x00, 0x00, 0x42, 0xFF, 0xF3, 0x0D, 0x00, 0x00, 0x00, 0x00, 0x00, 0x00, 0x00, 0x00, 0x00,
0x0D, 0xF4, 0xFF, 0x41, 0x00, 0x00, 0x01, 0xDA, 0xFF, 0x67, 0x00, 0x00, 0x00, 0x00, 0x00, 0x00,
0x00, 0x00, 0x00, 0x69, 0xFF, 0xD9, 0x01, 0x00, 0x00, 0x00, 0x74, 0xFF, 0xCE, 0x00, 0x00, 0x00,
0x00, 0x00, 0x00, 0x00, 0x00, 0x00, 0xD0, 0xFF, 0x73, 0x00, 0x00, 0x00, 0x00, 0x14, 0xF8, 0xFF,
0x34, 0x00, 0x00, 0x00, 0x00, 0x00, 0x00, 0x00, 0x37, 0xFF, 0xF8, 0x14, 0x00, 0x00, 0x00, 0x00,
0x00, 0xA6, 0xFF, 0x9B, 0x00, 0x00, 0x00, 0x00, 0x00, 0x00, 0x00, 0x9E, 0xFF, 0xA5, 0x00, 0x00,
0x00, 0x00, 0x00, 0x00, 0x3E, 0xFF, 0xF4, 0x0E, 0x00, 0x00, 0x00, 0x00, 0x00, 0x0F, 0xF5, 0xFF,
0x3D, 0x00, 0x00, 0x00, 0x00, 0x00, 0x00, 0x00, 0xD6, 0xFF, 0x69, 0x00, 0x00, 0x00, 0x00, 0x00,
0x6C, 0xFF, 0xD6, 0x00, 0x00, 0x00, 0x00, 0x00, 0x00, 0x00, 0x00, 0x70, 0xFF, 0xCF, 0x00, 0x00,
0x00, 0x00, 0x00, 0xD3, 0xFF, 0x6F, 0x00, 0x00, 0x00, 0x00, 0x00, 0x00, 0x00, 0x00, 0x11, 0xF7,
0xFF, 0x36, 0x00, 0x00, 0x00, 0x3A, 0xFF, 0xF7, 0x11, 0x00, 0x00, 0x00, 0x00, 0x00, 0x00, 0x00,
0x00, 0x00, 0xA2, 0xFF, 0x9D, 0x00, 0x00, 0x00, 0xA1, 0xFF, 0xA1, 0x00, 0x00, 0x00, 0x00, 0x00,
0x00, 0x00, 0x00, 0x00, 0x00, 0x3B, 0xFF, 0xF5, 0x0E, 0x00, 0x11, 0xF6, 0xFF, 0x3A, 0x00, 0x00,
0x00, 0x00, 0x00, 0x00, 0x00, 0x00, 0x00, 0x00, 0x00, 0xD3, 0xFF, 0x69, 0x00, 0x6D, 0xFF, 0xD2,
0x00, 0x00, 0x00, 0x00, 0x00, 0x00, 0x00, 0x00, 0x00, 0x00, 0x00, 0x00, 0x6C, 0xFF, 0xC7, 0x00,
0xCA, 0xFF, 0x6B, 0x00, 0x00, 0x00, 0x00, 0x00, 0x00, 0x00, 0x00, 0x00, 0x00, 0x00, 0x00, 0x0F,
0xF5, 0xFF, 0x49, 0xFF, 0xF5, 0x0F, 0x00, 0x00, 0x00, 0x00, 0x00, 0x00, 0x00, 0x00, 0x00, 0x00,
0x00, 0x00, 0x00, 0x9E, 0xFF, 0xE9, 0xFF, 0x9D, 0x00, 0x00, 0x00, 0x00, 0x00, 0x00, 0x00, 0x00,
0x00, 0x00, 0x00, 0x00, 0x00, 0x00, 0x37, 0xFF, 0xFF, 0xFF, 0x36, 0x00, 0x00, 0x00, 0x00, 0x00,
0x00, 0x00, 0x00, 0x00, 0x00, 0x00, 0x00, 0x00, 0x00, 0x00, 0xCF, 0xFF, 0xCF, 0x00, 0x00, 0x00,
0x00, 0x00, 0x00, 0x00, 0x00, 0xDD, 0xFF, 0x32, 0x00, 0x00, 0x00, 0x00, 0x00, 0x00, 0x00, 0x12,
0xFD, 0xFF, 0xFB, 0x0F, 0x00, 0x00, 0x00, 0x00, 0x00, 0x00, 0x00, 0x33, 0xFF, 0xDC, 0x98, 0xFF,
0x77, 0x00, 0x00, 0x00, 0x00, 0x00, 0x00, 0x00, 0x58, 0xFF, 0xFF, 0xFF, 0x54, 0x00, 0x00, 0x00,
0x00, 0x00, 0x00, 0x00, 0x79, 0xFF, 0x97, 0x53, 0xFF, 0xBC, 0x00, 0x00, 0x00, 0x00, 0x00, 0x00,
0x00, 0xA0, 0xFF, 0xDC, 0xFF, 0x9C, 0x00, 0x00, 0x00, 0x00, 0x00, 0x00, 0x00, 0xBE, 0xFF, 0x52,
0x10, 0xFC, 0xF8, 0x09, 0x00, 0x00, 0x00, 0x00, 0x00, 0x00, 0xE6, 0xFF, 0x55, 0xFF, 0xE3, 0x00,
0x00, 0x00, 0x00, 0x00, 0x00, 0x0A, 0xF9, 0xFC, 0x10, 0x00, 0xC8, 0xFF, 0x47, 0x00, 0x00, 0x00,
0x00, 0x00, 0x2F, 0xFF, 0xE3, 0x00, 0xE3, 0xFF, 0x2C, 0x00, 0x00, 0x00, 0x00, 0x00, 0x49, 0xFF,
0xC7, 0x00, 0x00, 0x82, 0xFF, 0x8C, 0x00, 0x00, 0x00, 0x00, 0x00, 0x77, 0xFF, 0x9B, 0x00, 0x9C,
0xFF, 0x74, 0x00, 0x00, 0x00, 0x00, 0x00, 0x8F, 0xFF, 0x81, 0x00, 0x00, 0x3D, 0xFF, 0xD2, 0x00,
0x00, 0x00, 0x00, 0x00, 0xBF, 0xFF, 0x53, 0x00, 0x54, 0xFF, 0xBC, 0x00, 0x00, 0x00, 0x00, 0x00,
0xD5, 0xFF, 0x3C, 0x00, 0x00, 0x04, 0xF2, 0xFF, 0x18, 0x00, 0x00, 0x00, 0x0C, 0xF9, 0xFC, 0x10,
0x00, 0x0F, 0xFB, 0xF9, 0x0B, 0x00, 0x00, 0x00, 0x1A, 0xFF, 0xF2, 0x04, 0x00, 0x00, 0x00, 0xB2,
0xFF, 0x5C, 0x00, 0x00, 0x00, 0x4F, 0xFF, 0xC4, 0x00, 0x00, 0x00, 0xC3, 0xFF, 0x4C, 0x00, 0x00,
0x00, 0x60, 0xFF, 0xB1, 0x00, 0x00, 0x00, 0x00, 0x6C, 0xFF, 0xA2, 0x00, 0x00, 0x00, 0x96, 0xFF,
0x7C, 0x00, 0x00, 0x00, 0x7B, 0xFF, 0x94, 0x00, 0x00, 0x00, 0xA5, 0xFF, 0x6B, 0x00, 0x00, 0x00,
0x00, 0x27, 0xFF, 0xE6, 0x00, 0x00, 0x00, 0xDD, 0xFF, 0x35, 0x00, 0x00, 0x00, 0x33, 0xFF, 0xDC,
0x00, 0x00, 0x01, 0xE9, 0xFF, 0x26, 0x00, 0x00, 0x00, 0x00, 0x00, 0xE1, 0xFF, 0x2C, 0x00, 0x26,
0xFF, 0xEB, 0x02, 0x00, 0x00, 0x00, 0x01, 0xE8, 0xFF, 0x24, 0x00, 0x31, 0xFF, 0xE0, 0x00, 0x00,
0x00, 0x00, 0x00, 0x00, 0x9C, 0xFF, 0x72, 0x00, 0x6D, 0xFF, 0xA5, 0x00, 0x00, 0x00, 0x00, 0x00,
0xA2, 0xFF, 0x6C, 0x00, 0x76, 0xFF, 0x9B, 0x00, 0x00, 0x00, 0x00, 0x00, 0x00, 0x56, 0xFF, 0xB8,
0x00, 0xB4, 0xFF, 0x5E, 0x00, 0x00, 0x00, 0x00, 0x00, 0x5A, 0xFF, 0xB4, 0x00, 0xBB, 0xFF, 0x55,
0x00, 0x00, 0x00, 0x00, 0x00, 0x00, 0x13, 0xFD, 0xF6, 0x0E, 0xF4, 0xFE, 0x17, 0x00, 0x00, 0x00,
0x00, 0x00, 0x13, 0xFD, 0xF4, 0x0F, 0xF7, 0xFD, 0x12, 0x00, 0x00, 0x00, 0x00, 0x00, 0x00, 0x00,
0xCB, 0xFF, 0x87, 0xFF, 0xCE, 0x00, 0x00, 0x00, 0x00, 0x00, 0x00, 0x00, 0xC9, 0xFF, 0x89, 0xFF,
0xCA, 0x00, 0x00, 0x00, 0x00, 0x00, 0x00, 0x00, 0x00, 0x86, 0xFF, 0xF7, 0xFF, 0x87, 0x00, 0x00,
0x00, 0x00, 0x00, 0x00, 0x00, 0x81, 0xFF, 0xF7, 0xFF, 0x85, 0x00, 0x00, 0x00, 0x00, 0x00, 0x00,
0x00, 0x00, 0x40, 0xFF, 0xFF, 0xFF, 0x3F, 0x00, 0x00, 0x00, 0x00, 0x00, 0x00, 0x00, 0x39, 0xFF,
0xFF, 0xFF, 0x3F, 0x00, 0x00, 0x00, 0x00, 0x00, 0x00, 0x00, 0x00, 0x06, 0xF4, 0xFF, 0xF2, 0x05,
0x00, 0x00, 0x00, 0x00, 0x00, 0x00, 0x00, 0x02, 0xED, 0xFF, 0xF4, 0x06, 0x00, 0x00, 0x00, 0x00,
0x00, 0xA3, 0xFF, 0xF4, 0x27, 0x00, 0x00, 0x00, 0x00, 0x00, 0x00, 0x00, 0x29, 0xF6, 0xFF, 0xA2,
0x00, 0x00, 0x0D, 0xDC, 0xFF, 0xCE, 0x06, 0x00, 0x00, 0x00, 0x00, 0x00, 0x07, 0xD1, 0xFF, 0xDC,
0x0D, 0x00, 0x00, 0x00, 0x35, 0xFA, 0xFF, 0x8E, 0x00, 0x00, 0x00, 0x00, 0x00, 0x92, 0xFF, 0xFA,
0x35, 0x00, 0x00, 0x00, 0x00, 0x00, 0x77, 0xFF, 0xFE, 0x48, 0x00, 0x00, 0x00, 0x4B, 0xFF, 0xFF,
0x77, 0x00, 0x00, 0x00, 0x00, 0x00, 0x00, 0x01, 0xBB, 0xFF, 0xE9, 0x17, 0x00, 0x18, 0xEA, 0xFF,
0xBC, 0x02, 0x00, 0x00, 0x00, 0x00, 0x00, 0x00, 0x00, 0x19, 0xEA, 0xFF, 0xA6, 0x00, 0x9C, 0xFF,
0xEB, 0x1A, 0x00, 0x00, 0x00, 0x00, 0x00, 0x00, 0x00, 0x00, 0x00, 0x4B, 0xFF, 0xFB, 0x3A, 0xF4,
0xFF, 0x4C, 0x00, 0x00, 0x00, 0x00, 0x00, 0x00, 0x00, 0x00, 0x00, 0x00, 0x00, 0x91, 0xFF, 0xF7,
0xFF, 0x92, 0x00, 0x00, 0x00, 0x00, 0x00, 0x00, 0x00, 0x00, 0x00, 0x00, 0x00, 0x00, 0x07, 0xD7,
0xFF, 0xD8, 0x08, 0x00, 0x00, 0x00, 0x00, 0x00, 0x00, 0x00, 0x00, 0x00, 0x00, 0x00, 0x00, 0x2B,
0xF6, 0xFF, 0xF5, 0x29, 0x00, 0x00, 0x00, 0x00, 0x00, 0x00, 0x00, 0x00, 0x00, 0x00, 0x00, 0x08,
0xD2, 0xFF, 0xBC, 0xFF, 0xD0, 0x07, 0x00, 0x00, 0x00, 0x00, 0x00, 0x00, 0x00, 0x00, 0x00, 0x00,
0x94, 0xFF, 0xD4, 0x03, 0xDF, 0xFF, 0x91, 0x00, 0x00, 0x00, 0x00, 0x00, 0x00, 0x00, 0x00, 0x00,
0x4D, 0xFF, 0xFF, 0x70, 0x00, 0x72, 0xFF, 0xFF, 0x4C, 0x00, 0x00, 0x00, 0x00, 0x00, 0x00, 0x00,
0x1A, 0xEB, 0xFF, 0xB9, 0x01, 0x00, 0x01, 0xB8, 0xFF, 0xEB, 0x19, 0x00, 0x00, 0x00, 0x00, 0x00,
0x02, 0xBD, 0xFF, 0xE9, 0x18, 0x00, 0x00, 0x00, 0x17, 0xE9, 0xFF, 0xBB, 0x01, 0x00, 0x00, 0x00,
0x00, 0x78, 0xFF, 0xFF, 0x4A, 0x00, 0x00, 0x00, 0x00, 0x00, 0x49, 0xFE, 0xFF, 0x77, 0x00, 0x00,
0x00, 0x36, 0xFA, 0xFF, 0x90, 0x00, 0x00, 0x00, 0x00, 0x00, 0x00, 0x00, 0x8F, 0xFF, 0xFA, 0x35,
0x00, 0x0D, 0xDC, 0xFF, 0xD1, 0x07, 0x00, 0x00, 0x00, 0x00, 0x00, 0x00, 0x00, 0x06, 0xCF, 0xFF,
0xDC, 0x0D, 0xA3, 0xFF, 0xF6, 0x29, 0x00, 0x00, 0x00, 0x00, 0x00, 0x00, 0x00, 0x00, 0x00, 0x28,
0xF5, 0xFF, 0xA3, 0xAE, 0xFF, 0x62, 0x00, 0x00, 0x00, 0x00, 0x00, 0x00, 0x00, 0x00, 0x00, 0x0F,
0xE6, 0xFF, 0xAD, 0x1A, 0xF0, 0xF5, 0x2A, 0x00, 0x00, 0x00, 0x00, 0x00, 0x00, 0x00, 0x00, 0x9B,
0xFF, 0xF0, 0x1A, 0x00, 0x67, 0xFF, 0xD3, 0x09, 0x00, 0x00, 0x00, 0x00, 0x00, 0x00, 0x3F, 0xFE,
0xFF, 0x66, 0x00, 0x00, 0x01, 0xC2, 0xFF, 0x9A, 0x00, 0x00, 0x00, 0x00, 0x00, 0x08, 0xDA, 0xFF,
0xC1, 0x01, 0x00, 0x00, 0x00, 0x27, 0xF8, 0xFF, 0x58, 0x00, 0x00, 0x00, 0x00, 0x87, 0xFF, 0xF8,
0x27, 0x00, 0x00, 0x00, 0x00, 0x00, 0x7C, 0xFF, 0xF1, 0x23, 0x00, 0x00, 0x2B, 0xFB, 0xFF, 0x7B,
0x00, 0x00, 0x00, 0x00, 0x00, 0x00, 0x05, 0xD3, 0xFF, 0xBF, 0x00, 0x00, 0xA3, 0xFF, 0xD2, 0x05,
0x00, 0x00, 0x00, 0x00, 0x00, 0x00, 0x00, 0x37, 0xFD, 0xFF, 0x2E, 0x22, 0xFA, 0xFD, 0x37, 0x00,
0x00, 0x00, 0x00, 0x00, 0x00, 0x00, 0x00, 0x00, 0x92, 0xFF, 0xB0, 0xAE, 0xFF, 0x91, 0x00, 0x00,
0x00, 0x00, 0x00, 0x00, 0x00, 0x00, 0x00, 0x00, 0x0C, 0xE1, 0xFF, 0xFF, 0xE1, 0x0C, 0x00, 0x00,
0x00, 0x00, 0x00, 0x00, 0x00, 0x00, 0x00, 0x00, 0x00, 0x4A, 0xFF, 0xFF, 0x49, 0x00, 0x00, 0x00,
0x00, 0x00, 0x00, 0x00, 0x00, 0x00, 0x00, 0x00, 0x00, 0x00, 0xFF, 0xFF, 0x00, 0x00, 0x00, 0x00,
0x00, 0x00, 0x00, 0x00, 0x00, 0x00, 0x00, 0x00, 0x00, 0x00, 0xFF, 0xFF, 0x00, 0x00, 0x00, 0x00,
0x00, 0x00, 0x00, 0x00, 0x00, 0x00, 0x00, 0x00, 0x00, 0x00, 0xFF, 0xFF, 0x00, 0x00, 0x00, 0x00,
0x00, 0x00, 0x00, 0x00, 0x00, 0x00, 0x00, 0x00, 0x00, 0x00, 0xFF, 0xFF, 0x00, 0x00, 0x00, 0x00,
0x00, 0x00, 0x00, 0x00, 0x00, 0x00, 0x00, 0x00, 0x00, 0x00, 0xFF, 0xFF, 0x00, 0x00, 0x00, 0x00,
0x00, 0x00, 0x00, 0x00, 0x00, 0x00, 0x00, 0x00, 0x00, 0x00, 0xFF, 0xFF, 0x00, 0x00, 0x00, 0x00,
0x00, 0x00, 0x00, 0x00, 0x00, 0x00, 0x00, 0x00, 0x00, 0x00, 0xFF, 0xFF, 0x00, 0x00, 0x00, 0x00,
0x00, 0x00, 0x00, 0x00, 0x00, 0x00, 0x00, 0x00, 0x00, 0x00, 0xFF, 0xFF, 0x00, 0x00, 0x00, 0x00,
0x00, 0x00, 0x00, 0x00, 0xFF, 0xFF, 0xFF, 0xFF, 0xFF, 0xFF, 0xFF, 0xFF, 0xFF, 0xFF, 0xFF, 0xFF,
0xFF, 0xD7, 0x00, 0xFF, 0xFF, 0xFF, 0xFF, 0xFF, 0xFF, 0xFF, 0xFF, 0xFF, 0xFF, 0xFF, 0xFF, 0xFF,
0x87, 0x00, 0x00, 0x00, 0x00, 0x00, 0x00, 0x00, 0x00, 0x00, 0x00, 0x00, 0x3F, 0xFC, 0xE5, 0x17,
0x00, 0x00, 0x00, 0x00, 0x00, 0x00, 0x00, 0x00, 0x00, 0x00, 0x19, 0xE7, 0xFB, 0x3C, 0x00, 0x00,
0x00, 0x00, 0x00, 0x00, 0x00, 0x00, 0x00, 0x00, 0x04, 0xC3, 0xFF, 0x71, 0x00, 0x00, 0x00, 0x00,
0x00, 0x00, 0x00, 0x00, 0x00, 0x00, 0x00, 0x8E, 0xFF, 0xAA, 0x00, 0x00, 0x00, 0x00, 0x00, 0x00,
0x00, 0x00, 0x00, 0x00, 0x00, 0x53, 0xFF, 0xD8, 0x0D, 0x00, 0x00, 0x00, 0x00, 0x00, 0x00, 0x00,
0x00, 0x00, 0x00, 0x27, 0xF2, 0xF4, 0x2A, 0x00, 0x00, 0x00, 0x00, 0x00, 0x00, 0x00, 0x00, 0x00,
0x00, 0x0B, 0xD4, 0xFF, 0x59, 0x00, 0x00, 0x00, 0x00, 0x00, 0x00, 0x00, 0x00, 0x00, 0x00, 0x00,
0xA5, 0xFF, 0x93, 0x00, 0x00, 0x00, 0x00, 0x00, 0x00, 0x00, 0x00, 0x00, 0x00, 0x00, 0x6C, 0xFF,
0xC7, 0x05, 0x00, 0x00, 0x00, 0x00, 0x00, 0x00, 0x00, 0x00, 0x00, 0x00, 0x37, 0xF9, 0xEA, 0x1C,
0x00, 0x00, 0x00, 0x00, 0x00, 0x00, 0x00, 0x00, 0x00, 0x00, 0x14, 0xE2, 0xFD, 0x44, 0x00, 0x00,
0x00, 0x00, 0x00, 0x00, 0x00, 0x00, 0x00, 0x00, 0x02, 0xBB, 0xFF, 0x7B, 0x00, 0x00, 0x00, 0x00,
0x00, 0x00, 0x00, 0x00, 0x00, 0x00, 0x00, 0x84, 0xFF, 0xB3, 0x01, 0x00, 0x00, 0x00, 0x00, 0x00,
0x00, 0x00, 0x00, 0x00, 0x00, 0x4B, 0xFE, 0xDE, 0x11, 0x00, 0x00, 0x00, 0x00, 0x00, 0x00, 0x00,
0x00, 0x00, 0x00, 0x20, 0xEE, 0xF8, 0x32, 0x00, 0x00, 0x00, 0x00, 0x00, 0x00, 0x00, 0x00, 0x00,
0x00, 0x00, 0x8E, 0xFF, 0xFF, 0xFF, 0xFF, 0xFF, 0xFF, 0xFF, 0xFF, 0xFF, 0xFF, 0xFF, 0xFF, 0xFF,
0xFF, 0xDA, 0xFF, 0xFF, 0xFF, 0xFF, 0xFF, 0xFF, 0xFF, 0xFF, 0xFF, 0xFF, 0xFF, 0xFF, 0xFF, 0xFF,
0xFF, 0xFF, 0xFF, 0xFF, 0xFF, 0xFF, 0xFF, 0xFF, 0xFF, 0xFF, 0xFF, 0xFF, 0x00, 0x00, 0x00, 0xFF,
0xFF, 0x00, 0x00, 0x00, 0xFF, 0xFF, 0x00, 0x00, 0x00, 0xFF, 0xFF, 0x00, 0x00, 0x00, 0xFF, 0xFF,
0x00, 0x00, 0x00, 0xFF, 0xFF, 0x00, 0x00, 0x00, 0xFF, 0xFF, 0x00, 0x00, 0x00, 0xFF, 0xFF, 0x00,
0x00, 0x00, 0xFF, 0xFF, 0x00, 0x00, 0x00, 0xFF, 0xFF, 0x00, 0x00, 0x00, 0xFF, 0xFF, 0x00, 0x00,
0x00, 0xFF, 0xFF, 0x00, 0x00, 0x00, 0xFF, 0xFF, 0x00, 0x00, 0x00, 0xFF, 0xFF, 0x00, 0x00, 0x00,
0xFF, 0xFF, 0x00, 0x00, 0x00, 0xFF, 0xFF, 0x00, 0x00, 0x00, 0xFF, 0xFF, 0x00, 0x00, 0x00, 0xFF,
0xFF, 0x00, 0x00, 0x00, 0xFF, 0xFF, 0x00, 0x00, 0x00, 0xFF, 0xFF, 0x00, 0x00, 0x00, 0xFF, 0xFF,
0xFF, 0xFF, 0xFF, 0xFF, 0xFF, 0xFF, 0xFF, 0xFF, 0xE2, 0xFF, 0x21, 0x00, 0x00, 0x00, 0x00, 0x9F,
0xFF, 0x64, 0x00, 0x00, 0x00, 0x00, 0x5C, 0xFF, 0xA8, 0x00, 0x00, 0x00, 0x00, 0x19, 0xFF, 0xEA,
0x01, 0x00, 0x00, 0x00, 0x00, 0xD5, 0xFF, 0x2E, 0x00, 0x00, 0x00, 0x00, 0x92, 0xFF, 0x72, 0x00,
0x00, 0x00, 0x00, 0x4E, 0xFF, 0xB5, 0x00, 0x00, 0x00, 0x00, 0x0E, 0xFC, 0xF3, 0x05, 0x00, 0x00,
0x00, 0x00, 0xC8, 0xFF, 0x3C, 0x00, 0x00, 0x00, 0x00, 0x84, 0xFF, 0x7F, 0x00, 0x00, 0x00, 0x00,
0x41, 0xFF, 0xC3, 0x00, 0x00, 0x00, 0x00, 0x07, 0xF6, 0xFA, 0x0B, 0x00, 0x00, 0x00, 0x00, 0xBA,
0xFF, 0x49, 0x00, 0x00, 0x00, 0x00, 0x77, 0xFF, 0x8D, 0x00, 0x00, 0x00, 0x00, 0x33, 0xFF, 0xD0,
0x00, 0x00, 0x00, 0x00, 0x02, 0xED, 0xFE, 0x15, 0x00, 0x00, 0x00, 0x00, 0xAD, 0xFF, 0x57, 0x00,
0x00, 0x00, 0x00, 0x69, 0xFF, 0x9A, 0x00, 0x00, 0x00, 0x00, 0x26, 0xFF, 0xDE, 0xFF, 0xFF, 0xFF,
0xFF, 0xFF, 0xFF, 0xFF, 0xFF, 0xFF, 0xFF, 0x00, 0x00, 0x00, 0xFF, 0xFF, 0x00, 0x00, 0x00, 0xFF,
0xFF, 0x00, 0x00, 0x00, 0xFF, 0xFF, 0x00, 0x00, 0x00, 0xFF, 0xFF, 0x00, 0x00, 0x00, 0xFF, 0xFF,
0x00, 0x00, 0x00, 0xFF, 0xFF, 0x00, 0x00, 0x00, 0xFF, 0xFF, 0x00, 0x00, 0x00, 0xFF, 0xFF, 0x00,
0x00, 0x00, 0xFF, 0xFF, 0x00, 0x00, 0x00, 0xFF, 0xFF, 0x00, 0x00, 0x00, 0xFF, 0xFF, 0x00, 0x00,
0x00, 0xFF, 0xFF, 0x00, 0x00, 0x00, 0xFF, 0xFF, 0x00, 0x00, 0x00, 0xFF, 0xFF, 0x00, 0x00, 0x00,
0xFF, 0xFF, 0x00, 0x00, 0x00, 0xFF, 0xFF, 0x00, 0x00, 0x00, 0xFF, 0xFF, 0x00, 0x00, 0x00, 0xFF,
0xFF, 0x00, 0x00, 0x00, 0xFF, 0xFF, 0x00, 0x00, 0x00, 0xFF, 0xFF, 0xFF, 0xFF, 0xFF, 0xFF, 0xFF,
0xFF, 0xFF, 0xFF, 0xFF, 0xFF, 0x00, 0x00, 0x00, 0x33, 0xFF, 0xFF, 0x33, 0x00, 0x00, 0x00, 0x00,
0x00, 0x00, 0x9A, 0xFF, 0xFF, 0x99, 0x00, 0x00, 0x00, 0x00, 0x00, 0x0C, 0xF3, 0xCF, 0xD0, 0xF2,
0x0C, 0x00, 0x00, 0x00, 0x00, 0x67, 0xFF, 0x6F, 0x71, 0xFF, 0x66, 0x00, 0x00, 0x00, 0x00, 0xCD,
0xFA, 0x15, 0x15, 0xFA, 0xCC, 0x00, 0x00, 0x00, 0x33, 0xFF, 0xAF, 0x00, 0x00, 0xB1, 0xFF, 0x33,
0x00, 0x00, 0x9A, 0xFF, 0x4F, 0x00, 0x00, 0x51, 0xFF, 0x99, 0x00, 0x0C, 0xF3, 0xEA, 0x05, 0x00,
0x00, 0x05, 0xEB, 0xF2, 0x0C, 0x67, 0xFF, 0x8F, 0x00, 0x00, 0x00, 0x00, 0x91, 0xFF, 0x66, 0xCD,
0xFF, 0x2F, 0x00, 0x00, 0x00, 0x00, 0x30, 0xFF, 0xCC, 0xFF, 0xFF, 0xFF, 0xFF, 0xFF, 0xFF, 0xFF,
0xFF, 0xFF, 0xFF, 0xFF, 0xFF, 0xFF, 0xFF, 0xFF, 0xFF, 0xFF, 0xFF, 0xFF, 0xFF, 0xFF, 0xFF, 0xFF,
0xFF, 0xFF, 0xFF, 0xFF, 0xFF, 0xFF, 0xFF, 0xA0, 0xFF, 0xFF, 0x3F, 0x00, 0x0A, 0xD5, 0xFF, 0xBF,
0x00, 0x00, 0x2B, 0xF5, 0xFF, 0x3F, 0x00, 0x00, 0x60, 0xFF, 0xBF, 0x00, 0x01, 0x50, 0xAC, 0xE2,
0xF7, 0xF5, 0xDD, 0x9D, 0x2B, 0x00, 0x00, 0x05, 0xAF, 0xFF, 0xFF, 0xFF, 0xFF, 0xFF, 0xFF, 0xFF,
0xF7, 0x3C, 0x00, 0x73, 0xFF, 0xE7, 0x57, 0x17, 0x06, 0x19, 0x52, 0xD8, 0xFF, 0xC0, 0x00, 0xD8,
0xFF, 0x40, 0x00, 0x00, 0x00, 0x00, 0x00, 0x32, 0xFF, 0xF2, 0x00, 0x00, 0x00, 0x00, 0x00, 0x00,
0x00, 0x00, 0x00, 0x05, 0xFF, 0xFD, 0x00, 0x00, 0x00, 0x00, 0x01, 0x1D, 0x4A, 0x81, 0xB6, 0xE8,
0xFF, 0xFF, 0x00, 0x00, 0x17, 0x8C, 0xED, 0xFF, 0xFF, 0xFF, 0xFF, 0xFF, 0xFF, 0xFF, 0x00, 0x20,
0xE7, 0xFF, 0xFF, 0xF0, 0xBD, 0x7B, 0x40, 0x14, 0xFF, 0xFF, 0x00, 0xA9, 0xFF, 0xC8, 0x2E, 0x00,
0x00, 0x00, 0x00, 0x12, 0xFF, 0xFF, 0x01, 0xEF, 0xFF, 0x1A, 0x00, 0x00, 0x00, 0x00, 0x00, 0x44,
0xFF, 0xFF, 0x04, 0xF6, 0xFF, 0x20, 0x00, 0x00, 0x00, 0x00, 0x0C, 0xCE, 0xFF, 0xFF, 0x0E, 0xBE,
0xFF, 0xC5, 0x34, 0x09, 0x16, 0x58, 0xD7, 0xFF, 0xFF, 0xFF, 0x22, 0x39, 0xF9, 0xFF, 0xFF, 0xFF,
0xFF, 0xFF, 0xFC, 0x6C, 0xD5, 0xFF, 0x57, 0x00, 0x35, 0xB2, 0xED, 0xFA, 0xE2, 0x9F, 0x2A, 0x00,
0x58, 0xFF, 0xBD, 0xFF, 0xFF, 0x00, 0x00, 0x00, 0x00, 0x00, 0x00, 0x00, 0x00, 0x00, 0x00, 0xFF,
0xFF, 0x00, 0x00, 0x00, 0x00, 0x00, 0x00, 0x00, 0x00, 0x00, 0x00, 0xFF, 0xFF, 0x00, 0x00, 0x00,
0x00, 0x00, 0x00, 0x00, 0x00, 0x00, 0x00, 0xFF, 0xFF, 0x00, 0x00, 0x00, 0x00, 0x00, 0x00, 0x00,
0x00, 0x00, 0x00, 0xFF, 0xFF, 0x00, 0x00, 0x00, 0x00, 0x00, 0x00, 0x00, 0x00, 0x00, 0x00, 0xFF,
0xFF, 0x00, 0x58, 0xC6, 0xF4, 0xF1, 0xC7, 0x6E, 0x07, 0x00, 0x00, 0xFF, 0xFF, 0x93, 0xFF, 0xFF,
0xFF, 0xFF, 0xFF, 0xFF, 0xD3, 0x1A, 0x00, 0xFF, 0xFF, 0xFF, 0xE5, 0x5C, 0x10, 0x0C, 0x4E, 0xDB,
0xFF, 0xC5, 0x02, 0xFF, 0xFF, 0xEB, 0x1F, 0x00, 0x00, 0x00, 0x00, 0x14, 0xE2, 0xFF, 0x50, 0xFF,
0xFF, 0x70, 0x00, 0x00, 0x00, 0x00, 0x00, 0x00, 0x68, 0xFF, 0xAA, 0xFF, 0xFF, 0x24, 0x00, 0x00,
0x00, 0x00, 0x00, 0x00, 0x23, 0xFF, 0xE2, 0xFF, 0xFF, 0x06, 0x00, 0x00, 0x00, 0x00, 0x00, 0x00,
0x07, 0xFF, 0xF9, 0xFF, 0xFF, 0x05, 0x00, 0x00, 0x00, 0x00, 0x00, 0x00, 0x09, 0xFF, 0xF3, 0xFF,
0xFF, 0x1E, 0x00, 0x00, 0x00, 0x00, 0x00, 0x00, 0x27, 0xFF, 0xDA, 0xFF, 0xFF, 0x5C, 0x00, 0x00,
0x00, 0x00, 0x00, 0x00, 0x72, 0xFF, 0xA1, 0xFF, 0xFF, 0xDB, 0x11, 0x00, 0x00, 0x00, 0x00, 0x1D,
0xEA, 0xFF, 0x40, 0xFF, 0xFF, 0xFE, 0xD5, 0x49, 0x0C, 0x0F, 0x5A, 0xE4, 0xFF, 0xAC, 0x00, 0xFF,
0xFF, 0x78, 0xFF, 0xFF, 0xFF, 0xFF, 0xFF, 0xFF, 0xB8, 0x0C, 0x00, 0xFF, 0xFF, 0x00, 0x51, 0xC5,
0xF4, 0xF1, 0xC3, 0x60, 0x02, 0x00, 0x00, 0x00, 0x00, 0x00, 0x00, 0x02, 0x05, 0x00, 0x00, 0x00,
0x00, 0x00, 0x00, 0x00, 0x22, 0xAD, 0xF7, 0xFF, 0xF1, 0xBB, 0x45, 0x00, 0x00, 0x00, 0x31, 0xEA,
0xFF, 0xFF, 0xFF, 0xFF, 0xFF, 0xFE, 0x6C, 0x00, 0x05, 0xD8, 0xFF, 0xCD, 0x44, 0x0A, 0x1B, 0x85,
0xFF, 0xFC, 0x2C, 0x60, 0xFF, 0xD7, 0x0B, 0x00, 0x00, 0x00, 0x00, 0x98, 0xFF, 0x9C, 0xAE, 0xFF,
0x5E, 0x00, 0x00, 0x00, 0x00, 0x00, 0x2B, 0xFF, 0xE3, 0xDE, 0xFF, 0x1F, 0x00, 0x00, 0x00, 0x00,
0x00, 0x00, 0x00, 0x00, 0xF4, 0xFF, 0x06, 0x00, 0x00, 0x00, 0x00, 0x00, 0x00, 0x00, 0x00, 0xF8,
0xFF, 0x06, 0x00, 0x00, 0x00, 0x00, 0x00, 0x00, 0x00, 0x00, 0xE6, 0xFF, 0x1E, 0x00, 0x00, 0x00,
0x00, 0x00, 0x00, 0x00, 0x00, 0xB7, 0xFF, 0x59, 0x00, 0x00, 0x00, 0x00, 0x00, 0x26, 0xFF, 0xE3,
0x67, 0xFF, 0xCC, 0x05, 0x00, 0x00, 0x00, 0x00, 0x8E, 0xFF, 0x9B, 0x0A, 0xDD, 0xFF, 0xBD, 0x34,
0x07, 0x20, 0x87, 0xFE, 0xFA, 0x29, 0x00, 0x2F, 0xE9, 0xFF, 0xFF, 0xFF, 0xFF, 0xFF, 0xFC, 0x60,
0x00, 0x00, 0x00, 0x16, 0x8E, 0xDC, 0xF9, 0xEE, 0xB2, 0x38, 0x00, 0x00, 0x00, 0x00, 0x00, 0x00,
0x00, 0x00, 0x00, 0x00, 0x00, 0x00, 0xFF, 0xFF, 0x00, 0x00, 0x00, 0x00, 0x00, 0x00, 0x00, 0x00,
0x00, 0x00, 0xFF, 0xFF, 0x00, 0x00, 0x00, 0x00, 0x00, 0x00, 0x00, 0x00, 0x00, 0x00, 0xFF, 0xFF,
0x00, 0x00, 0x00, 0x00, 0x00, 0x00, 0x00, 0x00, 0x00, 0x00, 0xFF, 0xFF, 0x00, 0x00, 0x00, 0x00,
0x00, 0x00, 0x00, 0x00, 0x00, 0x00, 0xFF, 0xFF, 0x00, 0x00, 0x08, 0x68, 0xC7, 0xED, 0xF2, 0xC3,
0x54, 0x00, 0xFF, 0xFF, 0x00, 0x19, 0xCB, 0xFF, 0xFF, 0xFF, 0xFF, 0xFF, 0xFF, 0x91, 0xFF, 0xFF,
0x00, 0xC0, 0xFF, 0xD4, 0x49, 0x0B, 0x10, 0x57, 0xE2, 0xFF, 0xFF, 0xFF, 0x50, 0xFF, 0xDD, 0x0F,
0x00, 0x00, 0x00, 0x00, 0x1B, 0xE9, 0xFF, 0xFF, 0xA4, 0xFF, 0x63, 0x00, 0x00, 0x00, 0x00, 0x00,
0x00, 0x72, 0xFF, 0xFF, 0xDC, 0xFF, 0x21, 0x00, 0x00, 0x00, 0x00, 0x00, 0x00, 0x2A, 0xFF, 0xFF,
0xF4, 0xFF, 0x07, 0x00, 0x00, 0x00, 0x00, 0x00, 0x00, 0x0B, 0xFF, 0xFF, 0xF4, 0xFF, 0x08, 0x00,
0x00, 0x00, 0x00, 0x00, 0x00, 0x05, 0xFF, 0xFF, 0xDA, 0xFF, 0x25, 0x00, 0x00, 0x00, 0x00, 0x00,
0x00, 0x1E, 0xFF, 0xFF, 0xA0, 0xFF, 0x6F, 0x00, 0x00, 0x00, 0x00, 0x00, 0x00, 0x62, 0xFF, 0xFF,
0x44, 0xFF, 0xE8, 0x1B, 0x00, 0x00, 0x00, 0x00, 0x10, 0xDD, 0xFF, 0xFF, 0x00, 0xAC, 0xFF, 0xE2,
0x58, 0x0E, 0x0B, 0x4C, 0xD7, 0xFE, 0xFF, 0xFF, 0x00, 0x0E, 0xB9, 0xFF, 0xFF, 0xFF, 0xFF, 0xFF,
0xFF, 0x79, 0xFF, 0xFF, 0x00, 0x00, 0x04, 0x5E, 0xC2, 0xED, 0xF3, 0xC6, 0x54, 0x00, 0xFF, 0xFF,
0x00, 0x00, 0x06, 0x6F, 0xC9, 0xF2, 0xF4, 0xCF, 0x74, 0x06, 0x00, 0x00, 0x00, 0x16, 0xCD, 0xFF,
0xFF, 0xFF, 0xFF, 0xFF, 0xFF, 0xCD, 0x14, 0x00, 0x02, 0xC0, 0xFF, 0xDA, 0x51, 0x0E, 0x0A, 0x45,
0xCD, 0xFF, 0xB8, 0x00, 0x50, 0xFF, 0xDC, 0x12, 0x00, 0x00, 0x00, 0x00, 0x0A, 0xD5, 0xFF, 0x45,
0xAA, 0xFF, 0x58, 0x00, 0x00, 0x00, 0x00, 0x00, 0x00, 0x57, 0xFF, 0xA1, 0xDF, 0xFF, 0x12, 0x00,
0x00, 0x00, 0x00, 0x00, 0x00, 0x1A, 0xFF, 0xD7, 0xF6, 0xFF, 0xFF, 0xFF, 0xFF, 0xFF, 0xFF, 0xFF,
0xFF, 0xFF, 0xFF, 0xF1, 0xF9, 0xFF, 0xFF, 0xFF, 0xFF, 0xFF, 0xFF, 0xFF, 0xFF, 0xFF, 0xFF, 0xFD,
0xE6, 0xFF, 0x12, 0x00, 0x00, 0x00, 0x00, 0x00, 0x00, 0x00, 0x00, 0x00, 0xB4, 0xFF, 0x54, 0x00,
0x00, 0x00, 0x00, 0x00, 0x00, 0x00, 0x00, 0x00, 0x5E, 0xFF, 0xD7, 0x10, 0x00, 0x00, 0x00, 0x00,
0x00, 0x64, 0xFF, 0xB4, 0x05, 0xCE, 0xFF, 0xD9, 0x55, 0x11, 0x07, 0x27, 0x86, 0xFC, 0xFD, 0x3C,
0x00, 0x1F, 0xD7, 0xFF, 0xFF, 0xFF, 0xFF, 0xFF, 0xFF, 0xFE, 0x62, 0x00, 0x00, 0x00, 0x0A, 0x74,
0xC9, 0xF1, 0xFB, 0xE3, 0xA6, 0x36, 0x00, 0x00, 0x00, 0x00, 0x09, 0x94, 0xE6, 0xF9, 0xE4, 0x7C,
0x00, 0x00, 0x99, 0xFF, 0xFF, 0xFF, 0xFF, 0x9D, 0x00, 0x00, 0xE9, 0xFF, 0x78, 0x0B, 0x06, 0x0D,
0x00, 0x00, 0xFD, 0xFF, 0x0B, 0x00, 0x00, 0x00, 0x00, 0x00, 0xFF, 0xFF, 0x00, 0x00, 0x00, 0x00,
0xFF, 0xFF, 0xFF, 0xFF, 0xFF, 0xFF, 0xFF, 0x00, 0xFF, 0xFF, 0xFF, 0xFF, 0xFF, 0xFF, 0xFF, 0x00,
0x00, 0x00, 0xFF, 0xFF, 0x00, 0x00, 0x00, 0x00, 0x00, 0x00, 0xFF, 0xFF, 0x00, 0x00, 0x00, 0x00,
0x00, 0x00, 0xFF, 0xFF, 0x00, 0x00, 0x00, 0x00, 0x00, 0x00, 0xFF, 0xFF, 0x00, 0x00, 0x00, 0x00,
0x00, 0x00, 0xFF, 0xFF, 0x00, 0x00, 0x00, 0x00, 0x00, 0x00, 0xFF, 0xFF, 0x00, 0x00, 0x00, 0x00,
0x00, 0x00, 0xFF, 0xFF, 0x00, 0x00, 0x00, 0x00, 0x00, 0x00, 0xFF, 0xFF, 0x00, 0x00, 0x00, 0x00,
0x00, 0x00, 0xFF, 0xFF, 0x00, 0x00, 0x00, 0x00, 0x00, 0x00, 0xFF, 0xFF, 0x00, 0x00, 0x00, 0x00,
0x00, 0x00, 0xFF, 0xFF, 0x00, 0x00, 0x00, 0x00, 0x00, 0x00, 0xFF, 0xFF, 0x00, 0x00, 0x00, 0x00,
0x00, 0x00, 0x09, 0x6C, 0xCB, 0xF0, 0xF1, 0xBE, 0x4C, 0x00, 0xFF, 0xFF, 0x00, 0x14, 0xCA, 0xFF,
0xFF, 0xFF, 0xFF, 0xFF, 0xFF, 0x83, 0xFF, 0xFF, 0x00, 0xB8, 0xFF, 0xDB, 0x50, 0x0C, 0x10, 0x59,
0xE4, 0xFF, 0xFF, 0xFF, 0x46, 0xFF, 0xE3, 0x15, 0x00, 0x00, 0x00, 0x00, 0x1D, 0xEA, 0xFF, 0xFF,
0x9D, 0xFF, 0x68, 0x00, 0x00, 0x00, 0x00, 0x00, 0x00, 0x70, 0xFF, 0xFF, 0xD9, 0xFF, 0x21, 0x00,
0x00, 0x00, 0x00, 0x00, 0x00, 0x26, 0xFF, 0xFF, 0xF3, 0xFF, 0x06, 0x00, 0x00, 0x00, 0x00, 0x00,
0x00, 0x08, 0xFF, 0xFF, 0xF8, 0xFF, 0x08, 0x00, 0x00, 0x00, 0x00, 0x00, 0x00, 0x08, 0xFF, 0xFF,
0xE0, 0xFF, 0x24, 0x00, 0x00, 0x00, 0x00, 0x00, 0x00, 0x24, 0xFF, 0xFF, 0xA5, 0xFF, 0x68, 0x00,
0x00, 0x00, 0x00, 0x00, 0x00, 0x68, 0xFF, 0xFF, 0x46, 0xFF, 0xE0, 0x12, 0x00, 0x00, 0x00, 0x00,
0x12, 0xE1, 0xFF, 0xFF, 0x00, 0xB6, 0xFF, 0xD8, 0x4D, 0x0C, 0x0C, 0x4E, 0xD9, 0xFF, 0xFF, 0xFF,
0x00, 0x12, 0xCE, 0xFF, 0xFF, 0xFF, 0xFF, 0xFF, 0xFF, 0x85, 0xFF, 0xF9, 0x00, 0x00, 0x06, 0x73,
0xCC, 0xF2, 0xF4, 0xC4, 0x51, 0x08, 0xFF, 0xEB, 0x00, 0x00, 0x00, 0x00, 0x00, 0x00, 0x00, 0x00,
0x00, 0x27, 0xFF, 0xCC, 0xF5, 0xFF, 0x31, 0x00, 0x00, 0x00, 0x00, 0x00, 0x00, 0xA0, 0xFF, 0x90,
0xB9, 0xFF, 0xDF, 0x5D, 0x1B, 0x05, 0x14, 0x40, 0xAE, 0xFF, 0xF0, 0x21, 0x28, 0xE5, 0xFF, 0xFF,
0xFF, 0xFF, 0xFF, 0xFF, 0xFF, 0xEA, 0x44, 0x00, 0x00, 0x0D, 0x6B, 0xC2, 0xE2, 0xF9, 0xEA, 0xCA,
0x7A, 0x16, 0x00, 0x00, 0xFF, 0xFF, 0x00, 0x00, 0x00, 0x00, 0x00, 0x00, 0x00, 0x00, 0xFF, 0xFF,
0x00, 0x00, 0x00, 0x00, 0x00, 0x00, 0x00, 0x00, 0xFF, 0xFF, 0x00, 0x00, 0x00, 0x00, 0x00, 0x00,
0x00, 0x00, 0xFF, 0xFF, 0x00, 0x00, 0x00, 0x00, 0x00, 0x00, 0x00, 0x00, 0xFF, 0xFF, 0x00, 0x00,
0x00, 0x00, 0x00, 0x00, 0x00, 0x00, 0xFF, 0xFF, 0x01, 0x65, 0xCF, 0xF7, 0xE8, 0xA4, 0x23, 0x00,
0xFF, 0xFF, 0x9F, 0xFF, 0xFF, 0xFF, 0xFF, 0xFF, 0xEE, 0x20, 0xFF, 0xFF, 0xFF, 0x9D, 0x26, 0x0C,
0x48, 0xE5, 0xFF, 0x9B, 0xFF, 0xFF, 0xA5, 0x00, 0x00, 0x00, 0x00, 0x59, 0xFF, 0xDB, 0xFF, 0xFF,
0x3B, 0x00, 0x00, 0x00, 0x00, 0x19, 0xFF, 0xF2, 0xFF, 0xFF, 0x10, 0x00, 0x00, 0x00, 0x00, 0x01,
0xFF, 0xFF, 0xFF, 0xFF, 0x02, 0x00, 0x00, 0x00, 0x00, 0x00, 0xFF, 0xFF, 0xFF, 0xFF, 0x00, 0x00,
0x00, 0x00, 0x00, 0x00, 0xFF, 0xFF, 0xFF, 0xFF, 0x00, 0x00, 0x00, 0x00, 0x00, 0x00, 0xFF, 0xFF,
0xFF, 0xFF, 0x00, 0x00, 0x00, 0x00, 0x00, 0x00, 0xFF, 0xFF, 0xFF, 0xFF, 0x00, 0x00, 0x00, 0x00,
0x00, 0x00, 0xFF, 0xFF, 0xFF, 0xFF, 0x00, 0x00, 0x00, 0x00, 0x00, 0x00, 0xFF, 0xFF, 0xFF, 0xFF,
0x00, 0x00, 0x00, 0x00, 0x00, 0x00, 0xFF, 0xFF, 0xFF, 0xFF, 0x00, 0x00, 0x00, 0x00, 0x00, 0x00,
0xFF, 0xFF, 0xFF, 0xFF, 0xFF, 0xFF, 0x00, 0x00, 0x00, 0x00, 0x00, 0x00, 0xFF, 0xFF, 0xFF, 0xFF,
0xFF, 0xFF, 0xFF, 0xFF, 0xFF, 0xFF, 0xFF, 0xFF, 0xFF, 0xFF, 0xFF, 0xFF, 0xFF, 0xFF, 0xFF, 0xFF,
0xFF, 0xFF, 0xFF, 0xFF, 0xFF, 0xFF, 0xFF, 0xFF, 0x00, 0x00, 0x00, 0x00, 0xFF, 0xFF, 0x00, 0x00,
0x00, 0x00, 0xFF, 0xFF, 0x00, 0x00, 0x00, 0x00, 0x00, 0x00, 0x00, 0x00, 0x00, 0x00, 0x00, 0x00,
0x00, 0x00, 0x00, 0x00, 0x00, 0x00, 0x00, 0x00, 0x00, 0x00, 0xFF, 0xFF, 0x00, 0x00, 0x00, 0x00,
0xFF, 0xFF, 0x00, 0x00, 0x00, 0x00, 0xFF, 0xFF, 0x00, 0x00, 0x00, 0x00, 0xFF, 0xFF, 0x00, 0x00,
0x00, 0x00, 0xFF, 0xFF, 0x00, 0x00, 0x00, 0x00, 0xFF, 0xFF, 0x00, 0x00, 0x00, 0x00, 0xFF, 0xFF,
0x00, 0x00, 0x00, 0x00, 0xFF, 0xFF, 0x00, 0x00, 0x00, 0x00, 0xFF, 0xFF, 0x00, 0x00, 0x00, 0x00,
0xFF, 0xFF, 0x00, 0x00, 0x00, 0x00, 0xFF, 0xFF, 0x00, 0x00, 0x00, 0x00, 0xFF, 0xFF, 0x00, 0x00,
0x00, 0x00, 0xFF, 0xFF, 0x00, 0x00, 0x00, 0x00, 0xFF, 0xFF, 0x00, 0x00, 0x00, 0x02, 0xFF, 0xFD,
0x00, 0x00, 0x00, 0x14, 0xFF, 0xEF, 0x00, 0x14, 0x08, 0x77, 0xFF, 0xCA, 0x00, 0xE6, 0xFF, 0xFF,
0xFF, 0x71, 0x14, 0xDB, 0xF8, 0xE5, 0x82, 0x01, 0xFF, 0xFF, 0x00, 0x00, 0x00, 0x00, 0x00, 0x00,
0x00, 0x00, 0x00, 0xFF, 0xFF, 0x00, 0x00, 0x00, 0x00, 0x00, 0x00, 0x00, 0x00, 0x00, 0xFF, 0xFF,
0x00, 0x00, 0x00, 0x00, 0x00, 0x00, 0x00, 0x00, 0x00, 0xFF, 0xFF, 0x00, 0x00, 0x00, 0x00, 0x00,
0x00, 0x00, 0x00, 0x00, 0xFF, 0xFF, 0x00, 0x00, 0x00, 0x00, 0x00, 0x00, 0x00, 0x00, 0x00, 0xFF,
0xFF, 0x00, 0x00, 0x00, 0x00, 0x00, 0x2D, 0xE3, 0xE5, 0x83, 0xFF, 0xFF, 0x00, 0x00, 0x00, 0x00,
0x36, 0xED, 0xFF, 0xB4, 0x07, 0xFF, 0xFF, 0x00, 0x00, 0x00, 0x42, 0xF3, 0xFF, 0xB1, 0x06, 0x00,
0xFF, 0xFF, 0x00, 0x00, 0x4D, 0xF7, 0xFF, 0xAD, 0x05, 0x00, 0x00, 0xFF, 0xFF, 0x00, 0x5B, 0xFB,
0xFF, 0xAA, 0x04, 0x00, 0x00, 0x00, 0xFF, 0xFF, 0x68, 0xFD, 0xFF, 0xF5, 0x0E, 0x00, 0x00, 0x00,
0x00, 0xFF, 0xFF, 0xFF, 0xFC, 0xFF, 0xFF, 0x84, 0x00, 0x00, 0x00, 0x00, 0xFF, 0xFF, 0xE2, 0x2F,
0xD7, 0xFF, 0xF8, 0x24, 0x00, 0x00, 0x00, 0xFF, 0xFF, 0x1E, 0x00, 0x36, 0xFC, 0xFF, 0xB6, 0x00,
0x00, 0x00, 0xFF, 0xFF, 0x00, 0x00, 0x00, 0x85, 0xFF, 0xFF, 0x4F, 0x00, 0x00, 0xFF, 0xFF, 0x00,
0x00, 0x00, 0x06, 0xD1, 0xFF, 0xDF, 0x09, 0x00, 0xFF, 0xFF, 0x00, 0x00, 0x00, 0x00, 0x2F, 0xFA,
0xFF, 0x81, 0x00, 0xFF, 0xFF, 0x00, 0x00, 0x00, 0x00, 0x00, 0x7C, 0xFF, 0xF7, 0x22, 0xFF, 0xFF,
0x00, 0x00, 0x00, 0x00, 0x00, 0x04, 0xCA, 0xFF, 0xB3, 0xFF, 0xFF, 0xFF, 0xFF, 0xFF, 0xFF, 0xFF,
0xFF, 0xFF, 0xFF, 0xFF, 0xFF, 0xFF, 0xFF, 0xFF, 0xFF, 0xFF, 0xFF, 0xFF, 0xFF, 0xFF, 0xFF, 0xFF,
0xFF, 0xFF, 0xFF, 0xFF, 0xFF, 0xFF, 0xFF, 0xFF, 0xFF, 0xFF, 0xFF, 0xFF, 0xFF, 0xFF, 0xFF, 0xFF,
0xFF, 0x00, 0x44, 0xBC, 0xF0, 0xEF, 0xBB, 0x3A, 0x00, 0x00, 0x57, 0xC7, 0xF4, 0xF2, 0xBA, 0x3A,
0x00, 0xFF, 0xFF, 0x68, 0xFE, 0xFF, 0xFF, 0xFF, 0xFF, 0xF8, 0x35, 0x8D, 0xFF, 0xFF, 0xFF, 0xFF,
0xFF, 0xF9, 0x34, 0xFF, 0xFF, 0xFB, 0xA6, 0x2C, 0x09, 0x35, 0xD6, 0xFF, 0xE5, 0xFF, 0xA3, 0x2D,
0x09, 0x36, 0xD4, 0xFF, 0xAE, 0xFF, 0xFF, 0xAF, 0x00, 0x00, 0x00, 0x00, 0x46, 0xFF, 0xFF, 0x9A,
0x00, 0x00, 0x00, 0x00, 0x3A, 0xFF, 0xE8, 0xFF, 0xFF, 0x43, 0x00, 0x00, 0x00, 0x00, 0x11, 0xFF,
0xFF, 0x2F, 0x00, 0x00, 0x00, 0x00, 0x0B, 0xFF, 0xFC, 0xFF, 0xFF, 0x15, 0x00, 0x00, 0x00, 0x00,
0x00, 0xFF, 0xFF, 0x07, 0x00, 0x00, 0x00, 0x00, 0x00, 0xFF, 0xFF, 0xFF, 0xFF, 0x05, 0x00, 0x00,
0x00, 0x00, 0x00, 0xFF, 0xFF, 0x00, 0x00, 0x00, 0x00, 0x00, 0x00, 0xFF, 0xFF, 0xFF, 0xFF, 0x00,
0x00, 0x00, 0x00, 0x00, 0x00, 0xFF, 0xFF, 0x00, 0x00, 0x00, 0x00, 0x00, 0x00, 0xFF, 0xFF, 0xFF,
0xFF, 0x00, 0x00, 0x00, 0x00, 0x00, 0x00, 0xFF, 0xFF, 0x00, 0x00, 0x00, 0x00, 0x00, 0x00, 0xFF,
0xFF, 0xFF, 0xFF, 0x00, 0x00, 0x00, 0x00, 0x00, 0x00, 0xFF, 0xFF, 0x00, 0x00, 0x00, 0x00, 0x00,
0x00, 0xFF, 0xFF, 0xFF, 0xFF, 0x00, 0x00, 0x00, 0x00, 0x00, 0x00, 0xFF, 0xFF, 0x00, 0x00, 0x00,
0x00, 0x00, 0x00, 0xFF, 0xFF, 0xFF, 0xFF, 0x00, 0x00, 0x00, 0x00, 0x00, 0x00, 0xFF, 0xFF, 0x00,
0x00, 0x00, 0x00, 0x00, 0x00, 0xFF, 0xFF, 0xFF, 0xFF, 0x00, 0x00, 0x00, 0x00, 0x00, 0x00, 0xFF,
0xFF, 0x00, 0x00, 0x00, 0x00, 0x00, 0x00, 0xFF, 0xFF, 0xFF, 0xFF, 0x00, 0x00, 0x00, 0x00, 0x00,
0x00, 0xFF, 0xFF, 0x00, 0x00, 0x00, 0x00, 0x00, 0x00, 0xFF, 0xFF, 0xFF, 0xFF, 0x01, 0x68, 0xCE,
0xF5, 0xED, 0xAC, 0x2B, 0x00, 0xFF, 0xFF, 0x9F, 0xFF, 0xFF, 0xFF, 0xFF, 0xFF, 0xF3, 0x2B, 0xFF,
0xFF, 0xFF, 0x9E, 0x29, 0x0A, 0x44, 0xE3, 0xFF, 0xA5, 0xFF, 0xFF, 0x9C, 0x00, 0x00, 0x00, 0x00,
0x4F, 0xFF, 0xE5, 0xFF, 0xFF, 0x38, 0x00, 0x00, 0x00, 0x00, 0x13, 0xFF, 0xF9, 0xFF, 0xFF, 0x0E,
0x00, 0x00, 0x00, 0x00, 0x03, 0xFF, 0xFF, 0xFF, 0xFF, 0x01, 0x00, 0x00, 0x00, 0x00, 0x00, 0xFF,
0xFF, 0xFF, 0xFF, 0x00, 0x00, 0x00, 0x00, 0x00, 0x00, 0xFF, 0xFF, 0xFF, 0xFF, 0x00, 0x00, 0x00,
0x00, 0x00, 0x00, 0xFF, 0xFF, 0xFF, 0xFF, 0x00, 0x00, 0x00, 0x00, 0x00, 0x00, 0xFF, 0xFF, 0xFF,
0xFF, 0x00, 0x00, 0x00, 0x00, 0x00, 0x00, 0xFF, 0xFF, 0xFF, 0xFF, 0x00, 0x00, 0x00, 0x00, 0x00,
0x00, 0xFF, 0xFF, 0xFF, 0xFF, 0x00, 0x00, 0x00, 0x00, 0x00, 0x00, 0xFF, 0xFF, 0xFF, 0xFF, 0x00,
0x00, 0x00, 0x00, 0x00, 0x00, 0xFF, 0xFF, 0x00, 0x00, 0x0C, 0x79, 0xCE, 0xF5, 0xF4, 0xCE, 0x78,
0x0A, 0x00, 0x00, 0x00, 0x1F, 0xD9, 0xFF, 0xFF, 0xFF, 0xFF, 0xFF, 0xFF, 0xD6, 0x1D, 0x00, 0x04,
0xD2, 0xFF, 0xDB, 0x50, 0x0D, 0x0D, 0x51, 0xDD, 0xFF, 0xCB, 0x05, 0x5E, 0xFF, 0xE4, 0x15, 0x00,
0x00, 0x00, 0x00, 0x17, 0xE5, 0xFF, 0x5D, 0xB1, 0xFF, 0x6A, 0x00, 0x00, 0x00, 0x00, 0x00, 0x00,
0x6B, 0xFF, 0xB3, 0xE4, 0xFF, 0x23, 0x00, 0x00, 0x00, 0x00, 0x00, 0x00, 0x23, 0xFF, 0xE6, 0xF7,
0xFF, 0x07, 0x00, 0x00, 0x00, 0x00, 0x00, 0x00, 0x07, 0xFF, 0xF9, 0xF8, 0xFF, 0x07, 0x00, 0x00,
0x00, 0x00, 0x00, 0x00, 0x0A, 0xFF, 0xF9, 0xE4, 0xFF, 0x23, 0x00, 0x00, 0x00, 0x00, 0x00, 0x00,
0x27, 0xFF, 0xE4, 0xB1, 0xFF, 0x6A, 0x00, 0x00, 0x00, 0x00, 0x00, 0x00, 0x6D, 0xFF, 0xB7, 0x5A,
0xFF, 0xE4, 0x15, 0x00, 0x00, 0x00, 0x00, 0x15, 0xE5, 0xFF, 0x66, 0x04, 0xC4, 0xFF, 0xDB, 0x4F,
0x0C, 0x0D, 0x50, 0xDB, 0xFF, 0xCD, 0x05, 0x00, 0x14, 0xC1, 0xFF, 0xFF, 0xFF, 0xFF, 0xFF, 0xFF,
0xD2, 0x20, 0x00, 0x00, 0x00, 0x01, 0x56, 0xB5, 0xEB, 0xF0, 0xCA, 0x6F, 0x0A, 0x00, 0x00, 0xFF,
0xFF, 0x00, 0x43, 0xBC, 0xEF, 0xF0, 0xCC, 0x70, 0x0B, 0x00, 0x00, 0xFF, 0xFF, 0x60, 0xFD, 0xFF,
0xFF, 0xFF, 0xFF, 0xFF, 0xD1, 0x1B, 0x00, 0xFF, 0xFF, 0xF9, 0xEC, 0x63, 0x11, 0x0C, 0x51, 0xDE,
0xFF, 0xC3, 0x01, 0xFF, 0xFF, 0xF2, 0x29, 0x00, 0x00, 0x00, 0x00, 0x17, 0xE5, 0xFF, 0x50, 0xFF,
0xFF, 0x7E, 0x00, 0x00, 0x00, 0x00, 0x00, 0x00, 0x6A, 0xFF, 0xA5, 0xFF, 0xFF, 0x2C, 0x00, 0x00,
0x00, 0x00, 0x00, 0x00, 0x23, 0xFF, 0xDD, 0xFF, 0xFF, 0x09, 0x00, 0x00, 0x00, 0x00, 0x00, 0x00,
0x07, 0xFF, 0xF5, 0xFF, 0xFF, 0x05, 0x00, 0x00, 0x00, 0x00, 0x00, 0x00, 0x09, 0xFF, 0xF0, 0xFF,
0xFF, 0x1F, 0x00, 0x00, 0x00, 0x00, 0x00, 0x00, 0x26, 0xFF, 0xD5, 0xFF, 0xFF, 0x63, 0x00, 0x00,
0x00, 0x00, 0x00, 0x00, 0x6E, 0xFF, 0x94, 0xFF, 0xFF, 0xDD, 0x10, 0x00, 0x00, 0x00, 0x00, 0x19,
0xE7, 0xFF, 0x37, 0xFF, 0xFF, 0xFF, 0xD7, 0x4C, 0x0B, 0x0E, 0x56, 0xE0, 0xFF, 0x9C, 0x00, 0xFF,
0xFF, 0xAB, 0xFF, 0xFF, 0xFF, 0xFF, 0xFF, 0xFF, 0xA8, 0x0A, 0x00, 0xFF, 0xFF, 0x01, 0x68, 0xCF,
0xF7, 0xE7, 0xB6, 0x4D, 0x00, 0x00, 0x00, 0xFF, 0xFF, 0x00, 0x00, 0x00, 0x00, 0x00, 0x00, 0x00,
0x00, 0x00, 0x00, 0xFF, 0xFF, 0x00, 0x00, 0x00, 0x00, 0x00, 0x00, 0x00, 0x00, 0x00, 0x00, 0xFF,
0xFF, 0x00, 0x00, 0x00, 0x00, 0x00, 0x00, 0x00, 0x00, 0x00, 0x00, 0xFF, 0xFF, 0x00, 0x00, 0x00,
0x00, 0x00, 0x00, 0x00, 0x00, 0x00, 0x00, 0xFF, 0xFF, 0x00, 0x00, 0x00, 0x00, 0x00, 0x00, 0x00,
0x00, 0x00, 0x00, 0x00, 0x00, 0x0B, 0x71, 0xCC, 0xF1, 0xEE, 0xB5, 0x3A, 0x00, 0xFF, 0xFF, 0x00,
0x1E, 0xD2, 0xFF, 0xFF, 0xFF, 0xFF, 0xFF, 0xFC, 0x58, 0xFF, 0xFF, 0x01, 0xC5, 0xFF, 0xD7, 0x4B,
0x0A, 0x12, 0x62, 0xEB, 0xF6, 0xFF, 0xFF, 0x54, 0xFF, 0xE0, 0x12, 0x00, 0x00, 0x00, 0x00, 0x27,
0xF2, 0xFF, 0xFF, 0xAA, 0xFF, 0x66, 0x00, 0x00, 0x00, 0x00, 0x00, 0x00, 0x7D, 0xFF, 0xFF, 0xDE,
0xFF, 0x22, 0x00, 0x00, 0x00, 0x00, 0x00, 0x00, 0x2E, 0xFF, 0xFF, 0xF6, 0xFF, 0x07, 0x00, 0x00,
0x00, 0x00, 0x00, 0x00, 0x0C, 0xFF, 0xFF, 0xF5, 0xFF, 0x08, 0x00, 0x00, 0x00, 0x00, 0x00, 0x00,
0x06, 0xFF, 0xFF, 0xDB, 0xFF, 0x26, 0x00, 0x00, 0x00, 0x00, 0x00, 0x00, 0x1E, 0xFF, 0xFF, 0x9F,
0xFF, 0x70, 0x00, 0x00, 0x00, 0x00, 0x00, 0x00, 0x62, 0xFF, 0xFF, 0x3A, 0xFF, 0xE9, 0x1D, 0x00,
0x00, 0x00, 0x00, 0x10, 0xDD, 0xFF, 0xFF, 0x00, 0x9E, 0xFF, 0xE4, 0x5A, 0x0F, 0x0B, 0x4B, 0xD7,
0xFF, 0xFF, 0xFF, 0x00, 0x07, 0xA7, 0xFF, 0xFF, 0xFF, 0xFF, 0xFF, 0xFF, 0xAA, 0xFF, 0xFF, 0x00,
0x00, 0x00, 0x50, 0xB9, 0xED, 0xF7, 0xCD, 0x66, 0x01, 0xFF, 0xFF, 0x00, 0x00, 0x00, 0x00, 0x00,
0x00, 0x00, 0x00, 0x00, 0x00, 0xFF, 0xFF, 0x00, 0x00, 0x00, 0x00, 0x00, 0x00, 0x00, 0x00, 0x00,
0x00, 0xFF, 0xFF, 0x00, 0x00, 0x00, 0x00, 0x00, 0x00, 0x00, 0x00, 0x00, 0x00, 0xFF, 0xFF, 0x00,
0x00, 0x00, 0x00, 0x00, 0x00, 0x00, 0x00, 0x00, 0x00, 0xFF, 0xFF, 0x00, 0x00, 0x00, 0x00, 0x00,
0x00, 0x00, 0x00, 0x00, 0x00, 0xFF, 0xFF, 0xFF, 0xFF, 0x0A, 0xA1, 0xF5, 0xED, 0xA7, 0xFF, 0xFF,
0xA7, 0xFF, 0xFF, 0xFF, 0x98, 0xFF, 0xFF, 0xFA, 0x5E, 0x0A, 0x2A, 0x21, 0xFF, 0xFF, 0x8C, 0x00,
0x00, 0x00, 0x00, 0xFF, 0xFF, 0x3E, 0x00, 0x00, 0x00, 0x00, 0xFF, 0xFF, 0x13, 0x00, 0x00, 0x00,
0x00, 0xFF, 0xFF, 0x02, 0x00, 0x00, 0x00, 0x00, 0xFF, 0xFF, 0x00, 0x00, 0x00, 0x00, 0x00, 0xFF,
0xFF, 0x00, 0x00, 0x00, 0x00, 0x00, 0xFF, 0xFF, 0x00, 0x00, 0x00, 0x00, 0x00, 0xFF, 0xFF, 0x00,
0x00, 0x00, 0x00, 0x00, 0xFF, 0xFF, 0x00, 0x00, 0x00, 0x00, 0x00, 0xFF, 0xFF, 0x00, 0x00, 0x00,
0x00, 0x00, 0xFF, 0xFF, 0x00, 0x00, 0x00, 0x00, 0x00, 0x00, 0x1C, 0x92, 0xDA, 0xF9, 0xF5, 0xDA,
0x9F, 0x39, 0x00, 0x00, 0x27, 0xEB, 0xFF, 0xFF, 0xFF, 0xFF, 0xFF, 0xFF, 0xFF, 0x7D, 0x00, 0xB4,
0xFF, 0xB3, 0x31, 0x0B, 0x08, 0x23, 0x85, 0xFF, 0xF7, 0x00, 0xF4, 0xFF, 0x11, 0x00, 0x00, 0x00,
0x00, 0x00, 0x00, 0x00, 0x00, 0xEC, 0xFF, 0x79, 0x04, 0x00, 0x00, 0x00, 0x00, 0x00, 0x00, 0x00,
0x9A, 0xFF, 0xFF, 0xED, 0xAC, 0x6A, 0x25, 0x00, 0x00, 0x00, 0x00, 0x0F, 0xC0, 0xFF, 0xFF, 0xFF,
0xFF, 0xFF, 0xDA, 0x83, 0x14, 0x00, 0x00, 0x01, 0x44, 0x99, 0xE0, 0xFF, 0xFF, 0xFF, 0xFF, 0xEC,
0x2E, 0x00, 0x00, 0x00, 0x00, 0x00, 0x22, 0x61, 0xAC, 0xFA, 0xFF, 0xBF, 0x00, 0x00, 0x00, 0x00,
0x00, 0x00, 0x00, 0x00, 0x36, 0xFF, 0xF4, 0xE5, 0xFF, 0x3B, 0x00, 0x00, 0x00, 0x00, 0x00, 0x29,
0xFF, 0xE1, 0x8E, 0xFF, 0xEA, 0x63, 0x1C, 0x06, 0x14, 0x4C, 0xD7, 0xFF, 0x86, 0x0E, 0xCE, 0xFF,
0xFF, 0xFF, 0xFF, 0xFF, 0xFF, 0xFF, 0xBE, 0x08, 0x00, 0x08, 0x70, 0xC3, 0xEE, 0xFC, 0xEC, 0xBF,
0x64, 0x02, 0x00, 0x00, 0x00, 0x00, 0x5C, 0x00, 0x00, 0x00, 0x00, 0x00, 0xAE, 0xFF, 0x00, 0x00,
0x00, 0x00, 0x00, 0xFF, 0xFF, 0x00, 0x00, 0x00, 0x00, 0x00, 0xFF, 0xFF, 0x00, 0x00, 0x00, 0x00,
0x00, 0xFF, 0xFF, 0x00, 0x00, 0x00, 0xFF, 0xFF, 0xFF, 0xFF, 0xFF, 0xFF, 0xFF, 0xFF, 0xFF, 0xFF,
0xFF, 0xFF, 0xFF, 0xFF, 0x00, 0x00, 0xFF, 0xFF, 0x00, 0x00, 0x00, 0x00, 0x00, 0xFF, 0xFF, 0x00,
0x00, 0x00, 0x00, 0x00, 0xFF, 0xFF, 0x00, 0x00, 0x00, 0x00, 0x00, 0xFF, 0xFF, 0x00, 0x00, 0x00,
0x00, 0x00, 0xFF, 0xFF, 0x00, 0x00, 0x00, 0x00, 0x00, 0xFF, 0xFF, 0x00, 0x00, 0x00, 0x00, 0x00,
0xFF, 0xFF, 0x00, 0x00, 0x00, 0x00, 0x00, 0xFF, 0xFF, 0x00, 0x00, 0x00, 0x00, 0x00, 0xFD, 0xFF,
0x05, 0x00, 0x00, 0x00, 0x00, 0xED, 0xFF, 0x62, 0x05, 0x1A, 0x00, 0x00, 0xB3, 0xFF, 0xFF, 0xFF,
0xFF, 0x00, 0x00, 0x19, 0xAD, 0xEF, 0xF7, 0xDE, 0xFF, 0xFF, 0x00, 0x00, 0x00, 0x00, 0x00, 0x00,
0xFF, 0xFF, 0xFF, 0xFF, 0x00, 0x00, 0x00, 0x00, 0x00, 0x00, 0xFF, 0xFF, 0xFF, 0xFF, 0x00, 0x00,
0x00, 0x00, 0x00, 0x00, 0xFF, 0xFF, 0xFF, 0xFF, 0x00, 0x00, 0x00, 0x00, 0x00, 0x00, 0xFF, 0xFF,
0xFF, 0xFF, 0x00, 0x00, 0x00, 0x00, 0x00, 0x00, 0xFF, 0xFF, 0xFF, 0xFF, 0x00, 0x00, 0x00, 0x00,
0x00, 0x00, 0xFF, 0xFF, 0xFF, 0xFF, 0x00, 0x00, 0x00, 0x00, 0x00, 0x00, 0xFF, 0xFF, 0xFF, 0xFF,
0x00, 0x00, 0x00, 0x00, 0x00, 0x03, 0xFF, 0xFF, 0xFF, 0xFF, 0x02, 0x00, 0x00, 0x00, 0x00, 0x11,
0xFF, 0xFF, 0xF9, 0xFF, 0x10, 0x00, 0x00, 0x00, 0x00, 0x3D, 0xFF, 0xFF, 0xE1, 0xFF, 0x4E, 0x00,
0x00, 0x00, 0x00, 0xA4, 0xFF, 0xFF, 0xA0, 0xFF, 0xE3, 0x42, 0x09, 0x27, 0x9F, 0xF5, 0xFF, 0xFF,
0x27, 0xF1, 0xFF, 0xFF, 0xFF, 0xFF, 0xFD, 0x5B, 0xFF, 0xFF, 0x00, 0x28, 0xAB, 0xED, 0xF4, 0xC2,
0x44, 0x00, 0xFF, 0xFF, 0x22, 0xFD, 0xEE, 0x0C, 0x00, 0x00, 0x00, 0x00, 0x00, 0x00, 0x00, 0x0A,
0xEC, 0xFC, 0x21, 0x00, 0xAF, 0xFF, 0x6F, 0x00, 0x00, 0x00, 0x00, 0x00, 0x00, 0x00, 0x6B, 0xFF,
0xAC, 0x00, 0x00, 0x3F, 0xFF, 0xE0, 0x04, 0x00, 0x00, 0x00, 0x00, 0x00, 0x02, 0xDB, 0xFF, 0x3A,
0x00, 0x00, 0x00, 0xCE, 0xFF, 0x5A, 0x00, 0x00, 0x00, 0x00, 0x00, 0x53, 0xFF, 0xC8, 0x00, 0x00,
0x00, 0x00, 0x5E, 0xFF, 0xCF, 0x00, 0x00, 0x00, 0x00, 0x00, 0xC6, 0xFF, 0x56, 0x00, 0x00, 0x00,
0x00, 0x06, 0xE6, 0xFF, 0x45, 0x00, 0x00, 0x00, 0x3B, 0xFF, 0xE0, 0x03, 0x00, 0x00, 0x00, 0x00,
0x00, 0x7D, 0xFF, 0xBB, 0x00, 0x00, 0x00, 0xAF, 0xFF, 0x72, 0x00, 0x00, 0x00, 0x00, 0x00, 0x00,
0x14, 0xF7, 0xFF, 0x31, 0x00, 0x25, 0xFD, 0xF2, 0x0E, 0x00, 0x00, 0x00, 0x00, 0x00, 0x00, 0x00,
0x9B, 0xFF, 0x9F, 0x00, 0x94, 0xFF, 0x8E, 0x00, 0x00, 0x00, 0x00, 0x00, 0x00, 0x00, 0x00, 0x2B,
0xFF, 0xEE, 0x0A, 0xED, 0xFC, 0x20, 0x00, 0x00, 0x00, 0x00, 0x00, 0x00, 0x00, 0x00, 0x00, 0xBA,
0xFF, 0x8E, 0xFF, 0xAA, 0x00, 0x00, 0x00, 0x00, 0x00, 0x00, 0x00, 0x00, 0x00, 0x00, 0x4A, 0xFF,
0xFC, 0xFF, 0x38, 0x00, 0x00, 0x00, 0x00, 0x00, 0x00, 0x00, 0x00, 0x00, 0x00, 0x01, 0xD7, 0xFF,
0xC6, 0x00, 0x00, 0x00, 0x00, 0x00, 0x00, 0x00, 0x00, 0x00, 0x00, 0x00, 0x00, 0x68, 0xFF, 0x54,
0x00, 0x00, 0x00, 0x00, 0x00, 0x00, 0x55, 0xFF, 0xB5, 0x00, 0x00, 0x00, 0x00, 0x00, 0x00, 0x99,
0xFF, 0xC1, 0x00, 0x00, 0x00, 0x00, 0x00, 0x00, 0xBD, 0xFF, 0x52, 0x09, 0xF3, 0xF7, 0x0A, 0x00,
0x00, 0x00, 0x00, 0x00, 0xE0, 0xFF, 0xFA, 0x0C, 0x00, 0x00, 0x00, 0x00, 0x12, 0xFB, 0xF0, 0x07,
0x00, 0xA6, 0xFF, 0x4E, 0x00, 0x00, 0x00, 0x00, 0x2A, 0xFF, 0xFF, 0xFF, 0x4B, 0x00, 0x00, 0x00,
0x00, 0x5F, 0xFF, 0x9E, 0x00, 0x00, 0x4F, 0xFF, 0x9A, 0x00, 0x00, 0x00, 0x00, 0x73, 0xFF, 0xD6,
0xFF, 0x8F, 0x00, 0x00, 0x00, 0x00, 0xB0, 0xFF, 0x43, 0x00, 0x00, 0x07, 0xF0, 0xE6, 0x01, 0x00,
0x00, 0x00, 0xBB, 0xFF, 0x4E, 0xFF, 0xD4, 0x00, 0x00, 0x00, 0x0A, 0xF6, 0xE6, 0x02, 0x00, 0x00,
0x00, 0xA1, 0xFF, 0x33, 0x00, 0x00, 0x0B, 0xF8, 0xD1, 0x01, 0xEC, 0xFF, 0x19, 0x00, 0x00, 0x52,
0xFF, 0x8F, 0x00, 0x00, 0x00, 0x00, 0x4A, 0xFF, 0x7F, 0x00, 0x00, 0x4D, 0xFF, 0x84, 0x00, 0xA3,
0xFF, 0x5D, 0x00, 0x00, 0xA3, 0xFF, 0x34, 0x00, 0x00, 0x00, 0x00, 0x05, 0xED, 0xCC, 0x00, 0x00,
0x95, 0xFF, 0x37, 0x00, 0x51, 0xFF, 0xA2, 0x00, 0x05, 0xEF, 0xDA, 0x00, 0x00, 0x00, 0x00, 0x00,
0x00, 0x9B, 0xFE, 0x27, 0x00, 0xDD, 0xE8, 0x01, 0x00, 0x0A, 0xF6, 0xE5, 0x00, 0x4F, 0xFF, 0x80,
0x00, 0x00, 0x00, 0x00, 0x00, 0x00, 0x44, 0xFF, 0xA5, 0x21, 0xFF, 0x9D, 0x00, 0x00, 0x00, 0xAF,
0xFF, 0x2A, 0xD0, 0xFF, 0x26, 0x00, 0x00, 0x00, 0x00, 0x00, 0x00, 0x03, 0xE9, 0xFD, 0x8E, 0xFF,
0x50, 0x00, 0x00, 0x00, 0x5D, 0xFF, 0xBF, 0xFF, 0xCB, 0x00, 0x00, 0x00, 0x00, 0x00, 0x00, 0x00,
0x00, 0x96, 0xFF, 0xFF, 0xF8, 0x0B, 0x00, 0x00, 0x00, 0x11, 0xFA, 0xFF, 0xFF, 0x71, 0x00, 0x00,
0x00, 0x00, 0x00, 0x00, 0x00, 0x00, 0x3F, 0xFF, 0xFF, 0xB6, 0x00, 0x00, 0x00, 0x00, 0x00, 0xBA,
0xFF, 0xFD, 0x19, 0x00, 0x00, 0x00, 0x00, 0x00, 0x00, 0x00, 0x00, 0x02, 0xE5, 0xFF, 0x6A, 0x00,
0x00, 0x00, 0x00, 0x00, 0x69, 0xFF, 0xBD, 0x00, 0x00, 0x00, 0x00, 0x00, 0xA7, 0xFF, 0xE4, 0x0C,
0x00, 0x00, 0x00, 0x00, 0x06, 0xDF, 0xFF, 0xDC, 0x0C, 0x11, 0xE3, 0xFF, 0x8A, 0x00, 0x00, 0x00,
0x00, 0x70, 0xFF, 0xFB, 0x36, 0x00, 0x00, 0x44, 0xFE, 0xFA, 0x28, 0x00, 0x00, 0x0F, 0xEC, 0xFF,
0x7A, 0x00, 0x00, 0x00, 0x00, 0x91, 0xFF, 0xBC, 0x00, 0x00, 0x88, 0xFF, 0xC1, 0x02, 0x00, 0x00,
0x00, 0x00, 0x08, 0xD6, 0xFF, 0x63, 0x39, 0xFC, 0xEF, 0x1E, 0x00, 0x00, 0x00, 0x00, 0x00, 0x00,
0x32, 0xFA, 0xF3, 0xE1, 0xFF, 0x57, 0x00, 0x00, 0x00, 0x00, 0x00, 0x00, 0x00, 0x00, 0x7A, 0xFF,
0xFF, 0xA0, 0x00, 0x00, 0x00, 0x00, 0x00, 0x00, 0x00, 0x00, 0x00, 0x5C, 0xFF, 0xFF, 0x7D, 0x00,
0x00, 0x00, 0x00, 0x00, 0x00, 0x00, 0x00, 0x20, 0xF0, 0xFC, 0xF4, 0xFA, 0x32, 0x00, 0x00, 0x00,
0x00, 0x00, 0x00, 0x03, 0xC4, 0xFF, 0x8B, 0x61, 0xFF, 0xD6, 0x08, 0x00, 0x00, 0x00, 0x00, 0x00,
0x7F, 0xFF, 0xDC, 0x0A, 0x00, 0xBB, 0xFF, 0x91, 0x00, 0x00, 0x00, 0x00, 0x3A, 0xFC, 0xFF, 0x42,
0x00, 0x00, 0x28, 0xFA, 0xFE, 0x44, 0x00, 0x00, 0x0E, 0xDE, 0xFF, 0x9B, 0x00, 0x00, 0x00, 0x00,
0x8A, 0xFF, 0xE3, 0x11, 0x00, 0xA4, 0xFF, 0xE6, 0x10, 0x00, 0x00, 0x00, 0x00, 0x0C, 0xE4, 0xFF,
0xA7, 0x00, 0xDB, 0xFF, 0x31, 0x00, 0x00, 0x00, 0x00, 0x00, 0x15, 0xFA, 0xE4, 0x02, 0x90, 0xFF,
0x74, 0x00, 0x00, 0x00, 0x00, 0x00, 0x6F, 0xFF, 0x8A, 0x00, 0x46, 0xFF, 0xB7, 0x00, 0x00, 0x00,
0x00, 0x00, 0xCE, 0xFF, 0x2F, 0x00, 0x07, 0xF4, 0xF4, 0x06, 0x00, 0x00, 0x00, 0x2D, 0xFF, 0xD4,
0x00, 0x00, 0x00, 0xB0, 0xFF, 0x3E, 0x00, 0x00, 0x00, 0x8D, 0xFF, 0x78, 0x00, 0x00, 0x00, 0x66,
0xFF, 0x81, 0x00, 0x00, 0x04, 0xE8, 0xFE, 0x1E, 0x00, 0x00, 0x00, 0x1C, 0xFF, 0xC4, 0x00, 0x00,
0x4B, 0xFF, 0xC1, 0x00, 0x00, 0x00, 0x00, 0x00, 0xD0, 0xFB, 0x0E, 0x00, 0xAB, 0xFF, 0x66, 0x00,
0x00, 0x00, 0x00, 0x00, 0x86, 0xFF, 0x67, 0x0F, 0xF8, 0xF9, 0x11, 0x00, 0x00, 0x00, 0x00, 0x00,
0x3B, 0xFF, 0xC5, 0x63, 0xFF, 0xAF, 0x00, 0x00, 0x00, 0x00, 0x00, 0x00, 0x03, 0xED, 0xFC, 0xCC,
0xFF, 0x54, 0x00, 0x00, 0x00, 0x00, 0x00, 0x00, 0x00, 0xA6, 0xFF, 0xFF, 0xF0, 0x08, 0x00, 0x00,
0x00, 0x00, 0x00, 0x00, 0x00, 0x5B, 0xFF, 0xFF, 0x9D, 0x00, 0x00, 0x00, 0x00, 0x00, 0x00, 0x00,
0x00, 0x16, 0xFF, 0xFF, 0x42, 0x00, 0x00, 0x00, 0x00, 0x00, 0x00, 0x00, 0x00, 0x32, 0xFF, 0xE8,
0x02, 0x00, 0x00, 0x00, 0x00, 0x00, 0x00, 0x00, 0x00, 0x79, 0xFF, 0x91, 0x00, 0x00, 0x00, 0x00,
0x00, 0x00, 0x00, 0x18, 0x2D, 0xE8, 0xFF, 0x2F, 0x00, 0x00, 0x00, 0x00, 0x00, 0x00, 0x00, 0xFF,
0xFF, 0xFF, 0xA7, 0x00, 0x00, 0x00, 0x00, 0x00, 0x00, 0x00, 0x00, 0xDA, 0xF4, 0xA9, 0x0C, 0x00,
0x00, 0x00, 0x00, 0x00, 0x00, 0x00, 0x00, 0xFF, 0xFF, 0xFF, 0xFF, 0xFF, 0xFF, 0xFF, 0xFF, 0xFF,
0xFF, 0xFF, 0x12, 0x00, 0xFF, 0xFF, 0xFF, 0xFF, 0xFF, 0xFF, 0xFF, 0xFF, 0xFF, 0xFF, 0xFF, 0x2C,
0x00, 0x00, 0x00, 0x00, 0x00, 0x00, 0x00, 0x00, 0x38, 0xF5, 0xFF, 0x7E, 0x00, 0x00, 0x00, 0x00,
0x00, 0x00, 0x00, 0x00, 0x2B, 0xED, 0xFF, 0x8B, 0x00, 0x00, 0x00, 0x00, 0x00, 0x00, 0x00, 0x00,
0x1F, 0xE4, 0xFF, 0x98, 0x00, 0x00, 0x00, 0x00, 0x00, 0x00, 0x00, 0x00, 0x15, 0xD9, 0xFF, 0xA4,
0x02, 0x00, 0x00, 0x00, 0x00, 0x00, 0x00, 0x00, 0x0D, 0xCC, 0xFF, 0xAF, 0x04, 0x00, 0x00, 0x00,
0x00, 0x00, 0x00, 0x00, 0x07, 0xBD, 0xFF, 0xB9, 0x07, 0x00, 0x00, 0x00, 0x00, 0x00, 0x00, 0x00,
0x02, 0xAC, 0xFF, 0xC3, 0x0A, 0x00, 0x00, 0x00, 0x00, 0x00, 0x00, 0x00, 0x00, 0x9A, 0xFF, 0xCC,
0x0E, 0x00, 0x00, 0x00, 0x00, 0x00, 0x00, 0x00, 0x00, 0x86, 0xFF, 0xD7, 0x14, 0x00, 0x00, 0x00,
0x00, 0x00, 0x00, 0x00, 0x00, 0x70, 0xFF, 0xE3, 0x1D, 0x00, 0x00, 0x00, 0x00, 0x00, 0x00, 0x00,
0x00, 0x00, 0xFE, 0xFF, 0xFF, 0xFF, 0xFF, 0xFF, 0xFF, 0xFF, 0xFF, 0xFF, 0xFF, 0xFF, 0x00, 0xFF,
0xFF, 0xFF, 0xFF, 0xFF, 0xFF, 0xFF, 0xFF, 0xFF, 0xFF, 0xFF, 0xFF, 0x00, 0x00, 0x00, 0x00, 0x00,
0x65, 0xD5, 0xF9, 0xFF, 0x00, 0x00, 0x00, 0x60, 0xFF, 0xFF, 0xFF, 0xFF, 0x00, 0x00, 0x00, 0xCF,
0xFF, 0x91, 0x17, 0x01, 0x00, 0x00, 0x00, 0xFB, 0xFF, 0x16, 0x00, 0x00, 0x00, 0x00, 0x00, 0xFF,
0xFF, 0x01, 0x00, 0x00, 0x00, 0x00, 0x00, 0xFF, 0xFE, 0x00, 0x00, 0x00, 0x00, 0x00, 0x01, 0xFF,
0xFA, 0x00, 0x00, 0x00, 0x00, 0x00, 0x08, 0xFF, 0xF2, 0x00, 0x00, 0x00, 0x00, 0x00, 0x20, 0xFF,
0xDE, 0x00, 0x00, 0x00, 0x00, 0x00, 0x69, 0xFF, 0xA5, 0x00, 0x00, 0x00, 0x12, 0x5F, 0xF3, 0xFC,
0x37, 0x00, 0x00, 0x00, 0xFF, 0xFF, 0xE7, 0x4E, 0x00, 0x00, 0x00, 0x00, 0xFF, 0xFF, 0xE6, 0x4D,
0x00, 0x00, 0x00, 0x00, 0x13, 0x62, 0xF5, 0xF9, 0x35, 0x00, 0x00, 0x00, 0x00, 0x00, 0x6B, 0xFF,
0xA7, 0x00, 0x00, 0x00, 0x00, 0x00, 0x21, 0xFF, 0xDD, 0x00, 0x00, 0x00, 0x00, 0x00, 0x09, 0xFF,
0xF5, 0x00, 0x00, 0x00, 0x00, 0x00, 0x02, 0xFF, 0xFE, 0x00, 0x00, 0x00, 0x00, 0x00, 0x00, 0xFF,
0xFF, 0x00, 0x00, 0x00, 0x00, 0x00, 0x00, 0xF9, 0xFF, 0x00, 0x00, 0x00, 0x00, 0x00, 0x00, 0xEA,
0xFF, 0x0A, 0x00, 0x00, 0x00, 0x00, 0x00, 0xBE, 0xFF, 0x88, 0x15, 0x02, 0x00, 0x00, 0x00, 0x52,
0xFF, 0xFF, 0xFF, 0xFF, 0x00, 0x00, 0x00, 0x00, 0x59, 0xD1, 0xF7, 0xFF, 0xFF, 0xFF, 0xFF, 0xFF,
0xFF, 0xFF, 0xFF, 0xFF, 0xFF, 0xFF, 0xFF, 0xFF, 0xFF, 0xFF, 0xFF, 0xFF, 0xFF, 0xFF, 0xFF, 0xFF,
0xFF, 0xFF, 0xFF, 0xFF, 0xFF, 0xFF, 0xFF, 0xFF, 0xFF, 0xFF, 0xFF, 0xFF, 0xFF, 0xFF, 0xFF, 0xFF,
0xFF, 0xFF, 0xFF, 0xFF, 0xFF, 0xFF, 0xFF, 0xFF, 0xFF, 0xFF, 0xFF, 0xFF, 0xFF, 0xF7, 0xD0, 0x5A,
0x00, 0x00, 0x00, 0x00, 0xFF, 0xFF, 0xFF, 0xFF, 0x52, 0x00, 0x00, 0x00, 0x02, 0x16, 0x86, 0xFF,
0xBE, 0x00, 0x00, 0x00, 0x00, 0x00, 0x09, 0xFF, 0xE8, 0x00, 0x00, 0x00, 0x00, 0x00, 0x00, 0xFF,
0xF8, 0x00, 0x00, 0x00, 0x00, 0x00, 0x00, 0xFF, 0xFE, 0x00, 0x00, 0x00, 0x00, 0x00, 0x00, 0xFE,
0xFF, 0x00, 0x00, 0x00, 0x00, 0x00, 0x00, 0xF6, 0xFF, 0x09, 0x00, 0x00, 0x00, 0x00, 0x00, 0xDE,
0xFF, 0x20, 0x00, 0x00, 0x00, 0x00, 0x00, 0xA9, 0xFF, 0x69, 0x00, 0x00, 0x00, 0x00, 0x00, 0x33,
0xF9, 0xF4, 0x62, 0x12, 0x00, 0x00, 0x00, 0x00, 0x47, 0xE5, 0xFF, 0xFF, 0x00, 0x00, 0x00, 0x00,
0x5B, 0xE9, 0xFF, 0xFF, 0x00, 0x00, 0x00, 0x49, 0xFE, 0xF4, 0x62, 0x12, 0x00, 0x00, 0x00, 0xBF,
0xFF, 0x6B, 0x00, 0x00, 0x00, 0x00, 0x00, 0xF8, 0xFF, 0x1F, 0x00, 0x00, 0x00, 0x00, 0x00, 0xFF,
0xFF, 0x08, 0x00, 0x00, 0x00, 0x00, 0x00, 0xFF, 0xFF, 0x00, 0x00, 0x00, 0x00, 0x00, 0x00, 0xFF,
0xFF, 0x00, 0x00, 0x00, 0x00, 0x00, 0x01, 0xFF, 0xFF, 0x00, 0x00, 0x00, 0x00, 0x00, 0x16, 0xFF,
0xFB, 0x00, 0x00, 0x00, 0x01, 0x16, 0x91, 0xFF, 0xCD, 0x00, 0x00, 0x00, 0xFF, 0xFF, 0xFF, 0xFF,
0x55, 0x00, 0x00, 0x00, 0xFF, 0xF8, 0xD2, 0x60, 0x00, 0x00, 0x00, 0x00, 0x01, 0x6C, 0xD7, 0xF8,
0xE0, 0x97, 0x2F, 0x00, 0x00, 0x00, 0x00, 0x00, 0x79, 0x95, 0xFF, 0xFF, 0xFF, 0xFF, 0xFF, 0xFF,
0xB5, 0x43, 0x0B, 0x29, 0xA5, 0xFF, 0xFF, 0xA0, 0x25, 0x0C, 0x3F, 0xA8, 0xFC, 0xFF, 0xFF, 0xFF,
0xFF, 0xFF, 0x8B, 0x7D, 0x00, 0x00, 0x00, 0x00, 0x00, 0x24, 0x96, 0xDD, 0xF8, 0xD7, 0x65, 0x00,
0x00, 0x0E, 0x4E, 0x6F, 0x74, 0x6F, 0x5F, 0x53, 0x61, 0x6E, 0x73, 0x5F, 0x42, 0x6F, 0x6C, 0x64,
0x00, 0x0C, 0x44, 0x69, 0x61, 0x6C, 0x6F, 0x67, 0x2E, 0x70, 0x6C, 0x61, 0x69, 0x6E, 0x01, 
};
